INSERT INTO icons VALUES ('6ada06f7-c563-4f59-9630-2bd5b1abfa69', 'img/fish.png', 'fish');
INSERT INTO icons VALUES ('d59882d7-466f-49b3-b626-fe5ed8acec33', 'img/treasure.png', 'treasure');
INSERT INTO icons VALUES ('e13ef2ef-602d-4efc-bc54-3124f1ff8074', 'img/town.png', 'town');
INSERT INTO icons VALUES ('171da293-48e1-4793-bb98-4cfd261dbee8', 'img/horse.png', 'horse');
INSERT INTO icons VALUES ('745b5e7d-9af3-475d-818a-f7913508e333', 'img/boss.png', 'boss');
INSERT INTO icons VALUES ('48d93986-a587-4234-bce5-3aa54c2b05a8', 'img/misc.png', 'misc');
INSERT INTO entityTypes VALUES ('dbd97f99-f926-4d9e-ab90-c1c29e266bf0', NULL, 'Towns', TRUE);
INSERT INTO images VALUES ('417ef255-5a09-46cd-9ea8-173debd468a8', NULL, 'dbd97f99-f926-4d9e-ab90-c1c29e266bf0', 'undefined');
INSERT INTO entities VALUES ('9fafc677-51e3-4f09-be46-8d6dd41b0956', 'Altinova');
INSERT INTO entityEntityTypeXrefs VALUES ('3dcf82af-a5fc-47ce-8d50-906309572b60', '9fafc677-51e3-4f09-be46-8d6dd41b0956', 'dbd97f99-f926-4d9e-ab90-c1c29e266bf0');
INSERT INTO markers VALUES ('0c37256a-fab1-4c34-a01c-010e56671f9a', '9fafc677-51e3-4f09-be46-8d6dd41b0956', -79.28631, -5.47119, 'e13ef2ef-602d-4efc-bc54-3124f1ff8074');
INSERT INTO entities VALUES ('8ef73db2-84c0-47e5-b43a-e0f0d831fba8', 'Behr');
INSERT INTO entityEntityTypeXrefs VALUES ('1203e40f-fc34-4ec5-8f43-8ae0c9c44a1a', '8ef73db2-84c0-47e5-b43a-e0f0d831fba8', 'dbd97f99-f926-4d9e-ab90-c1c29e266bf0');
INSERT INTO markers VALUES ('c1baa87f-b333-4388-9875-4d8fb819eb7c', '8ef73db2-84c0-47e5-b43a-e0f0d831fba8', -83.64297, -129.1333, 'e13ef2ef-602d-4efc-bc54-3124f1ff8074');
INSERT INTO entities VALUES ('14349083-f7a9-430a-9382-5af0aa73ac95', 'Calpheon');
INSERT INTO entityEntityTypeXrefs VALUES ('dbdd2df0-6952-4558-a5c2-ca68a9205d7c', '14349083-f7a9-430a-9382-5af0aa73ac95', 'dbd97f99-f926-4d9e-ab90-c1c29e266bf0');
INSERT INTO markers VALUES ('0da7d563-930a-4b34-a759-70052ce032b5', '14349083-f7a9-430a-9382-5af0aa73ac95', -78.55613, -122.7832, 'e13ef2ef-602d-4efc-bc54-3124f1ff8074');
INSERT INTO entities VALUES ('1f50cc1f-5e97-4794-bcee-01b03c64e3a1', 'Epheria Port');
INSERT INTO entityEntityTypeXrefs VALUES ('384ef9f7-7ca1-41f8-b44f-e85761eb336f', '1f50cc1f-5e97-4794-bcee-01b03c64e3a1', 'dbd97f99-f926-4d9e-ab90-c1c29e266bf0');
INSERT INTO markers VALUES ('5f2c3685-4330-4e2c-b176-42ba87b67dc1', '1f50cc1f-5e97-4794-bcee-01b03c64e3a1', -74.67164, -143.04199, 'e13ef2ef-602d-4efc-bc54-3124f1ff8074');
INSERT INTO entities VALUES ('f809e973-bb2f-40d8-9913-c7da75da52eb', 'Florin');
INSERT INTO entityEntityTypeXrefs VALUES ('002d5eab-93a8-410a-b518-cf40744e367e', 'f809e973-bb2f-40d8-9913-c7da75da52eb', 'dbd97f99-f926-4d9e-ab90-c1c29e266bf0');
INSERT INTO markers VALUES ('85e05848-41f0-4217-abb1-5d501fbb5aa7', 'f809e973-bb2f-40d8-9913-c7da75da52eb', -73.65254, -108.63281, 'e13ef2ef-602d-4efc-bc54-3124f1ff8074');
INSERT INTO entities VALUES ('e28c6f0c-c57b-437a-829e-84c3978153a2', 'Glish');
INSERT INTO entityEntityTypeXrefs VALUES ('10fac418-7f4b-4c7c-a1b5-f6a8d380e2c7', 'e28c6f0c-c57b-437a-829e-84c3978153a2', 'dbd97f99-f926-4d9e-ab90-c1c29e266bf0');
INSERT INTO markers VALUES ('f41f4cc3-716e-4587-b9f6-9ebbad6ce811', 'e28c6f0c-c57b-437a-829e-84c3978153a2', -80.8204, -78.39844, 'e13ef2ef-602d-4efc-bc54-3124f1ff8074');
INSERT INTO entities VALUES ('3807a4d7-12bf-4660-b7b4-8bab6f89d5d4', 'Heidel');
INSERT INTO entityEntityTypeXrefs VALUES ('4224eb3a-6b27-495b-9f0d-1364587f14eb', '3807a4d7-12bf-4660-b7b4-8bab6f89d5d4', 'dbd97f99-f926-4d9e-ab90-c1c29e266bf0');
INSERT INTO markers VALUES ('85555ec4-99ef-4f7a-96b3-9491b64523ed', '3807a4d7-12bf-4660-b7b4-8bab6f89d5d4', -77.81405, -64.95117, 'e13ef2ef-602d-4efc-bc54-3124f1ff8074');
INSERT INTO entities VALUES ('63d29747-796e-4890-b892-5f457b6d9bda', 'Iliya');
INSERT INTO entityEntityTypeXrefs VALUES ('c2285141-d605-4626-a7c7-96ccddac3293', '63d29747-796e-4890-b892-5f457b6d9bda', 'dbd97f99-f926-4d9e-ab90-c1c29e266bf0');
INSERT INTO markers VALUES ('9fdc6156-3cca-4e34-8228-e924f0694e4e', '63d29747-796e-4890-b892-5f457b6d9bda', -54.23955, -44.47266, 'e13ef2ef-602d-4efc-bc54-3124f1ff8074');
INSERT INTO entities VALUES ('32aa52ed-0ffd-46bb-8044-b6aee9183014', 'Kelphan');
INSERT INTO entityEntityTypeXrefs VALUES ('a09a9a8a-5520-4de2-97eb-b653169e4c62', '32aa52ed-0ffd-46bb-8044-b6aee9183014', 'dbd97f99-f926-4d9e-ab90-c1c29e266bf0');
INSERT INTO markers VALUES ('1213901e-7e6a-4dc8-ad4f-29cf55746a08', '32aa52ed-0ffd-46bb-8044-b6aee9183014', -81.68514, -104.96338, 'e13ef2ef-602d-4efc-bc54-3124f1ff8074');
INSERT INTO entities VALUES ('05b130e2-fba2-448c-8f22-2063b75ecf2a', 'Northern Wheat Plantation');
INSERT INTO entityEntityTypeXrefs VALUES ('c7cef0c4-68f7-49c4-9aba-b72bcf35b2b9', '05b130e2-fba2-448c-8f22-2063b75ecf2a', 'dbd97f99-f926-4d9e-ab90-c1c29e266bf0');
INSERT INTO markers VALUES ('5d2b72ec-9a94-41c7-ba71-6e4c7232fffe', '05b130e2-fba2-448c-8f22-2063b75ecf2a', -76.62398, -115.90576, 'e13ef2ef-602d-4efc-bc54-3124f1ff8074');
INSERT INTO entities VALUES ('52aad239-cac4-4b3a-8fd7-6cd4ef385bb4', 'Olvia');
INSERT INTO entityEntityTypeXrefs VALUES ('44fa8d51-1525-4dac-9870-5df27dfbee97', '52aad239-cac4-4b3a-8fd7-6cd4ef385bb4', 'dbd97f99-f926-4d9e-ab90-c1c29e266bf0');
INSERT INTO markers VALUES ('f6b291c4-25a9-4beb-a8e6-f85ba9b3a540', '52aad239-cac4-4b3a-8fd7-6cd4ef385bb4', -69.51915, -102.83203, 'e13ef2ef-602d-4efc-bc54-3124f1ff8074');
INSERT INTO entities VALUES ('9d1dd4b7-b54f-4d88-a47f-a05ac1a1d845', 'Tarif');
INSERT INTO entityEntityTypeXrefs VALUES ('5d2662ae-69ed-4ede-9e2d-3c11ccdc1c9f', '9d1dd4b7-b54f-4d88-a47f-a05ac1a1d845', 'dbd97f99-f926-4d9e-ab90-c1c29e266bf0');
INSERT INTO markers VALUES ('6721b988-06e7-4623-b56c-a8e69f6aa8a3', '9d1dd4b7-b54f-4d88-a47f-a05ac1a1d845', -79.43237, -31.72852, 'e13ef2ef-602d-4efc-bc54-3124f1ff8074');
INSERT INTO entities VALUES ('e4246cc0-3f4d-4ccd-b946-37713f5c7227', 'Trent');
INSERT INTO entityEntityTypeXrefs VALUES ('22e1a66b-8422-4335-8df9-d737037337bd', 'e4246cc0-3f4d-4ccd-b946-37713f5c7227', 'dbd97f99-f926-4d9e-ab90-c1c29e266bf0');
INSERT INTO markers VALUES ('53329ffc-2ca6-497e-92fc-ee7233691e3c', 'e4246cc0-3f4d-4ccd-b946-37713f5c7227', -82.41983, -145.72266, 'e13ef2ef-602d-4efc-bc54-3124f1ff8074');
INSERT INTO entities VALUES ('deee6766-67c2-425d-aa5d-1b2d8871c238', 'Velia');
INSERT INTO entityEntityTypeXrefs VALUES ('eafd1184-8d02-4f8e-a010-dd2488f8e380', 'deee6766-67c2-425d-aa5d-1b2d8871c238', 'dbd97f99-f926-4d9e-ab90-c1c29e266bf0');
INSERT INTO markers VALUES ('f5e74e99-539c-4934-beb5-88dbe3eb4733', 'deee6766-67c2-425d-aa5d-1b2d8871c238', -72.28907, -72.09229, 'e13ef2ef-602d-4efc-bc54-3124f1ff8074');
INSERT INTO entities VALUES ('9b78e992-0151-4062-9629-3e1a2f52a097', 'Western Guard Camp');
INSERT INTO entityEntityTypeXrefs VALUES ('605c782a-7841-413b-81f9-93b692b27f9d', '9b78e992-0151-4062-9629-3e1a2f52a097', 'dbd97f99-f926-4d9e-ab90-c1c29e266bf0');
INSERT INTO markers VALUES ('43d7ba6b-a768-4e53-98cc-a1f7e0b44efa', '9b78e992-0151-4062-9629-3e1a2f52a097', -74.30735, -86.96777, 'e13ef2ef-602d-4efc-bc54-3124f1ff8074');
INSERT INTO entityTypes VALUES ('aca122ab-1c25-42db-afdd-8e7ef4d3c152', NULL, 'Fishing', TRUE);
INSERT INTO images VALUES ('dc949421-eb88-46a5-962b-12055e416289', NULL, 'aca122ab-1c25-42db-afdd-8e7ef4d3c152', 'undefined');
INSERT INTO entities VALUES ('23409901-a171-409d-85dc-c1f24f2fdb5e', 'Thermian 1');
INSERT INTO entityEntityTypeXrefs VALUES ('29a8b815-73e6-4af0-b671-08705d7f4211', '23409901-a171-409d-85dc-c1f24f2fdb5e', 'aca122ab-1c25-42db-afdd-8e7ef4d3c152');
INSERT INTO markers VALUES ('782c9236-d15a-4e6c-9c9d-30b6cc238ca4', '23409901-a171-409d-85dc-c1f24f2fdb5e', -65.80278, -110.61035, '6ada06f7-c563-4f59-9630-2bd5b1abfa69');
INSERT INTO images VALUES('3cbd9911-b6cf-45a9-8f5c-19a76662efc0', '23409901-a171-409d-85dc-c1f24f2fdb5e', NULL, 'http://i.imgur.com/sZmUPDa.jpg');
INSERT INTO notes VALUES('6a2aa2ca-4dca-4e4c-911a-5a3eb62f4cc4', '23409901-a171-409d-85dc-c1f24f2fdb5e', 'On the beach, hard to miss.', 1);
INSERT INTO entities VALUES ('46162d65-ef08-4f2c-b27a-e967793c5ea6', 'Altinova 1');
INSERT INTO entityEntityTypeXrefs VALUES ('c10411c3-0510-499a-9f07-e27e8e6ff75c', '46162d65-ef08-4f2c-b27a-e967793c5ea6', 'aca122ab-1c25-42db-afdd-8e7ef4d3c152');
INSERT INTO markers VALUES ('6c71d79f-2401-4866-8671-9e9123cd3fb2', '46162d65-ef08-4f2c-b27a-e967793c5ea6', -76.92061, -3.09814, '6ada06f7-c563-4f59-9630-2bd5b1abfa69');
INSERT INTO entities VALUES ('038e989a-b908-4c5b-8c39-16fff5253b46', 'ElectroShock''s Magical Fishing Spot');
INSERT INTO entityEntityTypeXrefs VALUES ('abcb20b6-4e3e-4da0-8f00-fafa322e30b4', '038e989a-b908-4c5b-8c39-16fff5253b46', 'aca122ab-1c25-42db-afdd-8e7ef4d3c152');
INSERT INTO markers VALUES ('597254f1-a609-46de-98e3-7849ffba27f1', '038e989a-b908-4c5b-8c39-16fff5253b46', -69.8168911, -149.0185547, '6ada06f7-c563-4f59-9630-2bd5b1abfa69');
INSERT INTO notes VALUES('ddd7c60f-265b-4d42-94b5-ac6b57aee2fd', '038e989a-b908-4c5b-8c39-16fff5253b46', 'Right off the beach.', 1);
INSERT INTO entities VALUES ('9e6e9966-4db2-43d6-bd5f-1e05179d9d69', 'Velia 1');
INSERT INTO entityEntityTypeXrefs VALUES ('45683c8d-f253-46ad-b6a5-55e2a47a59ca', '9e6e9966-4db2-43d6-bd5f-1e05179d9d69', 'aca122ab-1c25-42db-afdd-8e7ef4d3c152');
INSERT INTO markers VALUES ('8cbec0d7-5a41-479f-a4e1-8a9b3a05f16b', '9e6e9966-4db2-43d6-bd5f-1e05179d9d69', -71.08118191, -78.55224609, '6ada06f7-c563-4f59-9630-2bd5b1abfa69');
INSERT INTO images VALUES('49786bdb-40d6-4cac-928b-3ee9e3ca98e7', '9e6e9966-4db2-43d6-bd5f-1e05179d9d69', NULL, 'http://i.imgur.com/kXYv1Bl.jpg');
INSERT INTO notes VALUES('0e939228-579e-41e6-b8a7-48a6ae446d84', '9e6e9966-4db2-43d6-bd5f-1e05179d9d69', 'Very busy spot.', 1);
INSERT INTO entityTypes VALUES ('a832deab-de85-499d-afd9-e54b5d64e2d0', NULL, 'Horse Spawns', TRUE);
INSERT INTO entities VALUES ('395fcbb8-791f-4b25-b149-03ea869bd069', 'Calpheon Shrine Spawn');
INSERT INTO entityEntityTypeXrefs VALUES ('90c3da9b-b47e-4d09-9b9b-54bf078d4073', '395fcbb8-791f-4b25-b149-03ea869bd069', 'a832deab-de85-499d-afd9-e54b5d64e2d0');
INSERT INTO polygons VALUES ('947f5db0-33b3-471a-afc7-583220a796b4', '395fcbb8-791f-4b25-b149-03ea869bd069', '[[-81.50529869762794, -150.1611328125],[-82.37331716529225, -155.3466796875],[-82.48908147830929, -157.8955078125],[-81.4597372638345, -152.7099609375],[-81.49230582149612, -152.40234375]]', 'orange', 'orange');
INSERT INTO entities VALUES ('b212e1f2-5496-40c9-9fa3-d9a5d5720768', 'Epheria Spawn');
INSERT INTO entityEntityTypeXrefs VALUES ('5eb8ae2d-efa5-4be1-8604-a9c3b9b6192a', 'b212e1f2-5496-40c9-9fa3-d9a5d5720768', 'a832deab-de85-499d-afd9-e54b5d64e2d0');
INSERT INTO polygons VALUES ('2edb518e-3acc-4e44-a262-592d89199073', 'b212e1f2-5496-40c9-9fa3-d9a5d5720768', '[[-75.21946035674114, -142.60253906249997],[-75.32559250700751, -144.05273437499997],[-75.52464464250062, -144.755859375],[-76.52706134250077, -143.76708984375],[-76.5116947790196, -140.86669921875],[-75.39223893869115, -141.6796875]]', 'orange', 'orange');
INSERT INTO entities VALUES ('33b0b6e3-6cce-412c-b5fc-f5183b1d3028', 'Unsure of Area Name');
INSERT INTO entityEntityTypeXrefs VALUES ('c0bbf400-4e64-4c2f-b54b-6290b7d72311', '33b0b6e3-6cce-412c-b5fc-f5183b1d3028', 'a832deab-de85-499d-afd9-e54b5d64e2d0');
INSERT INTO polygons VALUES ('71012bec-2c01-4745-8208-42706be206c9', '33b0b6e3-6cce-412c-b5fc-f5183b1d3028', '[[-73.76963963687173, -127.88085937499999],[-73.04182867723632, -128.6279296875],[-73.1121838735694, -129.6826171875],[-73.65872816203942, -129.3310546875]]', 'orange', 'orange');
INSERT INTO entities VALUES ('6586b34c-eb30-46e1-b7b9-45292f64c106', 'Florin Spawn West');
INSERT INTO entityEntityTypeXrefs VALUES ('84149163-1a8a-4182-a5b1-10fbc50cdfdc', '6586b34c-eb30-46e1-b7b9-45292f64c106', 'a832deab-de85-499d-afd9-e54b5d64e2d0');
INSERT INTO polygons VALUES ('fd07d359-2984-431e-8ca1-21edf20771d8', '6586b34c-eb30-46e1-b7b9-45292f64c106', '[[-72.99690914812648, -111.8408203125],[-73.03541866058295, -112.74169921875],[-73.29630993228643, -113.115234375],[-73.38449896285545, -111.95068359374999]]', 'orange', 'orange');
INSERT INTO entityTypes VALUES ('3294af09-0350-41ee-88b2-119f3860658a', NULL, 'Treasure Chests', TRUE);
INSERT INTO images VALUES ('dbbf0a04-7b09-4b77-91e0-6d28d520f9e2', NULL, '3294af09-0350-41ee-88b2-119f3860658a', 'undefined');
INSERT INTO entities VALUES ('62a65408-823b-4726-b144-a95ab3383309', 'Bloody Monastery Chest 1');
INSERT INTO entityEntityTypeXrefs VALUES ('3f86c788-9a91-4cef-b7b9-ca1e2858ce8e', '62a65408-823b-4726-b144-a95ab3383309', '3294af09-0350-41ee-88b2-119f3860658a');
INSERT INTO markers VALUES ('62bc8a60-357b-4050-bedc-96f4a206aebe', '62a65408-823b-4726-b144-a95ab3383309', -82.14545465, -80.39794922, 'd59882d7-466f-49b3-b626-fe5ed8acec33');
INSERT INTO notes VALUES('1fd39a2e-1e36-4afb-b882-58690104ad82', '62a65408-823b-4726-b144-a95ab3383309', 'Inside the building on the floor across from the cages.', 1);
INSERT INTO entities VALUES ('27ed0f79-4094-4f6b-9764-a56e920473db', 'Calpheon Chest 1');
INSERT INTO entityEntityTypeXrefs VALUES ('724d781d-b4e4-4691-be3a-53f230a441f2', '27ed0f79-4094-4f6b-9764-a56e920473db', '3294af09-0350-41ee-88b2-119f3860658a');
INSERT INTO markers VALUES ('91338b22-84f4-4971-ae9d-aa082ec1b22d', '27ed0f79-4094-4f6b-9764-a56e920473db', -77.33180919, -129.2431641, 'd59882d7-466f-49b3-b626-fe5ed8acec33');
INSERT INTO notes VALUES('15a82949-4eeb-41b2-8a2c-55adcef987ef', '27ed0f79-4094-4f6b-9764-a56e920473db', 'In the tent.', 1);
INSERT INTO entities VALUES ('b1ac0355-aac3-46a3-813d-c4e851949e06', 'Calpheon Chest 2');
INSERT INTO entityEntityTypeXrefs VALUES ('d4c11e80-a0ee-451f-89b2-b331e3af7cc1', 'b1ac0355-aac3-46a3-813d-c4e851949e06', '3294af09-0350-41ee-88b2-119f3860658a');
INSERT INTO markers VALUES ('d3f9f658-6a5f-4b6a-ad66-b0d48373acc8', 'b1ac0355-aac3-46a3-813d-c4e851949e06', -77.00487699, -126.6943359, 'd59882d7-466f-49b3-b626-fe5ed8acec33');
INSERT INTO notes VALUES('366c2915-81c0-4601-afe6-36658bf40a6e', 'b1ac0355-aac3-46a3-813d-c4e851949e06', 'In the tent.', 1);
INSERT INTO entities VALUES ('8ab25c08-42b9-49ce-a953-e34ef3cc78ae', 'Calpheon Chest 3');
INSERT INTO entityEntityTypeXrefs VALUES ('b3551be3-00f0-43b8-8d90-afae7b9dd2fb', '8ab25c08-42b9-49ce-a953-e34ef3cc78ae', '3294af09-0350-41ee-88b2-119f3860658a');
INSERT INTO markers VALUES ('83cd8f3d-427b-48e0-972a-a711d03883dd', '8ab25c08-42b9-49ce-a953-e34ef3cc78ae', -76.8258013, -127.265625, 'd59882d7-466f-49b3-b626-fe5ed8acec33');
INSERT INTO notes VALUES('bb010e79-c395-4ead-b6b0-bbbe0d9c05a4', '8ab25c08-42b9-49ce-a953-e34ef3cc78ae', 'Right between the tent and the wagon.', 1);
INSERT INTO entities VALUES ('d3916bda-4202-4ed3-9623-3c52a1a7f460', 'Calpheon Chest 4');
INSERT INTO entityEntityTypeXrefs VALUES ('3cfeeb84-543a-4d6e-8077-7b7fa0c5eb07', 'd3916bda-4202-4ed3-9623-3c52a1a7f460', '3294af09-0350-41ee-88b2-119f3860658a');
INSERT INTO markers VALUES ('60e790c7-855a-428d-bac3-be771652b16e', 'd3916bda-4202-4ed3-9623-3c52a1a7f460', -75.74271514, -128.6499023, 'd59882d7-466f-49b3-b626-fe5ed8acec33');
INSERT INTO notes VALUES('c2b08479-f3d4-4c50-bca5-f9bb1f0ed127', 'd3916bda-4202-4ed3-9623-3c52a1a7f460', 'In the wood rubble.', 1);
INSERT INTO entities VALUES ('b2d4b0d8-e794-49ef-9d1d-043b08ba0ddd', 'Glish Chest 1');
INSERT INTO entityEntityTypeXrefs VALUES ('cf5e8efa-78aa-44aa-869e-b577025297ef', 'b2d4b0d8-e794-49ef-9d1d-043b08ba0ddd', '3294af09-0350-41ee-88b2-119f3860658a');
INSERT INTO markers VALUES ('10542392-f036-47e4-9015-ea91e42675b8', 'b2d4b0d8-e794-49ef-9d1d-043b08ba0ddd', -80.47770098, -80.61767578, 'd59882d7-466f-49b3-b626-fe5ed8acec33');
INSERT INTO notes VALUES('de75a33a-c566-4d18-83c2-90028f3b4fdc', 'b2d4b0d8-e794-49ef-9d1d-043b08ba0ddd', 'In the swamp.', 1);
INSERT INTO entities VALUES ('f6ac092c-f4ca-47a0-bc0a-9b3aa44f1214', 'Glish Chest 2');
INSERT INTO entityEntityTypeXrefs VALUES ('22fcc69f-fa0b-4701-b3b9-3e68e0181ea5', 'f6ac092c-f4ca-47a0-bc0a-9b3aa44f1214', '3294af09-0350-41ee-88b2-119f3860658a');
INSERT INTO markers VALUES ('a57513ed-1f03-4d38-9fc4-0f96c97c4ab4', 'f6ac092c-f4ca-47a0-bc0a-9b3aa44f1214', -80.87282722, -85.34179688, 'd59882d7-466f-49b3-b626-fe5ed8acec33');
INSERT INTO notes VALUES('435f9511-a0c3-47b2-bfca-fa1cc218501e', 'f6ac092c-f4ca-47a0-bc0a-9b3aa44f1214', 'In the underground mine by the miners.', 1);
INSERT INTO entities VALUES ('7301c8ff-667c-4917-9aaf-ed1e03d11f6d', 'Goblin Cave 1');
INSERT INTO entityEntityTypeXrefs VALUES ('bfe1812b-a5e9-4857-b462-044feb7b4945', '7301c8ff-667c-4917-9aaf-ed1e03d11f6d', '3294af09-0350-41ee-88b2-119f3860658a');
INSERT INTO markers VALUES ('2724a0dd-b8eb-47d4-9754-a67f4a9b2be0', '7301c8ff-667c-4917-9aaf-ed1e03d11f6d', -73.84928646, -61.61132813, 'd59882d7-466f-49b3-b626-fe5ed8acec33');
INSERT INTO images VALUES('4f08b839-aab2-414c-a558-69038415d6e2', '7301c8ff-667c-4917-9aaf-ed1e03d11f6d', NULL, 'http://i.imgur.com/c2sCOAy.jpg');
INSERT INTO notes VALUES('362d61bc-fa80-41c8-9f03-b2430ac4c1fb', '7301c8ff-667c-4917-9aaf-ed1e03d11f6d', 'Inside the Goblin Cave by the Goblin Chief. Turn left in the cave; second turn-out.', 1);
INSERT INTO entities VALUES ('19980652-f1fc-4019-9e5f-eff9c524edc8', 'Heidel Chest 1');
INSERT INTO entityEntityTypeXrefs VALUES ('4e653984-08d1-4556-98da-fdc142678c82', '19980652-f1fc-4019-9e5f-eff9c524edc8', '3294af09-0350-41ee-88b2-119f3860658a');
INSERT INTO markers VALUES ('5cee084e-d79e-4499-9945-ca633e61b823', '19980652-f1fc-4019-9e5f-eff9c524edc8', -77.9799, -58.60107, 'd59882d7-466f-49b3-b626-fe5ed8acec33');
INSERT INTO notes VALUES('60daa44d-0149-4a31-a5d7-c76de2af0582', '19980652-f1fc-4019-9e5f-eff9c524edc8', 'On the top of the shack.', 1);
INSERT INTO entities VALUES ('fdb82b4b-cfda-4d49-ae08-72dde1726de1', 'Heidel Chest 2');
INSERT INTO entityEntityTypeXrefs VALUES ('eb584eed-c66e-4247-8b03-591c18d70cae', 'fdb82b4b-cfda-4d49-ae08-72dde1726de1', '3294af09-0350-41ee-88b2-119f3860658a');
INSERT INTO markers VALUES ('459a11c0-7b23-4736-b68c-ed37c9f58c2b', 'fdb82b4b-cfda-4d49-ae08-72dde1726de1', -77.84185, -57.74414, 'd59882d7-466f-49b3-b626-fe5ed8acec33');
INSERT INTO notes VALUES('cda1cb27-00a1-4545-b9a3-2a66b5623ccd', 'fdb82b4b-cfda-4d49-ae08-72dde1726de1', 'Inside the second shack.', 1);
INSERT INTO entities VALUES ('d2124838-873e-4144-b594-40b21f7c1a05', 'Heidel Chest 3');
INSERT INTO entityEntityTypeXrefs VALUES ('ad79f402-0f31-4890-9f58-eddf587abdfb', 'd2124838-873e-4144-b594-40b21f7c1a05', '3294af09-0350-41ee-88b2-119f3860658a');
INSERT INTO markers VALUES ('4c10f2c7-0849-455c-acbb-51fc4e0b0cf5', 'd2124838-873e-4144-b594-40b21f7c1a05', -77.02462603, -85.36376953, 'd59882d7-466f-49b3-b626-fe5ed8acec33');
INSERT INTO images VALUES('a3323abc-acfd-4c12-9053-13e3c5356e50', 'd2124838-873e-4144-b594-40b21f7c1a05', NULL, 'http://i.imgur.com/ccMuZu1.jpg');
INSERT INTO entities VALUES ('b617aafe-297a-4eea-b9ab-2078c5e9f7a4', 'Heidel Chest 4');
INSERT INTO entityEntityTypeXrefs VALUES ('4d434afb-e302-4764-b035-242096ae0960', 'b617aafe-297a-4eea-b9ab-2078c5e9f7a4', '3294af09-0350-41ee-88b2-119f3860658a');
INSERT INTO markers VALUES ('7581c9ca-5dab-4952-859e-dc2db6d09719', 'b617aafe-297a-4eea-b9ab-2078c5e9f7a4', -77.42303986, -83.05664063, 'd59882d7-466f-49b3-b626-fe5ed8acec33');
INSERT INTO images VALUES('46d2bbbf-1f84-445e-8ee4-256af9294a75', 'b617aafe-297a-4eea-b9ab-2078c5e9f7a4', NULL, 'http://i.imgur.com/CWZEq1J.jpg');
INSERT INTO notes VALUES('efe51f12-75ef-43ca-aa79-e8c39f0f9c79', 'b617aafe-297a-4eea-b9ab-2078c5e9f7a4', 'Imp Tower, jump around the tower instead of going up', 1);
INSERT INTO entities VALUES ('7e0aa6ef-f4ec-47c9-925f-2b1422ed9426', 'Heidel Chest 5');
INSERT INTO entityEntityTypeXrefs VALUES ('59cd3766-27e3-46c2-987b-f93ba6e9f190', '7e0aa6ef-f4ec-47c9-925f-2b1422ed9426', '3294af09-0350-41ee-88b2-119f3860658a');
INSERT INTO markers VALUES ('ed5becd5-79b8-4fc4-a8f8-c87ce434679f', '7e0aa6ef-f4ec-47c9-925f-2b1422ed9426', -78.20656311, -83.84765625, 'd59882d7-466f-49b3-b626-fe5ed8acec33');
INSERT INTO images VALUES('c351dfbb-6adb-4759-9497-71e5e7cf23f1', '7e0aa6ef-f4ec-47c9-925f-2b1422ed9426', NULL, 'http://i.imgur.com/IPCqf3y.jpg');
INSERT INTO notes VALUES('cd0b3952-b6b3-4ab3-9596-cbcb51cfb94d', '7e0aa6ef-f4ec-47c9-925f-2b1422ed9426', 'Next to a tent at the swamp.', 1);
INSERT INTO entities VALUES ('35db9e1b-9492-4b24-92e7-b13971943af7', 'Heidel Chest 6');
INSERT INTO entityEntityTypeXrefs VALUES ('64aa3442-d520-43bc-830f-28dff5c17c96', '35db9e1b-9492-4b24-92e7-b13971943af7', '3294af09-0350-41ee-88b2-119f3860658a');
INSERT INTO markers VALUES ('bd2befb1-5083-4a1d-a16c-6615c3fb2f46', '35db9e1b-9492-4b24-92e7-b13971943af7', -78.07561686, -81.82617187, 'd59882d7-466f-49b3-b626-fe5ed8acec33');
INSERT INTO notes VALUES('f651b520-053c-4fc9-99bb-d92db8275f4a', '35db9e1b-9492-4b24-92e7-b13971943af7', 'Inside of a broken house.', 1);
INSERT INTO entities VALUES ('12435f78-b55a-47e4-9db6-f1b4c81aebba', 'Heidel Chest 7');
INSERT INTO entityEntityTypeXrefs VALUES ('8b900e0d-1409-43b5-bfb9-e77e95ab3233', '12435f78-b55a-47e4-9db6-f1b4c81aebba', '3294af09-0350-41ee-88b2-119f3860658a');
INSERT INTO markers VALUES ('52ca9a20-2fb3-4bb5-88fb-7dc3a1dbfc86', '12435f78-b55a-47e4-9db6-f1b4c81aebba', -79.48462865, -78.90380859, 'd59882d7-466f-49b3-b626-fe5ed8acec33');
INSERT INTO notes VALUES('0758a9ae-f3af-4281-9448-c1197afc422e', '12435f78-b55a-47e4-9db6-f1b4c81aebba', 'On the dock.', 1);
INSERT INTO entities VALUES ('c70a1421-84c7-43ef-95e0-a40f14e12b55', 'Heidel Chest 8');
INSERT INTO entityEntityTypeXrefs VALUES ('b86150ee-95c8-4779-baa8-61619aa36efd', 'c70a1421-84c7-43ef-95e0-a40f14e12b55', '3294af09-0350-41ee-88b2-119f3860658a');
INSERT INTO markers VALUES ('bfffad94-b37d-4c7a-8c08-d06f95184142', 'c70a1421-84c7-43ef-95e0-a40f14e12b55', -79.51666027, -77.49755859, 'd59882d7-466f-49b3-b626-fe5ed8acec33');
INSERT INTO notes VALUES('9c81e2a6-3065-4190-b533-0cf08153d8e9', 'c70a1421-84c7-43ef-95e0-a40f14e12b55', 'Next to a tree.', 1);
INSERT INTO entities VALUES ('1aab9b40-087c-49a0-a351-2e9aad706736', 'Heidel Chest 9');
INSERT INTO entityEntityTypeXrefs VALUES ('85503368-e08f-44af-88d2-92a34d820671', '1aab9b40-087c-49a0-a351-2e9aad706736', '3294af09-0350-41ee-88b2-119f3860658a');
INSERT INTO markers VALUES ('1f1d9279-d860-4222-b3a5-dfe88f9747ab', '1aab9b40-087c-49a0-a351-2e9aad706736', -80.26082765, -55.45898438, 'd59882d7-466f-49b3-b626-fe5ed8acec33');
INSERT INTO entities VALUES ('dcdee0f8-8a19-40c9-8a8b-742b6b695239', 'Hexe Sanctuary Chest 1');
INSERT INTO entityEntityTypeXrefs VALUES ('28c141c9-a0ca-4571-80d3-0764553fd600', 'dcdee0f8-8a19-40c9-8a8b-742b6b695239', '3294af09-0350-41ee-88b2-119f3860658a');
INSERT INTO markers VALUES ('180daa45-ec3a-4041-9dee-a953ca742b6e', 'dcdee0f8-8a19-40c9-8a8b-742b6b695239', -84.28908, -119.77295, 'd59882d7-466f-49b3-b626-fe5ed8acec33');
INSERT INTO images VALUES('55ff6d09-145c-48f5-964c-561514e5031f', 'dcdee0f8-8a19-40c9-8a8b-742b6b695239', NULL, 'http://i.imgur.com/0LTCoPa.jpg');
INSERT INTO notes VALUES('bfda1a26-d66f-4e66-adce-9a5ada40cc8b', 'dcdee0f8-8a19-40c9-8a8b-742b6b695239', 'In a camp area.', 1);
INSERT INTO entities VALUES ('eaff69ea-40b4-4c07-b786-60a147ccc764', 'Kelphan Chest 1');
INSERT INTO entityEntityTypeXrefs VALUES ('201acfb9-d80a-491a-9d05-75d8eb215a57', 'eaff69ea-40b4-4c07-b786-60a147ccc764', '3294af09-0350-41ee-88b2-119f3860658a');
INSERT INTO markers VALUES ('683206c9-160b-4032-be15-d6c41da820d6', 'eaff69ea-40b4-4c07-b786-60a147ccc764', -82.73487099, -115.0708008, 'd59882d7-466f-49b3-b626-fe5ed8acec33');
INSERT INTO notes VALUES('acf7eba8-ae60-437a-931a-dd7f4689c553', 'eaff69ea-40b4-4c07-b786-60a147ccc764', 'Behind the cages.', 1);
INSERT INTO entities VALUES ('3546be09-84ee-4a9a-9e33-01fcdb8f545f', 'Kelphan Chest 2');
INSERT INTO entityEntityTypeXrefs VALUES ('bdf3feeb-4505-46bb-a98a-d8073defce87', '3546be09-84ee-4a9a-9e33-01fcdb8f545f', '3294af09-0350-41ee-88b2-119f3860658a');
INSERT INTO markers VALUES ('e05e49ad-8649-4485-b2ca-94ce57910c5b', '3546be09-84ee-4a9a-9e33-01fcdb8f545f', -80.65060498, -111.8188477, 'd59882d7-466f-49b3-b626-fe5ed8acec33');
INSERT INTO notes VALUES('97143f40-f6a9-4c55-9c3e-b69c61e9d23f', '3546be09-84ee-4a9a-9e33-01fcdb8f545f', 'Under the platform on the tower.', 1);
INSERT INTO entities VALUES ('2d64f482-9062-450f-9221-671253b74739', 'Kelphan Chest 3');
INSERT INTO entityEntityTypeXrefs VALUES ('c126ed1d-8991-4429-a450-dad1268cccd1', '2d64f482-9062-450f-9221-671253b74739', '3294af09-0350-41ee-88b2-119f3860658a');
INSERT INTO markers VALUES ('ba5e9786-e2d4-44d8-9515-459d26856126', '2d64f482-9062-450f-9221-671253b74739', -80.93535185, -110.6982422, 'd59882d7-466f-49b3-b626-fe5ed8acec33');
INSERT INTO notes VALUES('51b3a892-4367-4603-b7e6-7afb8fa242cc', '2d64f482-9062-450f-9221-671253b74739', 'In the maze behind the node manager.', 1);
INSERT INTO entities VALUES ('5286d426-df38-4fd4-abad-aabfee0b7a07', 'Kzarka Chest 1');
INSERT INTO entityEntityTypeXrefs VALUES ('0b154c9c-58c6-4c64-b97f-f1aa08f43fd9', '5286d426-df38-4fd4-abad-aabfee0b7a07', '3294af09-0350-41ee-88b2-119f3860658a');
INSERT INTO markers VALUES ('68651b9d-5b92-42b6-a919-45e02c92a5a4', '5286d426-df38-4fd4-abad-aabfee0b7a07', -82.14545, -67.4166, 'd59882d7-466f-49b3-b626-fe5ed8acec33');
INSERT INTO notes VALUES('433c006c-01b4-4f16-950f-63da5efdb06c', '5286d426-df38-4fd4-abad-aabfee0b7a07', 'Upstairs hidden behind the box.', 1);
INSERT INTO entities VALUES ('4232cf58-15b6-4971-858d-37e811cae874', 'Red Orc Chest 1');
INSERT INTO entityEntityTypeXrefs VALUES ('ab8f42d9-ccd6-46de-80ad-bbfe9f51e5a7', '4232cf58-15b6-4971-858d-37e811cae874', '3294af09-0350-41ee-88b2-119f3860658a');
INSERT INTO markers VALUES ('928bca23-ed49-46a7-b6d5-d34fe3c4c0c9', '4232cf58-15b6-4971-858d-37e811cae874', -79.22898, -93.20801, 'd59882d7-466f-49b3-b626-fe5ed8acec33');
INSERT INTO images VALUES('8b9e6ff5-3b90-4c80-8f30-b33053eef8c2', '4232cf58-15b6-4971-858d-37e811cae874', NULL, 'http://i.imgur.com/C8x38mx.jpg');
INSERT INTO notes VALUES('b184b8ee-9d27-4e38-83b9-34e1157fcb96', '4232cf58-15b6-4971-858d-37e811cae874', 'In broken house by the node.', 1);
INSERT INTO entities VALUES ('99ecddce-befd-4838-a122-b76758c12598', 'Red Orc Chest 2');
INSERT INTO entityEntityTypeXrefs VALUES ('6ba56f73-7a40-4beb-8249-8c6d334d4888', '99ecddce-befd-4838-a122-b76758c12598', '3294af09-0350-41ee-88b2-119f3860658a');
INSERT INTO markers VALUES ('fc02c35e-ca14-40ac-a6a0-cfec3740f160', '99ecddce-befd-4838-a122-b76758c12598', -79.92823592, -94.54833984, 'd59882d7-466f-49b3-b626-fe5ed8acec33');
INSERT INTO images VALUES('33825d46-e476-483b-ace3-cdaf89a7e3a5', '99ecddce-befd-4838-a122-b76758c12598', NULL, 'http://i.imgur.com/0tilfzD.jpg');
INSERT INTO notes VALUES('0e3d4f80-4e0e-4dbf-8098-5018a7990874', '99ecddce-befd-4838-a122-b76758c12598', 'In what appears to be a broken wagon of goods.', 1);
INSERT INTO entities VALUES ('7d4f4907-60a4-454a-bc6e-1eddbec04d4b', 'Red Orc Chest 3');
INSERT INTO entityEntityTypeXrefs VALUES ('61fe5757-ee0a-4127-b033-13dd38386369', '7d4f4907-60a4-454a-bc6e-1eddbec04d4b', '3294af09-0350-41ee-88b2-119f3860658a');
INSERT INTO markers VALUES ('50af7b51-c289-49e7-ab16-1b2e0a3fd840', '7d4f4907-60a4-454a-bc6e-1eddbec04d4b', -80.77824, -90.50537, 'd59882d7-466f-49b3-b626-fe5ed8acec33');
INSERT INTO images VALUES('341ba7a1-52b6-4510-8dea-280431c6c518', '7d4f4907-60a4-454a-bc6e-1eddbec04d4b', NULL, 'http://i.imgur.com/6afZ84D.jpg');
INSERT INTO notes VALUES('54704442-a66d-4b70-ae67-b091dabe5a9b', '7d4f4907-60a4-454a-bc6e-1eddbec04d4b', 'In a pile of junk by the broken wall/gate?', 1);
INSERT INTO entities VALUES ('e1d5ccf8-a003-46d9-bc4c-2bd3c4a22c06', 'Stone Miner Chest 1');
INSERT INTO entityEntityTypeXrefs VALUES ('5297b35f-2854-4f57-a101-8f00aa787125', 'e1d5ccf8-a003-46d9-bc4c-2bd3c4a22c06', '3294af09-0350-41ee-88b2-119f3860658a');
INSERT INTO markers VALUES ('4df2c803-ebd9-45ce-8895-9a9a976e2807', 'e1d5ccf8-a003-46d9-bc4c-2bd3c4a22c06', -79.41623981, -99.53613281, 'd59882d7-466f-49b3-b626-fe5ed8acec33');
INSERT INTO notes VALUES('cb1672d3-efd1-4354-a9a0-c76462ae9cdc', 'e1d5ccf8-a003-46d9-bc4c-2bd3c4a22c06', 'Located next to a cart of ore.', 1);
INSERT INTO entities VALUES ('9d159a69-e485-4a19-8abf-ae1e25d43875', 'Velia Chest 1');
INSERT INTO entityEntityTypeXrefs VALUES ('e4813f14-d592-4a07-bdc4-dbda4e55ce98', '9d159a69-e485-4a19-8abf-ae1e25d43875', '3294af09-0350-41ee-88b2-119f3860658a');
INSERT INTO markers VALUES ('55a379f0-f8d2-4804-8e5a-622000bf2109', '9d159a69-e485-4a19-8abf-ae1e25d43875', -70.50291, -72.3999, 'd59882d7-466f-49b3-b626-fe5ed8acec33');
INSERT INTO images VALUES('a576954d-a479-433b-a7db-db076bc1c32b', '9d159a69-e485-4a19-8abf-ae1e25d43875', NULL, 'http://i.imgur.com/iExHD1I.jpg');
INSERT INTO notes VALUES('90cee260-a067-46fe-b83c-093747c1ca54', '9d159a69-e485-4a19-8abf-ae1e25d43875', 'In the broken cement wall.', 1);
INSERT INTO entities VALUES ('d497980e-295c-414b-9210-a8bcd0a896ef', 'Velia Chest 10');
INSERT INTO entityEntityTypeXrefs VALUES ('776bf4ec-6325-45ae-a976-0323409879d6', 'd497980e-295c-414b-9210-a8bcd0a896ef', '3294af09-0350-41ee-88b2-119f3860658a');
INSERT INTO markers VALUES ('52b5e48c-7719-4884-8a17-705f11b1f924', 'd497980e-295c-414b-9210-a8bcd0a896ef', -72.0536115, -83.84765625, 'd59882d7-466f-49b3-b626-fe5ed8acec33');
INSERT INTO notes VALUES('c31c3e6c-ea5b-455a-9536-e00815292fc4', 'd497980e-295c-414b-9210-a8bcd0a896ef', 'At the edge/under the platform.', 1);
INSERT INTO entities VALUES ('a084467e-9757-4ca6-9b96-195265e64478', 'Velia Chest 11');
INSERT INTO entityEntityTypeXrefs VALUES ('f33199b5-3dcf-4572-8030-8bbbc6bbcb23', 'a084467e-9757-4ca6-9b96-195265e64478', '3294af09-0350-41ee-88b2-119f3860658a');
INSERT INTO markers VALUES ('55d672f4-0553-4e18-ad3e-b685b419c607', 'a084467e-9757-4ca6-9b96-195265e64478', -71.89454674, -84.58486328, 'd59882d7-466f-49b3-b626-fe5ed8acec33');
INSERT INTO notes VALUES('8348e809-c515-4d24-b631-9846668885c2', 'a084467e-9757-4ca6-9b96-195265e64478', 'Under the Red Nose platform.', 1);
INSERT INTO entities VALUES ('94aedbcc-0ddf-4d8b-8647-ff4166ed2307', 'Velia Chest 2');
INSERT INTO entityEntityTypeXrefs VALUES ('6aa4f295-653d-4618-afb1-61b23ccb913f', '94aedbcc-0ddf-4d8b-8647-ff4166ed2307', '3294af09-0350-41ee-88b2-119f3860658a');
INSERT INTO markers VALUES ('dfb7093f-8412-44b5-9d94-a7a057e7bb6a', '94aedbcc-0ddf-4d8b-8647-ff4166ed2307', -70.69269, -69.06006, 'd59882d7-466f-49b3-b626-fe5ed8acec33');
INSERT INTO images VALUES('ada4050c-059e-4c48-ae20-eabab04d3e27', '94aedbcc-0ddf-4d8b-8647-ff4166ed2307', NULL, 'http://i.imgur.com/MEsDaGe.jpg');
INSERT INTO notes VALUES('945842ec-2c47-4ccd-bcc3-200f8430f974', '94aedbcc-0ddf-4d8b-8647-ff4166ed2307', 'Inside crumbling house.', 1);
INSERT INTO entities VALUES ('b647f241-c098-4eeb-920e-1c831ae3b546', 'Velia Chest 3');
INSERT INTO entityEntityTypeXrefs VALUES ('85d4c34f-0c01-401f-89b4-326e47971ac3', 'b647f241-c098-4eeb-920e-1c831ae3b546', '3294af09-0350-41ee-88b2-119f3860658a');
INSERT INTO markers VALUES ('9f8e6ad7-ec10-439a-a7f1-32002522cf3a', 'b647f241-c098-4eeb-920e-1c831ae3b546', -69.9303, -67.23633, 'd59882d7-466f-49b3-b626-fe5ed8acec33');
INSERT INTO images VALUES('ab37595e-c502-4989-b867-549dfdbf2575', 'b647f241-c098-4eeb-920e-1c831ae3b546', NULL, 'http://i.imgur.com/3crkTsX.jpg');
INSERT INTO notes VALUES('d94d6ffa-963c-4658-a375-16c7993c90d8', 'b647f241-c098-4eeb-920e-1c831ae3b546', 'In a portion of a wall.', 1);
INSERT INTO entities VALUES ('afa3f4cd-ecc7-4135-9470-7be43d27e956', 'Velia Chest 4');
INSERT INTO entityEntityTypeXrefs VALUES ('2fec3593-d015-4990-b9b2-df597bc109f7', 'afa3f4cd-ecc7-4135-9470-7be43d27e956', '3294af09-0350-41ee-88b2-119f3860658a');
INSERT INTO markers VALUES ('36ee1eb6-2e55-4855-a4a2-e206dafa99fa', 'afa3f4cd-ecc7-4135-9470-7be43d27e956', -71.51794, -63.19336, 'd59882d7-466f-49b3-b626-fe5ed8acec33');
INSERT INTO images VALUES('196cf488-0864-49ec-b1b1-eddc8dc5b990', 'afa3f4cd-ecc7-4135-9470-7be43d27e956', NULL, 'http://i.imgur.com/E3ecNzU.jpg');
INSERT INTO notes VALUES('9cd14f71-0b1a-4610-8143-5178fb3bb07d', 'afa3f4cd-ecc7-4135-9470-7be43d27e956', 'On top of a barrel by the node manager.', 1);
INSERT INTO entities VALUES ('07713220-13d8-4c0e-ab94-ffc5d2b4e30b', 'Velia Chest 5');
INSERT INTO entityEntityTypeXrefs VALUES ('276e9af1-4a94-4d22-9fe1-e39cbc44c92b', '07713220-13d8-4c0e-ab94-ffc5d2b4e30b', '3294af09-0350-41ee-88b2-119f3860658a');
INSERT INTO markers VALUES ('87d3696e-dfd3-419b-abd8-4bd6075b123c', '07713220-13d8-4c0e-ab94-ffc5d2b4e30b', -69.83962, -67.56592, 'd59882d7-466f-49b3-b626-fe5ed8acec33');
INSERT INTO images VALUES('a2e3f908-240f-490a-b482-55a9d0e2f083', '07713220-13d8-4c0e-ab94-ffc5d2b4e30b', NULL, 'http://i.imgur.com/VOkSlvV.jpg');
INSERT INTO notes VALUES('3de0a703-77e6-4f9d-9884-0d5a27befdc2', '07713220-13d8-4c0e-ab94-ffc5d2b4e30b', 'In the wall by the node manager.', 1);
INSERT INTO entities VALUES ('60a50d17-5eed-4c16-b2ac-63f97ece6c23', 'Velia Chest 6');
INSERT INTO entityEntityTypeXrefs VALUES ('594523ef-123b-4755-9922-294995382f9d', '60a50d17-5eed-4c16-b2ac-63f97ece6c23', '3294af09-0350-41ee-88b2-119f3860658a');
INSERT INTO markers VALUES ('dd7f6777-e9b6-432f-9eef-dfbb429c9f89', '60a50d17-5eed-4c16-b2ac-63f97ece6c23', -70.77244297, -68.09326172, 'd59882d7-466f-49b3-b626-fe5ed8acec33');
INSERT INTO images VALUES('1b4fb8f2-28f9-4aed-9e8e-bc97387d9cb8', '60a50d17-5eed-4c16-b2ac-63f97ece6c23', NULL, 'http://i.imgur.com/zCiy1Ld.jpg');
INSERT INTO notes VALUES('50d11ead-4325-4c17-8936-389f7f12f084', '60a50d17-5eed-4c16-b2ac-63f97ece6c23', 'In a smaller destroyed house within a larger section of distroyed buildings.', 1);
INSERT INTO entities VALUES ('2dbf0140-b278-460a-b397-676cb2ee929b', 'Velia Chest 7');
INSERT INTO entityEntityTypeXrefs VALUES ('7bbb32fc-1531-4675-9a27-1688aa2199cc', '2dbf0140-b278-460a-b397-676cb2ee929b', '3294af09-0350-41ee-88b2-119f3860658a');
INSERT INTO markers VALUES ('c66d1af0-5f05-4b09-a1bb-2dd459a2b8a2', '2dbf0140-b278-460a-b397-676cb2ee929b', -72.82905217, -64.95117188, 'd59882d7-466f-49b3-b626-fe5ed8acec33');
INSERT INTO images VALUES('acd8b490-4652-4c5f-9404-1ef09960b0cf', '2dbf0140-b278-460a-b397-676cb2ee929b', NULL, 'http://i.imgur.com/pJ7212K.jpg');
INSERT INTO notes VALUES('f58ef992-648c-49c1-b2d8-9e7473368794', '2dbf0140-b278-460a-b397-676cb2ee929b', 'In a back corner of one of the goblin camps between some crates.', 1);
INSERT INTO entities VALUES ('4d22d67b-3684-4b33-9821-1dbae810f5d4', 'Velia Chest 8');
INSERT INTO entityEntityTypeXrefs VALUES ('6f0d5c6b-a987-4207-8707-910387f20135', '4d22d67b-3684-4b33-9821-1dbae810f5d4', '3294af09-0350-41ee-88b2-119f3860658a');
INSERT INTO markers VALUES ('964e17c1-07b0-421f-a9ea-d68951ddcbc6', '4d22d67b-3684-4b33-9821-1dbae810f5d4', -73.00333329, -83.25439453, 'd59882d7-466f-49b3-b626-fe5ed8acec33');
INSERT INTO notes VALUES('075bfd91-c7b1-4be3-99ec-72d6d1ae7103', '4d22d67b-3684-4b33-9821-1dbae810f5d4', 'Inside the imp cave.', 1);
INSERT INTO entities VALUES ('e528a98c-3dfd-494c-9f1c-37c93da42170', 'Velia Chest 9');
INSERT INTO entityEntityTypeXrefs VALUES ('892dd4d5-2b97-449b-978a-331ba9a3764a', 'e528a98c-3dfd-494c-9f1c-37c93da42170', '3294af09-0350-41ee-88b2-119f3860658a');
INSERT INTO markers VALUES ('dcb9b481-ee8d-4897-abd8-1a4b8be954f7', 'e528a98c-3dfd-494c-9f1c-37c93da42170', -72.32245873, -86.30859375, 'd59882d7-466f-49b3-b626-fe5ed8acec33');
INSERT INTO notes VALUES('3706f747-8279-486f-bd1d-5f602b45790c', 'e528a98c-3dfd-494c-9f1c-37c93da42170', 'Next to the wall.', 1);
INSERT INTO entities VALUES ('c50bfb6a-4507-4be3-b258-7ebe6072432a', 'Western Guard Camp Chest 1');
INSERT INTO entityEntityTypeXrefs VALUES ('15089f41-9038-43aa-abf8-d4bd9efa2f12', 'c50bfb6a-4507-4be3-b258-7ebe6072432a', '3294af09-0350-41ee-88b2-119f3860658a');
INSERT INTO markers VALUES ('0078b88c-d1b4-41f6-b7a1-375d164d6950', 'c50bfb6a-4507-4be3-b258-7ebe6072432a', -77.0787839, -93.1640625, 'd59882d7-466f-49b3-b626-fe5ed8acec33');
INSERT INTO notes VALUES('13a9a5c5-61c7-42d2-97b8-b15db85e4774', 'c50bfb6a-4507-4be3-b258-7ebe6072432a', 'Located next to a tent.', 1);
INSERT INTO entities VALUES ('1363c9a9-bec7-4377-aab0-db472a059edd', 'Western Guard Camp Chest 2');
INSERT INTO entityEntityTypeXrefs VALUES ('5035674f-db4c-4b2e-b12b-213934672acf', '1363c9a9-bec7-4377-aab0-db472a059edd', '3294af09-0350-41ee-88b2-119f3860658a');
INSERT INTO markers VALUES ('bae6975f-f20b-4201-9171-387c761f67d6', '1363c9a9-bec7-4377-aab0-db472a059edd', -76.09551693, -103.7329102, 'd59882d7-466f-49b3-b626-fe5ed8acec33');
INSERT INTO notes VALUES('c3e1f75d-0a7c-4ae0-8d60-243043e9d792', '1363c9a9-bec7-4377-aab0-db472a059edd', 'Located in front of the red flag.', 1);
INSERT INTO entities VALUES ('0606b81d-d99e-4a36-9cc2-348d91c48c12', 'Velia Chest 12');
INSERT INTO entityEntityTypeXrefs VALUES ('23104d8b-f2ad-4dbe-83ad-1fa0dc5086cf', '0606b81d-d99e-4a36-9cc2-348d91c48c12', '3294af09-0350-41ee-88b2-119f3860658a');
INSERT INTO markers VALUES ('224e5e92-f0fb-473b-a501-2fa513de32e7', '0606b81d-d99e-4a36-9cc2-348d91c48c12', -72.50172235, -84.24316406, 'd59882d7-466f-49b3-b626-fe5ed8acec33');
INSERT INTO images VALUES('361ed58c-98b9-4bda-a651-6b1bb00b5ff7', '0606b81d-d99e-4a36-9cc2-348d91c48c12', NULL, 'http://imgur.com/5foaCVZ.jpg');
INSERT INTO notes VALUES('a7917db4-faec-4586-a31c-ea3fa8949c41', '0606b81d-d99e-4a36-9cc2-348d91c48c12', 'Inside the imp cave (entered north of the chest in the hairpin in the road along the coast to the north). Located in a secret cove off on a right hand hairpin as you enter the first large room', 1);
INSERT INTO entities VALUES ('8209d2fe-f46f-43ca-bfee-301e67fae76b', 'Heidel Chest 10');
INSERT INTO entityEntityTypeXrefs VALUES ('329da367-0194-4394-bbbe-de19d32b26b8', '8209d2fe-f46f-43ca-bfee-301e67fae76b', '3294af09-0350-41ee-88b2-119f3860658a');
INSERT INTO markers VALUES ('b21f34de-a8e2-4fdd-b41d-cb5855d71a53', '8209d2fe-f46f-43ca-bfee-301e67fae76b', -77.58468407, -59.12841797, 'd59882d7-466f-49b3-b626-fe5ed8acec33');
INSERT INTO images VALUES('6f88374b-0359-49e8-9844-144904864b6a', '8209d2fe-f46f-43ca-bfee-301e67fae76b', NULL, 'http://i.imgur.com/wUBXAUT.png');
INSERT INTO notes VALUES('ccd6c4b8-c561-4415-829c-a99d43a023e7', '8209d2fe-f46f-43ca-bfee-301e67fae76b', 'Inside shed.', 1);
INSERT INTO entities VALUES ('f0fd8b60-1480-4a58-bb5d-b12f58271612', 'Velia Chest 10');
INSERT INTO entityEntityTypeXrefs VALUES ('6ef45fe5-d248-4667-a421-763622da6f80', 'f0fd8b60-1480-4a58-bb5d-b12f58271612', '3294af09-0350-41ee-88b2-119f3860658a');
INSERT INTO markers VALUES ('f6a1d9ad-d0ed-421f-803c-2a17f4cd0a9b', 'f0fd8b60-1480-4a58-bb5d-b12f58271612', -71.00981101, -65.96191406, 'd59882d7-466f-49b3-b626-fe5ed8acec33');
INSERT INTO images VALUES('2c5c8fef-5df7-46b8-8d77-39d199a19047', 'f0fd8b60-1480-4a58-bb5d-b12f58271612', NULL, 'http://i.imgur.com/3wHt13y.jpg');
INSERT INTO entityTypes VALUES ('2db6eaeb-4a4b-4a83-b958-9785e9cb9e70', NULL, 'Boss Spawns', TRUE);
INSERT INTO images VALUES ('f1e7388e-390f-4c04-a38b-f835f0788faa', NULL, '2db6eaeb-4a4b-4a83-b958-9785e9cb9e70', 'undefined');
INSERT INTO entities VALUES ('9adbdbb7-9203-4529-a4ff-e77bc6f0b511', 'Altar Imp');
INSERT INTO entityEntityTypeXrefs VALUES ('dbe15272-1405-411a-90e2-211c87cbf914', '9adbdbb7-9203-4529-a4ff-e77bc6f0b511', '2db6eaeb-4a4b-4a83-b958-9785e9cb9e70');
INSERT INTO markers VALUES ('43364f9c-4f46-4193-ae2b-f8e301d10e8f', '9adbdbb7-9203-4529-a4ff-e77bc6f0b511', -77.91107, -82.59521, '745b5e7d-9af3-475d-818a-f7913508e333');
INSERT INTO notes VALUES('182e60e2-362c-40ec-93c4-3ab64515f3f7', '9adbdbb7-9203-4529-a4ff-e77bc6f0b511', 'Scroll Boss: Altar Imp', 1);
INSERT INTO entities VALUES ('b8ba8912-0b29-42db-9b54-140231d4b8b7', 'Altar Imp');
INSERT INTO entityEntityTypeXrefs VALUES ('8ee13955-3db5-4fb9-b741-f8c884bcd764', 'b8ba8912-0b29-42db-9b54-140231d4b8b7', '2db6eaeb-4a4b-4a83-b958-9785e9cb9e70');
INSERT INTO circles VALUES ('21adb31c-b650-4e0e-b43a-14a2d094af4e', 'b8ba8912-0b29-42db-9b54-140231d4b8b7', -77.91107, -82.59521, 11000, 'red', 'red');
INSERT INTO notes VALUES('914d833c-499a-4d5e-8bbe-b1c24af56829', 'b8ba8912-0b29-42db-9b54-140231d4b8b7', 'Scroll Boss: Altar Imp', 1);
INSERT INTO entities VALUES ('02d37cf8-07af-4cc4-bd8b-e231fb6a4331', 'Ancient Relic Crystal');
INSERT INTO entityEntityTypeXrefs VALUES ('5cfce967-fab7-4b85-923a-9f2dfc8a0206', '02d37cf8-07af-4cc4-bd8b-e231fb6a4331', '2db6eaeb-4a4b-4a83-b958-9785e9cb9e70');
INSERT INTO markers VALUES ('6b88d040-878a-44fa-a657-559ec32347ae', '02d37cf8-07af-4cc4-bd8b-e231fb6a4331', -82.34703, -124.98047, '745b5e7d-9af3-475d-818a-f7913508e333');
INSERT INTO notes VALUES('8351ad7b-109f-4720-80bb-ba2fa105832a', '02d37cf8-07af-4cc4-bd8b-e231fb6a4331', 'Scroll Boss: Ancient Relic Crystal', 1);
INSERT INTO entities VALUES ('eebc8b94-c28c-4627-8caf-0ca8c736d391', 'Ancient Relic Crystal');
INSERT INTO entityEntityTypeXrefs VALUES ('e7b1b9d2-771c-4751-bda7-7d560b06d59d', 'eebc8b94-c28c-4627-8caf-0ca8c736d391', '2db6eaeb-4a4b-4a83-b958-9785e9cb9e70');
INSERT INTO circles VALUES ('9bad5e73-4565-45a5-81f6-20407101a679', 'eebc8b94-c28c-4627-8caf-0ca8c736d391', -82.34703, -124.98047, 11000, 'red', 'red');
INSERT INTO notes VALUES('24e27f71-2984-4902-91cc-5a96d53420c4', 'eebc8b94-c28c-4627-8caf-0ca8c736d391', 'Scroll Boss: Ancient Relic Crystal', 1);
INSERT INTO entities VALUES ('5d768b50-7d65-45f4-8dd1-e81c160ce203', 'Fearful Witch');
INSERT INTO entityEntityTypeXrefs VALUES ('3fd6eea7-610f-4709-a4c0-7f9704e6e542', '5d768b50-7d65-45f4-8dd1-e81c160ce203', '2db6eaeb-4a4b-4a83-b958-9785e9cb9e70');
INSERT INTO markers VALUES ('f92c24cf-8dd9-4392-b200-1720609ad96d', '5d768b50-7d65-45f4-8dd1-e81c160ce203', -84.61197, -113.11523, '745b5e7d-9af3-475d-818a-f7913508e333');
INSERT INTO images VALUES('ae679e50-0ed0-44c9-b949-30d1d72110bc', '5d768b50-7d65-45f4-8dd1-e81c160ce203', NULL, 'http://i.imgur.com/GBAKwq3.png');
INSERT INTO notes VALUES('a86a7b51-acb3-4879-8309-ad718820adfd', '5d768b50-7d65-45f4-8dd1-e81c160ce203', 'Scroll Boss: Fearful Witch', 1);
INSERT INTO entities VALUES ('eb39cc69-d57c-42c2-a8d3-6b7922fc44de', 'Fearful Witch');
INSERT INTO entityEntityTypeXrefs VALUES ('43108aa3-afb1-4470-b8cd-e342cfd74cc5', 'eb39cc69-d57c-42c2-a8d3-6b7922fc44de', '2db6eaeb-4a4b-4a83-b958-9785e9cb9e70');
INSERT INTO circles VALUES ('912935e7-2aa1-4ac0-a6a8-ba16934ddb79', 'eb39cc69-d57c-42c2-a8d3-6b7922fc44de', -84.61197, -113.11523, 11000, 'red', 'red');
INSERT INTO images VALUES('d91922e9-db77-4dcd-8d47-9d1c050809dc', 'eb39cc69-d57c-42c2-a8d3-6b7922fc44de', NULL, 'http://i.imgur.com/GBAKwq3.png');
INSERT INTO notes VALUES('50f5b665-53ef-4b75-ace4-193d9c76f4e2', 'eb39cc69-d57c-42c2-a8d3-6b7922fc44de', 'Scroll Boss: Fearful Witch', 1);
INSERT INTO entities VALUES ('49784b7b-05e7-48a3-9b4a-11d4858b0e2a', 'Goblin Chief');
INSERT INTO entityEntityTypeXrefs VALUES ('8a76bff9-5662-4fa5-9169-eea1821c5c0a', '49784b7b-05e7-48a3-9b4a-11d4858b0e2a', '2db6eaeb-4a4b-4a83-b958-9785e9cb9e70');
INSERT INTO markers VALUES ('b7a42d9b-ac85-45bd-9675-bb401fed9f0a', '49784b7b-05e7-48a3-9b4a-11d4858b0e2a', -74.12206, -62.33643, '745b5e7d-9af3-475d-818a-f7913508e333');
INSERT INTO images VALUES('75944410-82b5-4c5c-909f-60fa60fee690', '49784b7b-05e7-48a3-9b4a-11d4858b0e2a', NULL, 'http://i.imgur.com/vuT22QS.png');
INSERT INTO notes VALUES('5109f232-c8c3-4a16-8ec5-3db3d9962c0d', '49784b7b-05e7-48a3-9b4a-11d4858b0e2a', 'Scroll Boss: Goblin Cheif', 1);
INSERT INTO entities VALUES ('c5a29a3e-8687-4d95-8ec9-1a02ef39f282', 'Goblin Chief');
INSERT INTO entityEntityTypeXrefs VALUES ('e8a6e110-045e-4d66-98ed-afecebf1a7dc', 'c5a29a3e-8687-4d95-8ec9-1a02ef39f282', '2db6eaeb-4a4b-4a83-b958-9785e9cb9e70');
INSERT INTO circles VALUES ('c5e7a481-fa81-4ef7-8473-45819400a58e', 'c5a29a3e-8687-4d95-8ec9-1a02ef39f282', -74.12206, -62.33643, 11000, 'red', 'red');
INSERT INTO images VALUES('5f1558c1-6aa1-4897-8ec9-f4bf335a9d76', 'c5a29a3e-8687-4d95-8ec9-1a02ef39f282', NULL, 'http://i.imgur.com/vuT22QS.png');
INSERT INTO notes VALUES('f45dd67a-4c78-4b1f-8a5d-ac94f65e16e5', 'c5a29a3e-8687-4d95-8ec9-1a02ef39f282', 'Scroll Boss: Goblin Cheif', 1);
INSERT INTO entities VALUES ('fc9f4910-221c-42ab-8bf5-a1dc2cc592d8', 'Kzarka');
INSERT INTO entityEntityTypeXrefs VALUES ('65a42e88-4902-4818-98b4-8aa3d6f85172', 'fc9f4910-221c-42ab-8bf5-a1dc2cc592d8', '2db6eaeb-4a4b-4a83-b958-9785e9cb9e70');
INSERT INTO markers VALUES ('41a5beb5-0491-4fdd-9f82-505bc89be673', 'fc9f4910-221c-42ab-8bf5-a1dc2cc592d8', -82.14545, -67.0166, '745b5e7d-9af3-475d-818a-f7913508e333');
INSERT INTO notes VALUES('7cb0ee02-3938-4bd6-8d98-36533f9bb841', 'fc9f4910-221c-42ab-8bf5-a1dc2cc592d8', 'Inside of Serendia Shrine. 8-12 hour spawn timer, and a 5 minute announcement before spawning.', 1);
INSERT INTO entities VALUES ('1dcc9eaf-e64e-43ed-a7e6-d9405a591fb1', 'Kzarka');
INSERT INTO entityEntityTypeXrefs VALUES ('c4d041dd-5848-4499-a681-aac0634c8266', '1dcc9eaf-e64e-43ed-a7e6-d9405a591fb1', '2db6eaeb-4a4b-4a83-b958-9785e9cb9e70');
INSERT INTO circles VALUES ('446e8422-4826-43f0-ab36-4a6ccb8047ab', '1dcc9eaf-e64e-43ed-a7e6-d9405a591fb1', -82.14545, -67.0166, 11000, 'red', 'red');
INSERT INTO notes VALUES('644aabfa-1d7d-4061-b7f7-a821ee6d7c8c', '1dcc9eaf-e64e-43ed-a7e6-d9405a591fb1', 'Inside of Serendia Shrine. 8-12 hour spawn timer, and a 5 minute announcement before spawning.', 1);
INSERT INTO entities VALUES ('aa366cea-0ae6-4df8-a2e6-6a28bba89709', 'Red Nose');
INSERT INTO entityEntityTypeXrefs VALUES ('028c9ec7-95b5-4bde-9ed0-3ca4a2d06bd4', 'aa366cea-0ae6-4df8-a2e6-6a28bba89709', '2db6eaeb-4a4b-4a83-b958-9785e9cb9e70');
INSERT INTO markers VALUES ('bee897f5-6638-4fa3-85d7-cdb980ce1c11', 'aa366cea-0ae6-4df8-a2e6-6a28bba89709', -71.87674, -85.01221, '745b5e7d-9af3-475d-818a-f7913508e333');
INSERT INTO images VALUES('92845fbe-fff6-4223-a8bd-7033943e2ac2', 'aa366cea-0ae6-4df8-a2e6-6a28bba89709', NULL, 'http://i.imgur.com/oEadYIP.png');
INSERT INTO notes VALUES('c96b26d6-c013-41fd-b60e-95e314e8a761', 'aa366cea-0ae6-4df8-a2e6-6a28bba89709', 'Scroll Boss: Red Nose
World Boss: Red Nose', 1);
INSERT INTO entities VALUES ('24ba3b0b-1190-4484-b7ff-01623a069500', 'Red Nose');
INSERT INTO entityEntityTypeXrefs VALUES ('9cd3374b-7ecb-4163-afe8-4b1e2dfb6bb3', '24ba3b0b-1190-4484-b7ff-01623a069500', '2db6eaeb-4a4b-4a83-b958-9785e9cb9e70');
INSERT INTO circles VALUES ('1ae4bbd5-5430-44b6-bf6d-68bbbacd1ab7', '24ba3b0b-1190-4484-b7ff-01623a069500', -71.87674, -85.01221, 11000, 'red', 'red');
INSERT INTO images VALUES('25c8c2f4-2ad7-46bf-887b-0a171ceb60ae', '24ba3b0b-1190-4484-b7ff-01623a069500', NULL, 'http://i.imgur.com/oEadYIP.png');
INSERT INTO notes VALUES('4b81981c-6386-4ab8-bc07-0ac81d9f0236', '24ba3b0b-1190-4484-b7ff-01623a069500', 'Scroll Boss: Red Nose
World Boss: Red Nose', 1);
INSERT INTO entities VALUES ('ac9075ab-5061-4f35-aa73-2fb3853e5def', 'Troll Boss');
INSERT INTO entityEntityTypeXrefs VALUES ('9fc27e2c-fba7-49a4-913e-3836bbdc4c5f', 'ac9075ab-5061-4f35-aa73-2fb3853e5def', '2db6eaeb-4a4b-4a83-b958-9785e9cb9e70');
INSERT INTO markers VALUES ('b50f9824-3a63-43ae-88f4-c7a46f484e84', 'ac9075ab-5061-4f35-aa73-2fb3853e5def', -74.39034, -125.15625, '745b5e7d-9af3-475d-818a-f7913508e333');
INSERT INTO notes VALUES('3c4b6d5c-b77b-4fb3-87be-eff70695db5c', 'ac9075ab-5061-4f35-aa73-2fb3853e5def', 'Scroll Boss: Troll', 1);
INSERT INTO entities VALUES ('0b3007fa-d933-4704-8d76-5b4069621722', 'Troll Boss');
INSERT INTO entityEntityTypeXrefs VALUES ('d6b7e657-4765-4e5d-8e9c-d270d940c36b', '0b3007fa-d933-4704-8d76-5b4069621722', '2db6eaeb-4a4b-4a83-b958-9785e9cb9e70');
INSERT INTO circles VALUES ('019b108d-61f0-4638-ac22-af33b3b9bcd8', '0b3007fa-d933-4704-8d76-5b4069621722', -74.39034, -125.15625, 11000, 'red', 'red');
INSERT INTO notes VALUES('8af60f36-8334-41fc-9f7a-6172619bda5a', '0b3007fa-d933-4704-8d76-5b4069621722', 'Scroll Boss: Troll', 1);
INSERT INTO entities VALUES ('bb72503b-48a4-4d31-8f63-53eba5bf5a02', 'Hebetate Tree Spirits');
INSERT INTO entityEntityTypeXrefs VALUES ('8d6e286e-246d-4f6d-99a7-47759d8219f7', 'bb72503b-48a4-4d31-8f63-53eba5bf5a02', '2db6eaeb-4a4b-4a83-b958-9785e9cb9e70');
INSERT INTO markers VALUES ('72b5c9ee-45d2-4f9c-b821-2efd95cd5e96', 'bb72503b-48a4-4d31-8f63-53eba5bf5a02', -79.38390486, -110.8959961, '745b5e7d-9af3-475d-818a-f7913508e333');
INSERT INTO notes VALUES('1deee88d-8238-4306-ab4a-a2755b4f3d97', 'bb72503b-48a4-4d31-8f63-53eba5bf5a02', 'Scroll Boss: Hebetate Tree Spirits', 1);
INSERT INTO entities VALUES ('e24044d8-3e58-4f11-98d7-98a75f318031', 'Hebetate Tree Spirits');
INSERT INTO entityEntityTypeXrefs VALUES ('c3e66f43-61b5-42e9-951b-23f85ffecb43', 'e24044d8-3e58-4f11-98d7-98a75f318031', '2db6eaeb-4a4b-4a83-b958-9785e9cb9e70');
INSERT INTO circles VALUES ('e08a2031-1843-456d-99d5-bbd4a3f2a34f', 'e24044d8-3e58-4f11-98d7-98a75f318031', -79.38390486, -110.8959961, 11000, 'red', 'red');
INSERT INTO notes VALUES('6cf60dad-1771-47e9-8cfd-b67b3d453e28', 'e24044d8-3e58-4f11-98d7-98a75f318031', 'Scroll Boss: Hebetate Tree Spirits', 1);
INSERT INTO entityTypes VALUES ('789d03e7-0d61-4941-b192-0872f86c80fa', NULL, 'Wood Gathering', TRUE);
INSERT INTO entities VALUES ('ca66c4a5-9439-4e87-ae85-ae718230458b', 'Birch Trees');
INSERT INTO entityEntityTypeXrefs VALUES ('22a6201d-9ed8-47aa-b0d5-daa90867113b', 'ca66c4a5-9439-4e87-ae85-ae718230458b', '789d03e7-0d61-4941-b192-0872f86c80fa');
INSERT INTO polygons VALUES ('d02c6bbf-a117-4986-b7f7-db3c539cdd34', 'ca66c4a5-9439-4e87-ae85-ae718230458b', '[[-75.61772069705145, -110.5224609375],[-73.75120539084017, -109.51171875],[-72.47527631092942, -119.70703125],[-73.46598351882643, -124.365234375],[-74.84492867694821, -125.94726562499999],[-75.70478638174053, -125.0244140625]]', 'green', 'green');
INSERT INTO entities VALUES ('32169778-4316-4c06-90c9-3a4a23568067', 'Pine & Birch Trees');
INSERT INTO entityEntityTypeXrefs VALUES ('8d4fc3ac-63a3-4bfd-b148-c0b553589483', '32169778-4316-4c06-90c9-3a4a23568067', '789d03e7-0d61-4941-b192-0872f86c80fa');
INSERT INTO polygons VALUES ('d355d150-0b9b-4b67-8a08-2ffabc5a7737', '32169778-4316-4c06-90c9-3a4a23568067', '[[-78.49055166160312, -114.12597656249999],[-78.54740718204249, -111.09374999999999],[-78.01188959823632, -109.44580078125],[-78.18408773633777, -101.953125],[-77.51362404249463, -102.98583984374999],[-75.72647204234687, -98.173828125],[-74.25973837093129, -102.6123046875],[-74.07992472707889, -108.80859375],[-77.5515723937156, -111.533203125],[-77.65534600967777, -113.8623046875]]', 'green', 'green');
INSERT INTO entities VALUES ('897d0389-1700-4c47-9b33-5ea03ce76793', 'Ash Trees');
INSERT INTO entityEntityTypeXrefs VALUES ('8dd751e1-9987-4df9-8ed4-6bd0b22092df', '897d0389-1700-4c47-9b33-5ea03ce76793', '789d03e7-0d61-4941-b192-0872f86c80fa');
INSERT INTO polygons VALUES ('dc1e434c-bd4e-480c-8bac-9a60c0be1098', '897d0389-1700-4c47-9b33-5ea03ce76793', '[[-78.33164847573174, -128.232421875],[-78.59529919212491, -132.8466796875],[-77.86034459764655, -134.5166015625],[-76.18499546094715, -130.95703125],[-76.25825951133778, -124.67285156250001],[-77.3895040053973, -124.1015625],[-77.61770905279674, -127.72705078124999]]', 'green', 'green');
INSERT INTO entities VALUES ('43de2258-96ee-4da4-b883-4c2abaeb7e27', 'Birch & Cedar Trees');
INSERT INTO entityEntityTypeXrefs VALUES ('3a2708a6-1958-4fcd-9f4e-58637b74ef1f', '43de2258-96ee-4da4-b883-4c2abaeb7e27', '789d03e7-0d61-4941-b192-0872f86c80fa');
INSERT INTO polygons VALUES ('3d2815e6-0f7b-4616-a72b-4b493ffa9177', '43de2258-96ee-4da4-b883-4c2abaeb7e27', '[[-79.18371183531977, -117.18017578125],[-79.44445301629949, -112.412109375],[-80.40472597853082, -111.4892578125],[-80.33488667580171, -119.92675781249999],[-79.912853863685, -120.43212890625],[-79.87429692631282, -118.45458984375]]', 'green', 'green');
INSERT INTO entities VALUES ('4cd3565b-58fa-4899-bcc4-b18dd61ba5e4', 'Cedar Trees');
INSERT INTO entityEntityTypeXrefs VALUES ('0a5addab-5326-4692-9ae3-4a736a2aa190', '4cd3565b-58fa-4899-bcc4-b18dd61ba5e4', '789d03e7-0d61-4941-b192-0872f86c80fa');
INSERT INTO polygons VALUES ('b0971af2-a4e1-45ca-802e-0e8380a965ad', '4cd3565b-58fa-4899-bcc4-b18dd61ba5e4', '[[-79.14653825419713, -116.65283203124999],[-78.87852828127828, -117.0703125],[-78.72061466471489, -110.41259765625],[-78.34941069014627, -109.13818359375],[-78.38485516080925, -102.3046875],[-78.98398886594947, -103.0517578125],[-79.6674976157923, -105.29296874999999]]', 'green', 'green');
INSERT INTO entities VALUES ('6e38c0f1-0397-43e5-9694-85feb7444b14', 'Fir, Cedar & Pine Trees');
INSERT INTO entityEntityTypeXrefs VALUES ('a2ba6b9b-b63b-49ad-be21-49ef63715555', '6e38c0f1-0397-43e5-9694-85feb7444b14', '789d03e7-0d61-4941-b192-0872f86c80fa');
INSERT INTO polygons VALUES ('4c1a1f0d-30ae-45bc-948a-f13e45ed77d7', '6e38c0f1-0397-43e5-9694-85feb7444b14', '[[-79.68718415450823, -123.0908203125],[-79.07181201408545, -135.3076171875],[-82.02747547132029, -141.240234375],[-83.25709720189782, -128.80371093749997],[-84.00226238768552, -125.2880859375],[-82.64259654376444, -128.3642578125]]', 'green', 'green');
INSERT INTO entities VALUES ('0442f39a-cc5a-409b-8226-8cc9d2694c7a', 'Maple Trees');
INSERT INTO entityEntityTypeXrefs VALUES ('a75f4352-e234-4b31-9917-312772995a34', '0442f39a-cc5a-409b-8226-8cc9d2694c7a', '789d03e7-0d61-4941-b192-0872f86c80fa');
INSERT INTO polygons VALUES ('a78e8625-11e4-496d-8ade-9d72fea1937b', '0442f39a-cc5a-409b-8226-8cc9d2694c7a', '[[-80.55733847711531, -110.9619140625],[-80.58253901012532, -115.81787109375],[-81.30832090051811, -114.49951171875],[-81.29170291808761, -106.63330078125]]', 'green', 'green');
INSERT INTO entityTypes VALUES ('7998ec23-debd-462f-8076-667d38d1b022', NULL, 'Rainbow Nodes', TRUE);
INSERT INTO images VALUES ('ed81e64f-e7ff-4fcb-a927-c1ef31126cbe', NULL, '7998ec23-debd-462f-8076-667d38d1b022', 'undefined');
INSERT INTO entities VALUES ('2885715c-f7b1-4c57-bf59-144e36132449', 'rainbow stone');
INSERT INTO entityEntityTypeXrefs VALUES ('241ba4be-d94a-4c1b-b3a3-05498351618f', '2885715c-f7b1-4c57-bf59-144e36132449', '7998ec23-debd-462f-8076-667d38d1b022');
INSERT INTO markers VALUES ('bf259ee2-b8c3-4e1e-ac52-ffc159bd644c', '2885715c-f7b1-4c57-bf59-144e36132449', -77.1376118, -52.40478516, 'd59882d7-466f-49b3-b626-fe5ed8acec33');
INSERT INTO images VALUES('97c55cc1-b42d-4be5-8013-1f0a75ea80ad', '2885715c-f7b1-4c57-bf59-144e36132449', NULL, 'https://gyazo.com/c808f0db335f0e3fe3c3b47a5cdd924c');
INSERT INTO notes VALUES('3e16221c-1eee-4d03-9f5e-293fba4fc9f2', '2885715c-f7b1-4c57-bf59-144e36132449', '1st node', 1);
INSERT INTO entities VALUES ('b67e2d7b-4d9a-4d85-8d6e-c1de0dab50fe', 'rainbow stone');
INSERT INTO entityEntityTypeXrefs VALUES ('6ea19ca7-a4f1-4468-a9d0-4aab1fd902e7', 'b67e2d7b-4d9a-4d85-8d6e-c1de0dab50fe', '7998ec23-debd-462f-8076-667d38d1b022');
INSERT INTO circles VALUES ('372648ad-aa60-4e42-972a-bfbdcfbf0444', 'b67e2d7b-4d9a-4d85-8d6e-c1de0dab50fe', -77.1376118, -52.40478516, 11000, 'purple', 'purple');
INSERT INTO images VALUES('b1284a6d-86c0-4466-8cd2-378fb9d21b06', 'b67e2d7b-4d9a-4d85-8d6e-c1de0dab50fe', NULL, 'https://gyazo.com/c808f0db335f0e3fe3c3b47a5cdd924c');
INSERT INTO notes VALUES('b9ca851f-a7f5-417b-885b-ddf19ac260b6', 'b67e2d7b-4d9a-4d85-8d6e-c1de0dab50fe', '1st node', 1);
INSERT INTO entities VALUES ('fd965fd6-054d-4939-b015-75004419e0fa', 'rainbow stone II');
INSERT INTO entityEntityTypeXrefs VALUES ('d0eb301c-465e-4e1d-a271-2b17e97c54f4', 'fd965fd6-054d-4939-b015-75004419e0fa', '7998ec23-debd-462f-8076-667d38d1b022');
INSERT INTO markers VALUES ('e7ad205b-cd02-4780-80bc-5e210aa75fe1', 'fd965fd6-054d-4939-b015-75004419e0fa', -76.99004583, -52.97607422, 'd59882d7-466f-49b3-b626-fe5ed8acec33');
INSERT INTO images VALUES('9fd60adb-6af4-4293-a176-258703b78121', 'fd965fd6-054d-4939-b015-75004419e0fa', NULL, 'https://gyazo.com/5af2793307fc2d77ed88a6d5fe4fec95');
INSERT INTO notes VALUES('8cab5fc3-6108-4b3d-aaea-44baffdadc09', 'fd965fd6-054d-4939-b015-75004419e0fa', 'climb rocks. look behind bush.', 1);
INSERT INTO entities VALUES ('a29aa08a-bace-46c2-998a-739c1efcbb32', 'rainbow stone II');
INSERT INTO entityEntityTypeXrefs VALUES ('a101ab49-7128-4f73-9048-4bfab6426231', 'a29aa08a-bace-46c2-998a-739c1efcbb32', '7998ec23-debd-462f-8076-667d38d1b022');
INSERT INTO circles VALUES ('6556cd15-e6fc-4f8c-bcc6-55c6462e2dbc', 'a29aa08a-bace-46c2-998a-739c1efcbb32', -76.99004583, -52.97607422, 11000, 'purple', 'purple');
INSERT INTO images VALUES('2aa762d1-598a-4072-bb31-6f3a7869ce54', 'a29aa08a-bace-46c2-998a-739c1efcbb32', NULL, 'https://gyazo.com/5af2793307fc2d77ed88a6d5fe4fec95');
INSERT INTO notes VALUES('13bcbbbd-8c75-4dfe-b636-12a2fc3aba79', 'a29aa08a-bace-46c2-998a-739c1efcbb32', 'climb rocks. look behind bush.', 1);
INSERT INTO entities VALUES ('3e2a2c6d-5640-4bf5-a63f-1b318bafae6e', 'rainbow stone III');
INSERT INTO entityEntityTypeXrefs VALUES ('ae5284c4-6927-4479-8db0-9b0e3bd5ed8c', '3e2a2c6d-5640-4bf5-a63f-1b318bafae6e', '7998ec23-debd-462f-8076-667d38d1b022');
INSERT INTO markers VALUES ('94c2ed16-4746-466d-9091-5452443623ed', '3e2a2c6d-5640-4bf5-a63f-1b318bafae6e', -76.72022329, -51.13037109, 'd59882d7-466f-49b3-b626-fe5ed8acec33');
INSERT INTO images VALUES('4e06dbb4-3601-43cb-92cc-7e30c73b19f5', '3e2a2c6d-5640-4bf5-a63f-1b318bafae6e', NULL, 'https://gyazo.com/666d8bed0a69d881338942977594c66d');
INSERT INTO notes VALUES('585d70e7-291d-463c-b128-81ffea9f1c92', '3e2a2c6d-5640-4bf5-a63f-1b318bafae6e', 'up the side of yellow-ish rock', 1);
INSERT INTO entities VALUES ('07280ad7-3d9f-4826-a492-3b18f9d2f589', 'rainbow stone III');
INSERT INTO entityEntityTypeXrefs VALUES ('b1c627bc-3bb6-42d0-951b-859233e7332e', '07280ad7-3d9f-4826-a492-3b18f9d2f589', '7998ec23-debd-462f-8076-667d38d1b022');
INSERT INTO circles VALUES ('4e2b161e-0073-4da4-b6c2-5dca5c03ed17', '07280ad7-3d9f-4826-a492-3b18f9d2f589', -76.72022329, -51.13037109, 11000, 'purple', 'purple');
INSERT INTO images VALUES('ed6ea433-a39e-411b-aaaf-73243ab41d59', '07280ad7-3d9f-4826-a492-3b18f9d2f589', NULL, 'https://gyazo.com/666d8bed0a69d881338942977594c66d');
INSERT INTO notes VALUES('0ce79891-6d2d-41ab-9dd7-d369af4360c4', '07280ad7-3d9f-4826-a492-3b18f9d2f589', 'up the side of yellow-ish rock', 1);
INSERT INTO entities VALUES ('c8ad7920-a7e3-424a-a780-d61eb87ca507', 'rainbow stone IV');
INSERT INTO entityEntityTypeXrefs VALUES ('b99c30f7-e18b-43d2-a211-4da325e38c4d', 'c8ad7920-a7e3-424a-a780-d61eb87ca507', '7998ec23-debd-462f-8076-667d38d1b022');
INSERT INTO markers VALUES ('4ef44779-c606-4e95-8e68-b5c89a4da504', 'c8ad7920-a7e3-424a-a780-d61eb87ca507', -76.78567868, -54.58007812, 'd59882d7-466f-49b3-b626-fe5ed8acec33');
INSERT INTO images VALUES('f1df7942-d140-4bf1-a855-20e9ccaacd5e', 'c8ad7920-a7e3-424a-a780-d61eb87ca507', NULL, 'https://gyazo.com/3c89e6a7d8fe2f03e1f38346dfe45737');
INSERT INTO notes VALUES('e0b35386-383f-4b56-8b85-0cc66ec78a75', 'c8ad7920-a7e3-424a-a780-d61eb87ca507', 'hidden behind stone ledge from stone #2', 1);
INSERT INTO entities VALUES ('3d297013-e8b9-471e-a814-1ee400558f40', 'rainbow stone IV');
INSERT INTO entityEntityTypeXrefs VALUES ('4d5929a4-88fe-4924-b95e-f3af8985cc19', '3d297013-e8b9-471e-a814-1ee400558f40', '7998ec23-debd-462f-8076-667d38d1b022');
INSERT INTO circles VALUES ('1b96376a-c08d-47ea-a4cf-e4c1df8a3e4a', '3d297013-e8b9-471e-a814-1ee400558f40', -76.78567868, -54.58007812, 11000, 'purple', 'purple');
INSERT INTO images VALUES('6aa0cb2e-7b99-4873-9545-bfdf5a87f03b', '3d297013-e8b9-471e-a814-1ee400558f40', NULL, 'https://gyazo.com/3c89e6a7d8fe2f03e1f38346dfe45737');
INSERT INTO notes VALUES('9a33f0fe-7906-4950-b3f8-bd6e7aca8bfb', '3d297013-e8b9-471e-a814-1ee400558f40', 'hidden behind stone ledge from stone #2', 1);
INSERT INTO entities VALUES ('47ab5fe8-2ea5-4853-bb5d-3899dd777a81', 'rainbow stone V');
INSERT INTO entityEntityTypeXrefs VALUES ('0eccfd41-2757-4104-a9f9-dc9c4ce600f1', '47ab5fe8-2ea5-4853-bb5d-3899dd777a81', '7998ec23-debd-462f-8076-667d38d1b022');
INSERT INTO markers VALUES ('b0d323f6-5967-4cef-b6d7-0989f4298a02', '47ab5fe8-2ea5-4853-bb5d-3899dd777a81', -76.55263411, -53.41552734, 'd59882d7-466f-49b3-b626-fe5ed8acec33');
INSERT INTO images VALUES('438b2f85-4f90-4bff-9b44-b78e1705e556', '47ab5fe8-2ea5-4853-bb5d-3899dd777a81', NULL, 'https://gyazo.com/bfaa96733d97013cd375fbd4519919be');
INSERT INTO entities VALUES ('da0a8c7b-af3c-4692-85da-9149680c8119', 'rainbow stone V');
INSERT INTO entityEntityTypeXrefs VALUES ('75edab81-b137-4041-be69-d667d28a7618', 'da0a8c7b-af3c-4692-85da-9149680c8119', '7998ec23-debd-462f-8076-667d38d1b022');
INSERT INTO circles VALUES ('fb58a47f-c354-44e1-844b-067926cdfa9b', 'da0a8c7b-af3c-4692-85da-9149680c8119', -76.55263411, -53.41552734, 11000, 'purple', 'purple');
INSERT INTO images VALUES('8e0138f3-6575-486c-8693-72bb05294748', 'da0a8c7b-af3c-4692-85da-9149680c8119', NULL, 'https://gyazo.com/bfaa96733d97013cd375fbd4519919be');
INSERT INTO entities VALUES ('29e6c379-c274-4ce7-8a00-7e7018dcfe6b', 'rainbow stone VI');
INSERT INTO entityEntityTypeXrefs VALUES ('dd73f26b-03ea-4657-8c6a-74791b1445ed', '29e6c379-c274-4ce7-8a00-7e7018dcfe6b', '7998ec23-debd-462f-8076-667d38d1b022');
INSERT INTO markers VALUES ('5b9140f7-0d02-4f75-9052-0261dbdcbc2d', '29e6c379-c274-4ce7-8a00-7e7018dcfe6b', -76.47063313, -53.7890625, 'd59882d7-466f-49b3-b626-fe5ed8acec33');
INSERT INTO images VALUES('0428aa64-050b-44e7-badf-38a31ebfb144', '29e6c379-c274-4ce7-8a00-7e7018dcfe6b', NULL, 'https://gyazo.com/8bc1c1a6fd29e81d22ca31890210398a');
INSERT INTO entities VALUES ('8b2d99fa-65e8-484f-a7a6-dedb04d683bc', 'rainbow stone VI');
INSERT INTO entityEntityTypeXrefs VALUES ('705e2765-64ff-4462-aa23-3117f065f44a', '8b2d99fa-65e8-484f-a7a6-dedb04d683bc', '7998ec23-debd-462f-8076-667d38d1b022');
INSERT INTO circles VALUES ('5cdc6e3a-861b-42f4-9baf-0ed85c8db499', '8b2d99fa-65e8-484f-a7a6-dedb04d683bc', -76.47063313, -53.7890625, 11000, 'purple', 'purple');
INSERT INTO images VALUES('8148d5b1-80a9-417b-88ad-eefc57c95f8c', '8b2d99fa-65e8-484f-a7a6-dedb04d683bc', NULL, 'https://gyazo.com/8bc1c1a6fd29e81d22ca31890210398a');
INSERT INTO entities VALUES ('3ff6ff23-7ba3-4022-83b7-4fc2f406f8a4', 'rainbow stone VII');
INSERT INTO entityEntityTypeXrefs VALUES ('abd4656c-9bcc-4325-9605-ef4f33e77031', '3ff6ff23-7ba3-4022-83b7-4fc2f406f8a4', '7998ec23-debd-462f-8076-667d38d1b022');
INSERT INTO markers VALUES ('a44f9bfe-fbe1-4c48-bae1-25e0d649934a', '3ff6ff23-7ba3-4022-83b7-4fc2f406f8a4', -76.39847989, -52.86621094, 'd59882d7-466f-49b3-b626-fe5ed8acec33');
INSERT INTO images VALUES('b8460519-d43a-4abc-b653-dd4f3e5f56a3', '3ff6ff23-7ba3-4022-83b7-4fc2f406f8a4', NULL, 'https://gyazo.com/9b2c272004df5422733cb961fcc0bdb9');
INSERT INTO entities VALUES ('f7e4261e-920a-43b5-a010-4dc0dbbc7c7f', 'rainbow stone VII');
INSERT INTO entityEntityTypeXrefs VALUES ('16716916-d6fd-4360-a738-379c90b3892c', 'f7e4261e-920a-43b5-a010-4dc0dbbc7c7f', '7998ec23-debd-462f-8076-667d38d1b022');
INSERT INTO circles VALUES ('5fffeb89-2d01-4464-971e-fd2a52abdeac', 'f7e4261e-920a-43b5-a010-4dc0dbbc7c7f', -76.39847989, -52.86621094, 11000, 'purple', 'purple');
INSERT INTO images VALUES('b84b4e14-865e-4585-943e-bf5125d0154d', 'f7e4261e-920a-43b5-a010-4dc0dbbc7c7f', NULL, 'https://gyazo.com/9b2c272004df5422733cb961fcc0bdb9');
INSERT INTO entities VALUES ('4c26fb06-634a-4429-9617-e0bdac960f49', 'rainbow stone VIII');
INSERT INTO entityEntityTypeXrefs VALUES ('b813eb34-957b-4646-80a9-981fa1dd1365', '4c26fb06-634a-4429-9617-e0bdac960f49', '7998ec23-debd-462f-8076-667d38d1b022');
INSERT INTO markers VALUES ('ea5f9653-f1d1-434b-8986-3c6f3aef1632', '4c26fb06-634a-4429-9617-e0bdac960f49', -76.01609366, -55.15136719, 'd59882d7-466f-49b3-b626-fe5ed8acec33');
INSERT INTO images VALUES('76b1f267-409c-4a9b-ad71-350aa7420bb2', '4c26fb06-634a-4429-9617-e0bdac960f49', NULL, 'https://gyazo.com/b7a9992a0fe08949572420113c190ece');
INSERT INTO entities VALUES ('d9e34947-d6ed-47f9-9e63-f9fb34b412f3', 'rainbow stone VIII');
INSERT INTO entityEntityTypeXrefs VALUES ('207e81a1-a3fd-4821-a23a-222043ac28a5', 'd9e34947-d6ed-47f9-9e63-f9fb34b412f3', '7998ec23-debd-462f-8076-667d38d1b022');
INSERT INTO circles VALUES ('d272029a-623f-495e-9e93-bfc602b8c242', 'd9e34947-d6ed-47f9-9e63-f9fb34b412f3', -76.01609366, -55.15136719, 11000, 'purple', 'purple');
INSERT INTO images VALUES('0cdc2b07-929b-454b-96dd-f98378d24715', 'd9e34947-d6ed-47f9-9e63-f9fb34b412f3', NULL, 'https://gyazo.com/b7a9992a0fe08949572420113c190ece');
INSERT INTO entities VALUES ('75cdfa4d-f134-4a0f-89b7-ab0e6e5a86ef', 'rainbow stone IX');
INSERT INTO entityEntityTypeXrefs VALUES ('5d909c7a-467d-4938-8c17-298dde6d5641', '75cdfa4d-f134-4a0f-89b7-ab0e6e5a86ef', '7998ec23-debd-462f-8076-667d38d1b022');
INSERT INTO markers VALUES ('6fc9b546-8a28-4868-88d7-30e18b748c5b', '75cdfa4d-f134-4a0f-89b7-ab0e6e5a86ef', -76.05321304, -56.82128906, 'd59882d7-466f-49b3-b626-fe5ed8acec33');
INSERT INTO images VALUES('006c7431-5597-4be5-9c41-4042522c5330', '75cdfa4d-f134-4a0f-89b7-ab0e6e5a86ef', NULL, 'https://gyazo.com/88135c50654b27a2367695299acc4f7f');
INSERT INTO entities VALUES ('21cf112b-1c88-4aed-a606-4a9eee8ed412', 'rainbow stone IX');
INSERT INTO entityEntityTypeXrefs VALUES ('51735111-ee2e-420c-99b7-df3e999e761e', '21cf112b-1c88-4aed-a606-4a9eee8ed412', '7998ec23-debd-462f-8076-667d38d1b022');
INSERT INTO circles VALUES ('5fe812f3-32d6-4e8e-95ce-ac60ec7ea772', '21cf112b-1c88-4aed-a606-4a9eee8ed412', -76.05321304, -56.82128906, 11000, 'purple', 'purple');
INSERT INTO images VALUES('254de0f3-520c-465e-a9a1-9ca686580499', '21cf112b-1c88-4aed-a606-4a9eee8ed412', NULL, 'https://gyazo.com/88135c50654b27a2367695299acc4f7f');
INSERT INTO entities VALUES ('7427541f-8d9d-4d21-8f79-103b5e60402b', 'rainbow stone X');
INSERT INTO entityEntityTypeXrefs VALUES ('9e56eab3-6b02-47b8-9470-bc5096b79683', '7427541f-8d9d-4d21-8f79-103b5e60402b', '7998ec23-debd-462f-8076-667d38d1b022');
INSERT INTO markers VALUES ('c021d0fc-0ef8-4aa1-ae77-0e7afe2814e9', '7427541f-8d9d-4d21-8f79-103b5e60402b', -75.95756751, -56.55761719, 'd59882d7-466f-49b3-b626-fe5ed8acec33');
INSERT INTO images VALUES('2624562a-c2f6-4c12-a9d6-aca4ac12ac44', '7427541f-8d9d-4d21-8f79-103b5e60402b', NULL, 'https://gyazo.com/9f82133e6d3cb11d4cdac72aa8b361f5');
INSERT INTO entities VALUES ('0ea63433-9f52-4124-8f49-09ac19f0f6d0', 'rainbow stone X');
INSERT INTO entityEntityTypeXrefs VALUES ('aa99a95f-0f02-4a93-b336-373dbe8de74b', '0ea63433-9f52-4124-8f49-09ac19f0f6d0', '7998ec23-debd-462f-8076-667d38d1b022');
INSERT INTO circles VALUES ('3107304b-0022-489e-9e72-beccddc42c56', '0ea63433-9f52-4124-8f49-09ac19f0f6d0', -75.95756751, -56.55761719, 11000, 'purple', 'purple');
INSERT INTO images VALUES('656cde31-7b79-4420-9879-6c0d6ccb7838', '0ea63433-9f52-4124-8f49-09ac19f0f6d0', NULL, 'https://gyazo.com/9f82133e6d3cb11d4cdac72aa8b361f5');
INSERT INTO entities VALUES ('24f40d94-fbe0-4e2b-9474-bb74f0c7da75', 'rainbow stone XI');
INSERT INTO entityEntityTypeXrefs VALUES ('3277da08-4c37-417c-ab67-1fba6eddd334', '24f40d94-fbe0-4e2b-9474-bb74f0c7da75', '7998ec23-debd-462f-8076-667d38d1b022');
INSERT INTO markers VALUES ('744f2cf2-ef81-486a-b1f9-68533d22c75f', '24f40d94-fbe0-4e2b-9474-bb74f0c7da75', -75.69935993, -57.17285156, 'd59882d7-466f-49b3-b626-fe5ed8acec33');
INSERT INTO images VALUES('94725f40-5df7-4327-897b-ab522890b2d8', '24f40d94-fbe0-4e2b-9474-bb74f0c7da75', NULL, 'https://gyazo.com/f61b368a614946e9c78c9124b2bf00e7');
INSERT INTO entities VALUES ('9c03af5d-881a-472d-a569-885468e4080b', 'rainbow stone XI');
INSERT INTO entityEntityTypeXrefs VALUES ('a3f7444a-cd04-4945-a7fd-65ae98679807', '9c03af5d-881a-472d-a569-885468e4080b', '7998ec23-debd-462f-8076-667d38d1b022');
INSERT INTO circles VALUES ('038c72ec-9b8f-4c32-95ac-69f1719e7c8f', '9c03af5d-881a-472d-a569-885468e4080b', -75.69935993, -57.17285156, 11000, 'purple', 'purple');
INSERT INTO images VALUES('ebd67c52-f0b5-4b7a-b74d-ae8109c4e9db', '9c03af5d-881a-472d-a569-885468e4080b', NULL, 'https://gyazo.com/f61b368a614946e9c78c9124b2bf00e7');
INSERT INTO entities VALUES ('a287c82e-6069-4bbf-9930-a406cd54e957', 'rainbow stone XII');
INSERT INTO entityEntityTypeXrefs VALUES ('dbb37a08-5eda-405f-b726-7f2878ff434e', 'a287c82e-6069-4bbf-9930-a406cd54e957', '7998ec23-debd-462f-8076-667d38d1b022');
INSERT INTO markers VALUES ('24f4f32f-d096-403e-a324-a15f5ff4843d', 'a287c82e-6069-4bbf-9930-a406cd54e957', -75.48614809, -53.83300781, 'd59882d7-466f-49b3-b626-fe5ed8acec33');
INSERT INTO images VALUES('31d9ccb4-2772-419e-bb70-ffe5bd0e2be7', 'a287c82e-6069-4bbf-9930-a406cd54e957', NULL, 'https://gyazo.com/fc15ee28c73d9e9215411b1c62cd20c9');
INSERT INTO entities VALUES ('a5fe1482-a69e-4aa3-b9ed-76bd01318f8a', 'rainbow stone XII');
INSERT INTO entityEntityTypeXrefs VALUES ('18df7f77-3a02-4734-a06a-e506233f6a6f', 'a5fe1482-a69e-4aa3-b9ed-76bd01318f8a', '7998ec23-debd-462f-8076-667d38d1b022');
INSERT INTO circles VALUES ('3ba3d942-4909-49bf-86c9-334ca930e391', 'a5fe1482-a69e-4aa3-b9ed-76bd01318f8a', -75.48614809, -53.83300781, 11000, 'purple', 'purple');
INSERT INTO images VALUES('5cfa37be-f92b-4514-a329-568d3aee5d86', 'a5fe1482-a69e-4aa3-b9ed-76bd01318f8a', NULL, 'https://gyazo.com/fc15ee28c73d9e9215411b1c62cd20c9');
INSERT INTO entities VALUES ('a93f8171-e7d2-429b-b277-8759709a92f1', 'rainbow stone XIII');
INSERT INTO entityEntityTypeXrefs VALUES ('84626c1b-2be4-4e6c-a239-e85a0983a9b6', 'a93f8171-e7d2-429b-b277-8759709a92f1', '7998ec23-debd-462f-8076-667d38d1b022');
INSERT INTO markers VALUES ('3e58345e-fac4-4a88-a4bb-6b66b190cf0c', 'a93f8171-e7d2-429b-b277-8759709a92f1', -75.28099643, -53.26171875, 'd59882d7-466f-49b3-b626-fe5ed8acec33');
INSERT INTO images VALUES('29d48c6d-1d7c-4e3a-952e-291ee1ef4d52', 'a93f8171-e7d2-429b-b277-8759709a92f1', NULL, 'https://gyazo.com/a6190da67033633a62abd640d21d58da');
INSERT INTO entities VALUES ('915c26ab-044b-4704-87d0-a72405fbd9e6', 'rainbow stone XIII');
INSERT INTO entityEntityTypeXrefs VALUES ('dd34dc88-5913-4d6c-b75c-20e3f77f36f2', '915c26ab-044b-4704-87d0-a72405fbd9e6', '7998ec23-debd-462f-8076-667d38d1b022');
INSERT INTO circles VALUES ('59bed3f7-7b15-4baa-aaf0-868926a930e4', '915c26ab-044b-4704-87d0-a72405fbd9e6', -75.28099643, -53.26171875, 11000, 'purple', 'purple');
INSERT INTO images VALUES('40d575f3-1045-4467-aed2-18408af45dec', '915c26ab-044b-4704-87d0-a72405fbd9e6', NULL, 'https://gyazo.com/a6190da67033633a62abd640d21d58da');
INSERT INTO entities VALUES ('e17c7c3f-0d75-44d6-9969-ba7f54693db8', 'rainbow stone XIV');
INSERT INTO entityEntityTypeXrefs VALUES ('e7a0266f-bb0f-467c-9ac4-773164b9c275', 'e17c7c3f-0d75-44d6-9969-ba7f54693db8', '7998ec23-debd-462f-8076-667d38d1b022');
INSERT INTO markers VALUES ('6b3d0bda-f8c8-4272-9768-76aa7d12939a', 'e17c7c3f-0d75-44d6-9969-ba7f54693db8', -75.28099643, -52.51464844, 'd59882d7-466f-49b3-b626-fe5ed8acec33');
INSERT INTO images VALUES('9f5c9206-2ecb-46e0-b5c4-95926d47f23a', 'e17c7c3f-0d75-44d6-9969-ba7f54693db8', NULL, 'https://gyazo.com/e845415d1dbc2878780e90b2ed37a504');
INSERT INTO entities VALUES ('d49e0ba2-9081-400d-8bbb-b9b6478222a9', 'rainbow stone XIV');
INSERT INTO entityEntityTypeXrefs VALUES ('cd02c9d1-3f98-418d-afe1-ebd647df0bae', 'd49e0ba2-9081-400d-8bbb-b9b6478222a9', '7998ec23-debd-462f-8076-667d38d1b022');
INSERT INTO circles VALUES ('864c9df9-c212-4f3c-8677-ec4d82422ad1', 'd49e0ba2-9081-400d-8bbb-b9b6478222a9', -75.28099643, -52.51464844, 11000, 'purple', 'purple');
INSERT INTO images VALUES('78ce459b-ae3d-4b63-818f-596cb3c436ac', 'd49e0ba2-9081-400d-8bbb-b9b6478222a9', NULL, 'https://gyazo.com/e845415d1dbc2878780e90b2ed37a504');
INSERT INTO entities VALUES ('dfcdfb6c-9dff-4715-a336-880f1f562bf8', 'rainbow stone XV');
INSERT INTO entityEntityTypeXrefs VALUES ('00fdcac1-2390-448a-bc3c-f4392dcb198a', 'dfcdfb6c-9dff-4715-a336-880f1f562bf8', '7998ec23-debd-462f-8076-667d38d1b022');
INSERT INTO markers VALUES ('e054789d-a3d8-4368-953b-bea20fd75d02', 'dfcdfb6c-9dff-4715-a336-880f1f562bf8', -74.96509259, -55.50292969, 'd59882d7-466f-49b3-b626-fe5ed8acec33');
INSERT INTO images VALUES('89561131-36b2-469d-98a2-fa182fc00921', 'dfcdfb6c-9dff-4715-a336-880f1f562bf8', NULL, 'https://gyazo.com/d9b22cd7dc87645debf783247db14fb3');
INSERT INTO entities VALUES ('a0c3bee1-31a9-45fa-8a27-fd6ca1ae2ad8', 'rainbow stone XV');
INSERT INTO entityEntityTypeXrefs VALUES ('2e62c5b7-a864-402d-982c-4d5c7d9c7ba7', 'a0c3bee1-31a9-45fa-8a27-fd6ca1ae2ad8', '7998ec23-debd-462f-8076-667d38d1b022');
INSERT INTO circles VALUES ('04e07edb-8fa9-4501-ab51-78ed7123682a', 'a0c3bee1-31a9-45fa-8a27-fd6ca1ae2ad8', -74.96509259, -55.50292969, 11000, 'purple', 'purple');
INSERT INTO images VALUES('80423abe-f757-4b31-a413-028111f9b817', 'a0c3bee1-31a9-45fa-8a27-fd6ca1ae2ad8', NULL, 'https://gyazo.com/d9b22cd7dc87645debf783247db14fb3');
INSERT INTO entities VALUES ('65857364-eaaf-4505-822e-5127a70a3d00', 'rainbow stone XVI');
INSERT INTO entityEntityTypeXrefs VALUES ('5e00b96c-8d59-40a7-ba0f-3cc7b24f34b6', '65857364-eaaf-4505-822e-5127a70a3d00', '7998ec23-debd-462f-8076-667d38d1b022');
INSERT INTO markers VALUES ('e7c37d1e-d044-4e3d-9499-4cfe15040288', '65857364-eaaf-4505-822e-5127a70a3d00', -74.85641315, -54.84375, 'd59882d7-466f-49b3-b626-fe5ed8acec33');
INSERT INTO images VALUES('cdce3cb5-3e2d-4ad3-95b3-99608a9a96d7', '65857364-eaaf-4505-822e-5127a70a3d00', NULL, 'https://gyazo.com/fee5e4d5821918a32881a680a09e5834');
INSERT INTO entities VALUES ('d8fdaebe-98c0-40b5-8831-8a71c0249b16', 'rainbow stone XVI');
INSERT INTO entityEntityTypeXrefs VALUES ('ede18116-8a4f-4841-bb14-f3f3d89fb684', 'd8fdaebe-98c0-40b5-8831-8a71c0249b16', '7998ec23-debd-462f-8076-667d38d1b022');
INSERT INTO circles VALUES ('039d1f2f-ed51-46fd-a24c-81003b1687d3', 'd8fdaebe-98c0-40b5-8831-8a71c0249b16', -74.85641315, -54.84375, 11000, 'purple', 'purple');
INSERT INTO images VALUES('c6fa2d1d-ef88-4f33-946c-92e8238b44c6', 'd8fdaebe-98c0-40b5-8831-8a71c0249b16', NULL, 'https://gyazo.com/fee5e4d5821918a32881a680a09e5834');
INSERT INTO entities VALUES ('abdcbc48-8841-4dff-b2e5-108ad1e72fd1', 'rainbow stone XVII');
INSERT INTO entityEntityTypeXrefs VALUES ('00130931-5087-483e-a084-522cb513b62c', 'abdcbc48-8841-4dff-b2e5-108ad1e72fd1', '7998ec23-debd-462f-8076-667d38d1b022');
INSERT INTO markers VALUES ('ff819a07-3b7c-4a62-b3d2-d945f951dee3', 'abdcbc48-8841-4dff-b2e5-108ad1e72fd1', -74.59010801, -52.93212891, 'd59882d7-466f-49b3-b626-fe5ed8acec33');
INSERT INTO images VALUES('e3b64b8f-f92b-4e20-b626-b03a4b4d3420', 'abdcbc48-8841-4dff-b2e5-108ad1e72fd1', NULL, 'https://gyazo.com/f4f5692b2284d85d57f4a47a8204119e');
INSERT INTO entities VALUES ('52cf8b20-870d-45bc-8fc0-973d6829deee', 'rainbow stone XVII');
INSERT INTO entityEntityTypeXrefs VALUES ('83c4fbd9-5b05-4256-972f-0d8db4ffb9e5', '52cf8b20-870d-45bc-8fc0-973d6829deee', '7998ec23-debd-462f-8076-667d38d1b022');
INSERT INTO circles VALUES ('b6762675-94b4-47df-b1ad-462bc09b47da', '52cf8b20-870d-45bc-8fc0-973d6829deee', -74.59010801, -52.93212891, 11000, 'purple', 'purple');
INSERT INTO images VALUES('088a1793-3a08-4384-986a-7414e3177407', '52cf8b20-870d-45bc-8fc0-973d6829deee', NULL, 'https://gyazo.com/f4f5692b2284d85d57f4a47a8204119e');
INSERT INTO entities VALUES ('9af37bbf-2eb3-4148-ac34-63d496e38e30', 'rainbow stone XVIII');
INSERT INTO entityEntityTypeXrefs VALUES ('8c59c0f1-d818-49f0-93de-7ccc1deb0b01', '9af37bbf-2eb3-4148-ac34-63d496e38e30', '7998ec23-debd-462f-8076-667d38d1b022');
INSERT INTO markers VALUES ('72ae0f97-0a5f-4b83-b3fd-96a3a2af5890', '9af37bbf-2eb3-4148-ac34-63d496e38e30', -74.64838651, -50.38330078, 'd59882d7-466f-49b3-b626-fe5ed8acec33');
INSERT INTO images VALUES('4a305cdd-867f-4290-8f04-d815ad000e1c', '9af37bbf-2eb3-4148-ac34-63d496e38e30', NULL, 'https://gyazo.com/10ab577b83b82bcebf6515b71e7c837a');
INSERT INTO notes VALUES('6c4c0c84-4d05-49dd-bd79-69e36f5badef', '9af37bbf-2eb3-4148-ac34-63d496e38e30', 'hidden on path heading into mtn from where you jumped down.', 1);
INSERT INTO entities VALUES ('c992bdcf-a22a-4eee-83bb-b476ef2d2940', 'rainbow stone XVIII');
INSERT INTO entityEntityTypeXrefs VALUES ('cfd04965-be58-4417-b1f7-71d14e5bffd4', 'c992bdcf-a22a-4eee-83bb-b476ef2d2940', '7998ec23-debd-462f-8076-667d38d1b022');
INSERT INTO circles VALUES ('101a051d-8b52-4f5a-967e-c0a1b89a3d91', 'c992bdcf-a22a-4eee-83bb-b476ef2d2940', -74.64838651, -50.38330078, 11000, 'purple', 'purple');
INSERT INTO images VALUES('9b85d164-f70c-4ae7-8208-f04f78993aa6', 'c992bdcf-a22a-4eee-83bb-b476ef2d2940', NULL, 'https://gyazo.com/10ab577b83b82bcebf6515b71e7c837a');
INSERT INTO notes VALUES('de918674-4bc7-4c57-96a3-1f03a251a266', 'c992bdcf-a22a-4eee-83bb-b476ef2d2940', 'hidden on path heading into mtn from where you jumped down.', 1);
INSERT INTO entities VALUES ('28b1682c-385a-4ca4-9ced-0a784a74571e', 'rainbow stone XIX');
INSERT INTO entityEntityTypeXrefs VALUES ('88ca2241-981f-473d-aded-4473c0b87d60', '28b1682c-385a-4ca4-9ced-0a784a74571e', '7998ec23-debd-462f-8076-667d38d1b022');
INSERT INTO markers VALUES ('ba81f8d3-521a-4184-809d-0cbe7d3868c7', '28b1682c-385a-4ca4-9ced-0a784a74571e', -74.74118496, -50.91064453, 'd59882d7-466f-49b3-b626-fe5ed8acec33');
INSERT INTO images VALUES('f42f4c47-1989-40a7-8ad5-8f4bccc90107', '28b1682c-385a-4ca4-9ced-0a784a74571e', NULL, 'https://gyazo.com/e571f81b172069cd28075651675fd4de');
INSERT INTO notes VALUES('afd15068-c32f-4cc6-a9db-38b0a0db8c54', '28b1682c-385a-4ca4-9ced-0a784a74571e', 'follow path to bottom', 1);
INSERT INTO entities VALUES ('cd1c5745-cfd8-4687-abb9-c658983fd7d3', 'rainbow stone XIX');
INSERT INTO entityEntityTypeXrefs VALUES ('48f852bd-00b1-45d2-9a6c-ff37aaca6b2d', 'cd1c5745-cfd8-4687-abb9-c658983fd7d3', '7998ec23-debd-462f-8076-667d38d1b022');
INSERT INTO circles VALUES ('2368bc73-9981-4ff8-8ff3-7bdd889f0e56', 'cd1c5745-cfd8-4687-abb9-c658983fd7d3', -74.74118496, -50.91064453, 11000, 'purple', 'purple');
INSERT INTO images VALUES('15a9d884-bf03-435e-934a-981900411cff', 'cd1c5745-cfd8-4687-abb9-c658983fd7d3', NULL, 'https://gyazo.com/e571f81b172069cd28075651675fd4de');
INSERT INTO notes VALUES('1fea36f5-ccce-4c71-813c-37a1b3e73dae', 'cd1c5745-cfd8-4687-abb9-c658983fd7d3', 'follow path to bottom', 1);
INSERT INTO entities VALUES ('78763f65-a9c1-4632-83e9-376f8e658130', 'rainbow stone XX');
INSERT INTO entityEntityTypeXrefs VALUES ('9b4c0ee1-91b4-409d-b965-2a87bf31cd1d', '78763f65-a9c1-4632-83e9-376f8e658130', '7998ec23-debd-462f-8076-667d38d1b022');
INSERT INTO markers VALUES ('2ae4fc29-21cf-4634-b8fb-c59341a3b768', '78763f65-a9c1-4632-83e9-376f8e658130', -75.05035357, -50.03173828, 'd59882d7-466f-49b3-b626-fe5ed8acec33');
INSERT INTO images VALUES('1b9c60a8-97a3-42e0-a199-604b13aff0a3', '78763f65-a9c1-4632-83e9-376f8e658130', NULL, 'https://gyazo.com/ad2939a961320cef923b25493fb28a99');
INSERT INTO notes VALUES('788931ad-5474-41e4-b2f5-e196e2fcc926', '78763f65-a9c1-4632-83e9-376f8e658130', 'outside of the opening at the bottom', 1);
INSERT INTO entities VALUES ('56290a00-380c-44d9-bd2e-9412f87fcb96', 'rainbow stone XX');
INSERT INTO entityEntityTypeXrefs VALUES ('e9ebf1a8-7310-4506-8068-31936908d325', '56290a00-380c-44d9-bd2e-9412f87fcb96', '7998ec23-debd-462f-8076-667d38d1b022');
INSERT INTO circles VALUES ('20c61aad-cd0d-4ad7-b9e9-3bd9b1f043b7', '56290a00-380c-44d9-bd2e-9412f87fcb96', -75.05035357, -50.03173828, 11000, 'purple', 'purple');
INSERT INTO images VALUES('4355bcc2-5a9f-4593-82f6-9628fc4d88df', '56290a00-380c-44d9-bd2e-9412f87fcb96', NULL, 'https://gyazo.com/ad2939a961320cef923b25493fb28a99');
INSERT INTO notes VALUES('373b4f75-7db3-470d-bdfc-c45279bad9f5', '56290a00-380c-44d9-bd2e-9412f87fcb96', 'outside of the opening at the bottom', 1);
INSERT INTO entities VALUES ('74501045-353b-4a6d-bde3-178d2668d1ff', 'rainbow stone XXI');
INSERT INTO entityEntityTypeXrefs VALUES ('cf8c6e5a-cd7e-494e-9082-61041fb5fe3a', '74501045-353b-4a6d-bde3-178d2668d1ff', '7998ec23-debd-462f-8076-667d38d1b022');
INSERT INTO markers VALUES ('60d1adf1-ed24-4cb9-ab89-6dbfc7de19f2', '74501045-353b-4a6d-bde3-178d2668d1ff', -75.05035357, -48.93310547, 'd59882d7-466f-49b3-b626-fe5ed8acec33');
INSERT INTO images VALUES('1bfd65c0-3b64-4fa0-9513-9550cfbbf7c2', '74501045-353b-4a6d-bde3-178d2668d1ff', NULL, 'https://gyazo.com/454f42b0b5fe910bb321dbcb3d1cab46');
INSERT INTO notes VALUES('7d20d549-4bd7-4f3b-a609-c1e9ed2b60c8', '74501045-353b-4a6d-bde3-178d2668d1ff', 'outside of the opening at the bottom', 1);
INSERT INTO entities VALUES ('d5190258-bcaf-43d6-9890-7a5827559f37', 'rainbow stone XXI');
INSERT INTO entityEntityTypeXrefs VALUES ('dec620d7-05be-42ab-b20c-0d10c192e7e6', 'd5190258-bcaf-43d6-9890-7a5827559f37', '7998ec23-debd-462f-8076-667d38d1b022');
INSERT INTO circles VALUES ('8e45020d-09b0-4a02-8e2e-0e38881a0060', 'd5190258-bcaf-43d6-9890-7a5827559f37', -75.05035357, -48.93310547, 11000, 'purple', 'purple');
INSERT INTO images VALUES('78981c77-b5f8-403b-b540-25f4e4700133', 'd5190258-bcaf-43d6-9890-7a5827559f37', NULL, 'https://gyazo.com/454f42b0b5fe910bb321dbcb3d1cab46');
INSERT INTO notes VALUES('f46d35db-2e05-45c5-a693-9fb790f9d1a4', 'd5190258-bcaf-43d6-9890-7a5827559f37', 'outside of the opening at the bottom', 1);
INSERT INTO entityTypes VALUES ('ad819394-3f08-43fd-978a-9f5347dfb689', NULL, 'Villages', TRUE);
INSERT INTO entityTypes VALUES ('46b60cde-6f20-4065-80b3-acf944fff3e5', NULL, 'Farms', TRUE);
INSERT INTO entityTypes VALUES ('a214e720-d0e4-4245-9b44-b8aead93278b', NULL, 'Danger', TRUE);
INSERT INTO entityTypes VALUES ('b17bd6d1-67bb-450d-b1de-d7f55b679c06', NULL, 'Connect', TRUE);
INSERT INTO entityTypes VALUES ('7030f8b9-e558-4e7a-b818-d89a80f46397', NULL, 'Trade', TRUE);