INSERT INTO icons (id, name, url) VALUES ('246e45b0-c552-469e-89f4-95d792032e6f', 'fish', 'img/fish.png');
INSERT INTO icons (id, name, url) VALUES ('f09260b3-8016-408b-84ec-d34d3a16a119', 'treasure', 'img/treasure.png');
INSERT INTO icons (id, name, url) VALUES ('1f66a0df-f112-4065-acfa-c28c3f001f08', 'town', 'img/town.png');
INSERT INTO icons (id, name, url) VALUES ('26c9dc03-d8c9-4ec9-b523-b13f70c4101c', 'horse', 'img/horse.png');
INSERT INTO icons (id, name, url) VALUES ('83400f84-f628-4e85-80f0-ee165ea16c4e', 'boss', 'img/boss.png');
INSERT INTO icons (id, name, url) VALUES ('54cd3f2b-8c82-444b-abe0-6da31cc1827c', 'misc', 'img/misc.png');
INSERT INTO entityTypes (id, parentId, name, show) VALUES ('cc87f654-5795-42f2-8813-c4943d339069', NULL, 'Towns', TRUE);
INSERT INTO images (id, entityId, entityTypeId, url) VALUES ('a909907a-5df8-41d0-b78f-020f08b5659a', NULL, 'cc87f654-5795-42f2-8813-c4943d339069', 'undefined');
INSERT INTO entities (id, title) VALUES ('01b83345-c4e6-4f27-b030-35cf54efcc2a', 'Altinova');
INSERT INTO entityEntityTypeXrefs (id, entityId, entityTypeId) VALUES ('95f5c92d-cca6-4207-a9d9-0bea91aa59c5', '01b83345-c4e6-4f27-b030-35cf54efcc2a', 'cc87f654-5795-42f2-8813-c4943d339069');
INSERT INTO markers (id, entityId, latitude, longitude, iconId) VALUES ('16a5f104-e906-4215-b6fe-864386b1702a', '01b83345-c4e6-4f27-b030-35cf54efcc2a', -79.28631, -5.47119, '1f66a0df-f112-4065-acfa-c28c3f001f08');
INSERT INTO entities (id, title) VALUES ('69db0e73-f77d-40e3-b8e8-4c81e6e7583e', 'Behr');
INSERT INTO entityEntityTypeXrefs (id, entityId, entityTypeId) VALUES ('31ee3245-efa6-4de3-9309-a1c43acdf17e', '69db0e73-f77d-40e3-b8e8-4c81e6e7583e', 'cc87f654-5795-42f2-8813-c4943d339069');
INSERT INTO markers (id, entityId, latitude, longitude, iconId) VALUES ('19f4160a-ca28-4ced-9a66-3ea7c40d1996', '69db0e73-f77d-40e3-b8e8-4c81e6e7583e', -83.64297, -129.1333, '1f66a0df-f112-4065-acfa-c28c3f001f08');
INSERT INTO entities (id, title) VALUES ('4b6e0e9d-bca2-4e86-934b-3940b63c6708', 'Calpheon');
INSERT INTO entityEntityTypeXrefs (id, entityId, entityTypeId) VALUES ('74d9c226-f1b2-4b17-b7c2-8c4882f5c895', '4b6e0e9d-bca2-4e86-934b-3940b63c6708', 'cc87f654-5795-42f2-8813-c4943d339069');
INSERT INTO markers (id, entityId, latitude, longitude, iconId) VALUES ('773ae573-1a9d-4e86-8632-58940fafe85c', '4b6e0e9d-bca2-4e86-934b-3940b63c6708', -78.55613, -122.7832, '1f66a0df-f112-4065-acfa-c28c3f001f08');
INSERT INTO entities (id, title) VALUES ('0c03025d-e0b3-4016-97e7-a4aa929471de', 'Epheria Port');
INSERT INTO entityEntityTypeXrefs (id, entityId, entityTypeId) VALUES ('92f74c5e-76db-4352-b3df-49426335c342', '0c03025d-e0b3-4016-97e7-a4aa929471de', 'cc87f654-5795-42f2-8813-c4943d339069');
INSERT INTO markers (id, entityId, latitude, longitude, iconId) VALUES ('74cc3559-47f9-4f3d-8e79-110616448dc5', '0c03025d-e0b3-4016-97e7-a4aa929471de', -74.67164, -143.04199, '1f66a0df-f112-4065-acfa-c28c3f001f08');
INSERT INTO entities (id, title) VALUES ('4ccd0775-3f69-4afa-acb3-d94bb7182ffd', 'Florin');
INSERT INTO entityEntityTypeXrefs (id, entityId, entityTypeId) VALUES ('b2fdc67b-cb45-40a0-b859-b1231586b176', '4ccd0775-3f69-4afa-acb3-d94bb7182ffd', 'cc87f654-5795-42f2-8813-c4943d339069');
INSERT INTO markers (id, entityId, latitude, longitude, iconId) VALUES ('b6dbdfa5-c474-4eb2-8ad1-60f6f3f4caff', '4ccd0775-3f69-4afa-acb3-d94bb7182ffd', -73.65254, -108.63281, '1f66a0df-f112-4065-acfa-c28c3f001f08');
INSERT INTO entities (id, title) VALUES ('5e61a537-cb97-4c54-b763-9283a5699a4e', 'Glish');
INSERT INTO entityEntityTypeXrefs (id, entityId, entityTypeId) VALUES ('38b661e5-d600-435c-8d1d-d3a2bcfbdff0', '5e61a537-cb97-4c54-b763-9283a5699a4e', 'cc87f654-5795-42f2-8813-c4943d339069');
INSERT INTO markers (id, entityId, latitude, longitude, iconId) VALUES ('2faa0118-cd9a-47d8-a7a1-5c01af529190', '5e61a537-cb97-4c54-b763-9283a5699a4e', -80.8204, -78.39844, '1f66a0df-f112-4065-acfa-c28c3f001f08');
INSERT INTO entities (id, title) VALUES ('a66da48e-4cf9-455e-aaa0-47c087b46660', 'Heidel');
INSERT INTO entityEntityTypeXrefs (id, entityId, entityTypeId) VALUES ('0311febb-c6c8-45f3-a9d2-43998685d5ee', 'a66da48e-4cf9-455e-aaa0-47c087b46660', 'cc87f654-5795-42f2-8813-c4943d339069');
INSERT INTO markers (id, entityId, latitude, longitude, iconId) VALUES ('05ddb658-b814-4692-be6e-d7aae184628f', 'a66da48e-4cf9-455e-aaa0-47c087b46660', -77.81405, -64.95117, '1f66a0df-f112-4065-acfa-c28c3f001f08');
INSERT INTO entities (id, title) VALUES ('10370867-42a5-4988-8f1c-cf5960c45b24', 'Iliya');
INSERT INTO entityEntityTypeXrefs (id, entityId, entityTypeId) VALUES ('cba8f76d-b27e-4cca-b0ce-153841625859', '10370867-42a5-4988-8f1c-cf5960c45b24', 'cc87f654-5795-42f2-8813-c4943d339069');
INSERT INTO markers (id, entityId, latitude, longitude, iconId) VALUES ('cff1935f-91ea-41fe-8fc1-0999d881b5bd', '10370867-42a5-4988-8f1c-cf5960c45b24', -54.23955, -44.47266, '1f66a0df-f112-4065-acfa-c28c3f001f08');
INSERT INTO entities (id, title) VALUES ('8230cb72-4e4a-49d8-9143-e33284735d31', 'Kelphan');
INSERT INTO entityEntityTypeXrefs (id, entityId, entityTypeId) VALUES ('87b13259-6a20-42cd-9bef-1b0cd0fc8a93', '8230cb72-4e4a-49d8-9143-e33284735d31', 'cc87f654-5795-42f2-8813-c4943d339069');
INSERT INTO markers (id, entityId, latitude, longitude, iconId) VALUES ('a8c7da90-b18d-4456-ba4c-4ad1ae704284', '8230cb72-4e4a-49d8-9143-e33284735d31', -81.68514, -104.96338, '1f66a0df-f112-4065-acfa-c28c3f001f08');
INSERT INTO entities (id, title) VALUES ('c1740681-3385-440a-a4bf-c927860425e0', 'Northern Wheat Plantation');
INSERT INTO entityEntityTypeXrefs (id, entityId, entityTypeId) VALUES ('e7a97bd2-7e7c-459f-a98e-2bcd547f03c6', 'c1740681-3385-440a-a4bf-c927860425e0', 'cc87f654-5795-42f2-8813-c4943d339069');
INSERT INTO markers (id, entityId, latitude, longitude, iconId) VALUES ('7a3694c7-7b81-40d2-bc34-4a3412c10867', 'c1740681-3385-440a-a4bf-c927860425e0', -76.62398, -115.90576, '1f66a0df-f112-4065-acfa-c28c3f001f08');
INSERT INTO entities (id, title) VALUES ('3dc6fe57-b8f2-4186-b5b8-c8ac9bc81eec', 'Olvia');
INSERT INTO entityEntityTypeXrefs (id, entityId, entityTypeId) VALUES ('a15ed488-9675-42b2-b4d7-4d91bbfd78d9', '3dc6fe57-b8f2-4186-b5b8-c8ac9bc81eec', 'cc87f654-5795-42f2-8813-c4943d339069');
INSERT INTO markers (id, entityId, latitude, longitude, iconId) VALUES ('f0123bdc-4ebc-41e8-aa1d-1db3977339dd', '3dc6fe57-b8f2-4186-b5b8-c8ac9bc81eec', -69.51915, -102.83203, '1f66a0df-f112-4065-acfa-c28c3f001f08');
INSERT INTO entities (id, title) VALUES ('c0806601-8011-4944-9889-43ed7d369313', 'Tarif');
INSERT INTO entityEntityTypeXrefs (id, entityId, entityTypeId) VALUES ('f0f9da09-397a-408f-96f6-17ad4df9d1b0', 'c0806601-8011-4944-9889-43ed7d369313', 'cc87f654-5795-42f2-8813-c4943d339069');
INSERT INTO markers (id, entityId, latitude, longitude, iconId) VALUES ('bdf59910-7ebe-43b5-8057-a8eac1dcfcb6', 'c0806601-8011-4944-9889-43ed7d369313', -79.43237, -31.72852, '1f66a0df-f112-4065-acfa-c28c3f001f08');
INSERT INTO entities (id, title) VALUES ('cec45427-0aec-4a9e-b3b0-2d29d6b8182a', 'Trent');
INSERT INTO entityEntityTypeXrefs (id, entityId, entityTypeId) VALUES ('99d93ede-2861-4cfc-9d1c-c5fe194bc82d', 'cec45427-0aec-4a9e-b3b0-2d29d6b8182a', 'cc87f654-5795-42f2-8813-c4943d339069');
INSERT INTO markers (id, entityId, latitude, longitude, iconId) VALUES ('e5c4d683-0de0-47e6-ab95-deabe4bf3947', 'cec45427-0aec-4a9e-b3b0-2d29d6b8182a', -82.41983, -145.72266, '1f66a0df-f112-4065-acfa-c28c3f001f08');
INSERT INTO entities (id, title) VALUES ('7f0140b7-1286-42b8-b0ea-260e9497e177', 'Velia');
INSERT INTO entityEntityTypeXrefs (id, entityId, entityTypeId) VALUES ('affa9ed5-0cbe-4833-b00d-1560a03526a1', '7f0140b7-1286-42b8-b0ea-260e9497e177', 'cc87f654-5795-42f2-8813-c4943d339069');
INSERT INTO markers (id, entityId, latitude, longitude, iconId) VALUES ('5a5bf708-7890-4f65-a37c-69319053c28c', '7f0140b7-1286-42b8-b0ea-260e9497e177', -72.28907, -72.09229, '1f66a0df-f112-4065-acfa-c28c3f001f08');
INSERT INTO entities (id, title) VALUES ('2b426d98-67ba-4af7-8aec-db6ad591d2f2', 'Western Guard Camp');
INSERT INTO entityEntityTypeXrefs (id, entityId, entityTypeId) VALUES ('0f447d54-abec-4ab3-8ac7-ca3d750627fb', '2b426d98-67ba-4af7-8aec-db6ad591d2f2', 'cc87f654-5795-42f2-8813-c4943d339069');
INSERT INTO markers (id, entityId, latitude, longitude, iconId) VALUES ('f54de361-084f-4d9b-8646-01dbdeaf8790', '2b426d98-67ba-4af7-8aec-db6ad591d2f2', -74.30735, -86.96777, '1f66a0df-f112-4065-acfa-c28c3f001f08');
INSERT INTO entityTypes (id, parentId, name, show) VALUES ('aabdbdb5-5654-4e97-b122-c189267bfa68', NULL, 'Fishing', TRUE);
INSERT INTO images (id, entityId, entityTypeId, url) VALUES ('7b7bd273-1908-4d50-9554-845d2fc8856c', NULL, 'aabdbdb5-5654-4e97-b122-c189267bfa68', 'undefined');
INSERT INTO entities (id, title) VALUES ('f4a7b77c-d4f4-4bf2-84e9-9f044d2a559c', 'Thermian 1');
INSERT INTO entityEntityTypeXrefs (id, entityId, entityTypeId) VALUES ('44d861d9-0cb0-4ab2-8c84-080242ea6215', 'f4a7b77c-d4f4-4bf2-84e9-9f044d2a559c', 'aabdbdb5-5654-4e97-b122-c189267bfa68');
INSERT INTO markers (id, entityId, latitude, longitude, iconId) VALUES ('7fd86fd4-8c6c-4178-8935-a24ee0eb8098', 'f4a7b77c-d4f4-4bf2-84e9-9f044d2a559c', -65.80278, -110.61035, '246e45b0-c552-469e-89f4-95d792032e6f');
INSERT INTO images (id, entityId, entityTypeId, url) VALUES('c2da3389-ff3f-421a-b128-3867c041775f', 'f4a7b77c-d4f4-4bf2-84e9-9f044d2a559c', NULL, 'http://i.imgur.com/sZmUPDa.jpg');
INSERT INTO notes (id, entityId, note, position) VALUES('86d72055-62ec-47c7-96dd-6dd3a7dbc006', 'f4a7b77c-d4f4-4bf2-84e9-9f044d2a559c', 'On the beach, hard to miss.', 1);
INSERT INTO entities (id, title) VALUES ('6dddbf5c-efc2-4cf3-ad6d-09df541706fc', 'Altinova 1');
INSERT INTO entityEntityTypeXrefs (id, entityId, entityTypeId) VALUES ('6e24c1fb-4445-4e2c-ba2b-7dfd4eb85237', '6dddbf5c-efc2-4cf3-ad6d-09df541706fc', 'aabdbdb5-5654-4e97-b122-c189267bfa68');
INSERT INTO markers (id, entityId, latitude, longitude, iconId) VALUES ('d4af24ef-6852-45f3-b680-d72ab14c1f41', '6dddbf5c-efc2-4cf3-ad6d-09df541706fc', -76.92061, -3.09814, '246e45b0-c552-469e-89f4-95d792032e6f');
INSERT INTO entities (id, title) VALUES ('adcc8c77-acac-4552-ac00-bbbfc08d7e89', 'ElectroShock''s Magical Fishing Spot');
INSERT INTO entityEntityTypeXrefs (id, entityId, entityTypeId) VALUES ('39da5549-ddae-4ab5-9992-b1388859ea3c', 'adcc8c77-acac-4552-ac00-bbbfc08d7e89', 'aabdbdb5-5654-4e97-b122-c189267bfa68');
INSERT INTO markers (id, entityId, latitude, longitude, iconId) VALUES ('02674a41-e470-436d-a718-4717dab552ea', 'adcc8c77-acac-4552-ac00-bbbfc08d7e89', -69.8168911, -149.0185547, '246e45b0-c552-469e-89f4-95d792032e6f');
INSERT INTO notes (id, entityId, note, position) VALUES('77ba06bb-20df-42e3-acc8-82959da817e0', 'adcc8c77-acac-4552-ac00-bbbfc08d7e89', 'Right off the beach.', 1);
INSERT INTO entities (id, title) VALUES ('5f7dc81d-9021-4a74-895b-6ba5ab10092c', 'Velia 1');
INSERT INTO entityEntityTypeXrefs (id, entityId, entityTypeId) VALUES ('205b0db7-e531-426e-b2b8-fdb9029d452b', '5f7dc81d-9021-4a74-895b-6ba5ab10092c', 'aabdbdb5-5654-4e97-b122-c189267bfa68');
INSERT INTO markers (id, entityId, latitude, longitude, iconId) VALUES ('0d0a33bf-9b6c-4668-b18c-b8596aa7ea83', '5f7dc81d-9021-4a74-895b-6ba5ab10092c', -71.08118191, -78.55224609, '246e45b0-c552-469e-89f4-95d792032e6f');
INSERT INTO images (id, entityId, entityTypeId, url) VALUES('a92b9d7f-9efb-40f1-a20c-3f0d89f28fc0', '5f7dc81d-9021-4a74-895b-6ba5ab10092c', NULL, 'http://i.imgur.com/kXYv1Bl.jpg');
INSERT INTO notes (id, entityId, note, position) VALUES('da3a02d9-7c3a-4644-9a4c-1e6f4902e9db', '5f7dc81d-9021-4a74-895b-6ba5ab10092c', 'Very busy spot.', 1);
INSERT INTO entityTypes (id, parentId, name, show) VALUES ('88bf287b-348e-49bd-b07b-ec65845757c1', NULL, 'Horse Spawns', TRUE);
INSERT INTO entities (id, title) VALUES ('0fba2b45-aac1-425a-b0f0-979a3a0c5b4f', 'Calpheon Shrine Spawn');
INSERT INTO entityEntityTypeXrefs (id, entityId, entityTypeId) VALUES ('819c1177-f108-42b3-a6c8-7447d75232c4', '0fba2b45-aac1-425a-b0f0-979a3a0c5b4f', '88bf287b-348e-49bd-b07b-ec65845757c1');
INSERT INTO polygons (id, entityId, vertices, outlineColor, fillColor) VALUES ('8046e140-356f-4c1d-bd6c-19ea26926a39', '0fba2b45-aac1-425a-b0f0-979a3a0c5b4f', '[[-81.50529869762794, -150.1611328125],[-82.37331716529225, -155.3466796875],[-82.48908147830929, -157.8955078125],[-81.4597372638345, -152.7099609375],[-81.49230582149612, -152.40234375]]', 'orange', 'orange');
INSERT INTO entities (id, title) VALUES ('ea455a15-138a-4b50-b421-a9923a6b0041', 'Epheria Spawn');
INSERT INTO entityEntityTypeXrefs (id, entityId, entityTypeId) VALUES ('31ca06ae-b55b-45c6-9fc1-5a25b03538db', 'ea455a15-138a-4b50-b421-a9923a6b0041', '88bf287b-348e-49bd-b07b-ec65845757c1');
INSERT INTO polygons (id, entityId, vertices, outlineColor, fillColor) VALUES ('8c0fdbfb-7645-40d9-b6e2-ccd2a0db46e1', 'ea455a15-138a-4b50-b421-a9923a6b0041', '[[-75.21946035674114, -142.60253906249997],[-75.32559250700751, -144.05273437499997],[-75.52464464250062, -144.755859375],[-76.52706134250077, -143.76708984375],[-76.5116947790196, -140.86669921875],[-75.39223893869115, -141.6796875]]', 'orange', 'orange');
INSERT INTO entities (id, title) VALUES ('e1bf2920-ca83-4846-b8c9-3b6509f80198', 'Unsure of Area Name');
INSERT INTO entityEntityTypeXrefs (id, entityId, entityTypeId) VALUES ('484dbe44-4fe2-49b1-bae4-258ac95fee91', 'e1bf2920-ca83-4846-b8c9-3b6509f80198', '88bf287b-348e-49bd-b07b-ec65845757c1');
INSERT INTO polygons (id, entityId, vertices, outlineColor, fillColor) VALUES ('dbe62e95-ca55-4354-9089-988465182b04', 'e1bf2920-ca83-4846-b8c9-3b6509f80198', '[[-73.76963963687173, -127.88085937499999],[-73.04182867723632, -128.6279296875],[-73.1121838735694, -129.6826171875],[-73.65872816203942, -129.3310546875]]', 'orange', 'orange');
INSERT INTO entities (id, title) VALUES ('d3e502d2-31c8-41ab-b372-12aab50c00ab', 'Florin Spawn West');
INSERT INTO entityEntityTypeXrefs (id, entityId, entityTypeId) VALUES ('acb7a447-6dab-4864-bd54-cbebade8d01a', 'd3e502d2-31c8-41ab-b372-12aab50c00ab', '88bf287b-348e-49bd-b07b-ec65845757c1');
INSERT INTO polygons (id, entityId, vertices, outlineColor, fillColor) VALUES ('aa14548e-af43-4c74-aab7-9514847eee2b', 'd3e502d2-31c8-41ab-b372-12aab50c00ab', '[[-72.99690914812648, -111.8408203125],[-73.03541866058295, -112.74169921875],[-73.29630993228643, -113.115234375],[-73.38449896285545, -111.95068359374999]]', 'orange', 'orange');
INSERT INTO entityTypes (id, parentId, name, show) VALUES ('33e07c06-824d-4b1e-8d03-a94a9513c454', NULL, 'Treasure Chests', TRUE);
INSERT INTO images (id, entityId, entityTypeId, url) VALUES ('32d19da6-6cc6-44b1-b68b-5693e9e97555', NULL, '33e07c06-824d-4b1e-8d03-a94a9513c454', 'undefined');
INSERT INTO entities (id, title) VALUES ('bd8f0030-c2fe-450d-b8f6-5e896d8ef8d8', 'Bloody Monastery Chest 1');
INSERT INTO entityEntityTypeXrefs (id, entityId, entityTypeId) VALUES ('c2da9fa2-525c-4c2a-af80-b02958d9fe3c', 'bd8f0030-c2fe-450d-b8f6-5e896d8ef8d8', '33e07c06-824d-4b1e-8d03-a94a9513c454');
INSERT INTO markers (id, entityId, latitude, longitude, iconId) VALUES ('d5ac43fd-3c96-473a-a810-8747d286a684', 'bd8f0030-c2fe-450d-b8f6-5e896d8ef8d8', -82.14545465, -80.39794922, 'f09260b3-8016-408b-84ec-d34d3a16a119');
INSERT INTO notes (id, entityId, note, position) VALUES('3ac88806-5400-41ee-9619-37f4dac91673', 'bd8f0030-c2fe-450d-b8f6-5e896d8ef8d8', 'Inside the building on the floor across from the cages.', 1);
INSERT INTO entities (id, title) VALUES ('e8e0ec52-5c6d-4b40-b256-287385a596a7', 'Calpheon Chest 1');
INSERT INTO entityEntityTypeXrefs (id, entityId, entityTypeId) VALUES ('1f9075bd-1ede-427d-b18e-59d954e72d2e', 'e8e0ec52-5c6d-4b40-b256-287385a596a7', '33e07c06-824d-4b1e-8d03-a94a9513c454');
INSERT INTO markers (id, entityId, latitude, longitude, iconId) VALUES ('125dd62a-202c-4ca0-a8f5-898b91335a2c', 'e8e0ec52-5c6d-4b40-b256-287385a596a7', -77.33180919, -129.2431641, 'f09260b3-8016-408b-84ec-d34d3a16a119');
INSERT INTO notes (id, entityId, note, position) VALUES('ca526221-5503-4c05-a03a-5cad605da70d', 'e8e0ec52-5c6d-4b40-b256-287385a596a7', 'In the tent.', 1);
INSERT INTO entities (id, title) VALUES ('1d9c3dae-c66b-42d1-b5c5-530aef05e54b', 'Calpheon Chest 2');
INSERT INTO entityEntityTypeXrefs (id, entityId, entityTypeId) VALUES ('13c30c96-7ade-4688-8b54-2dccc24cd1bd', '1d9c3dae-c66b-42d1-b5c5-530aef05e54b', '33e07c06-824d-4b1e-8d03-a94a9513c454');
INSERT INTO markers (id, entityId, latitude, longitude, iconId) VALUES ('8370435e-8158-472e-8c98-7e6e48e761df', '1d9c3dae-c66b-42d1-b5c5-530aef05e54b', -77.00487699, -126.6943359, 'f09260b3-8016-408b-84ec-d34d3a16a119');
INSERT INTO notes (id, entityId, note, position) VALUES('a6326a3e-e996-40f1-bc47-0dcd5c3a6291', '1d9c3dae-c66b-42d1-b5c5-530aef05e54b', 'In the tent.', 1);
INSERT INTO entities (id, title) VALUES ('7d696a67-646f-44c0-b7ce-35a3dbfd79f7', 'Calpheon Chest 3');
INSERT INTO entityEntityTypeXrefs (id, entityId, entityTypeId) VALUES ('ba356d67-7e8f-4efd-930d-ff87bccc1288', '7d696a67-646f-44c0-b7ce-35a3dbfd79f7', '33e07c06-824d-4b1e-8d03-a94a9513c454');
INSERT INTO markers (id, entityId, latitude, longitude, iconId) VALUES ('53b8c6ff-e296-4542-903f-20e4020d8aab', '7d696a67-646f-44c0-b7ce-35a3dbfd79f7', -76.8258013, -127.265625, 'f09260b3-8016-408b-84ec-d34d3a16a119');
INSERT INTO notes (id, entityId, note, position) VALUES('3d0c6056-cec1-46b4-b241-11cd1967a4d8', '7d696a67-646f-44c0-b7ce-35a3dbfd79f7', 'Right between the tent and the wagon.', 1);
INSERT INTO entities (id, title) VALUES ('29ddec0a-2700-4e6a-80ce-dfb1a0025910', 'Calpheon Chest 4');
INSERT INTO entityEntityTypeXrefs (id, entityId, entityTypeId) VALUES ('021f9c5c-46d6-48ec-9555-22c3e018db54', '29ddec0a-2700-4e6a-80ce-dfb1a0025910', '33e07c06-824d-4b1e-8d03-a94a9513c454');
INSERT INTO markers (id, entityId, latitude, longitude, iconId) VALUES ('6fe50d95-89c1-4edb-8f85-28ba362421a8', '29ddec0a-2700-4e6a-80ce-dfb1a0025910', -75.74271514, -128.6499023, 'f09260b3-8016-408b-84ec-d34d3a16a119');
INSERT INTO notes (id, entityId, note, position) VALUES('60884d09-cd49-48c4-ac36-39e128511a3d', '29ddec0a-2700-4e6a-80ce-dfb1a0025910', 'In the wood rubble.', 1);
INSERT INTO entities (id, title) VALUES ('508245af-48f7-4999-816c-3419dd93cc50', 'Glish Chest 1');
INSERT INTO entityEntityTypeXrefs (id, entityId, entityTypeId) VALUES ('cc36027c-1215-4ab2-8b9a-7e5d687535fb', '508245af-48f7-4999-816c-3419dd93cc50', '33e07c06-824d-4b1e-8d03-a94a9513c454');
INSERT INTO markers (id, entityId, latitude, longitude, iconId) VALUES ('dc053b2d-d1c2-41cd-83ed-346bb523fbab', '508245af-48f7-4999-816c-3419dd93cc50', -80.47770098, -80.61767578, 'f09260b3-8016-408b-84ec-d34d3a16a119');
INSERT INTO notes (id, entityId, note, position) VALUES('35986498-d4a1-43d5-a92a-92ccec253046', '508245af-48f7-4999-816c-3419dd93cc50', 'In the swamp.', 1);
INSERT INTO entities (id, title) VALUES ('75db098c-cbd0-4043-88e2-ddb6e450e5e6', 'Glish Chest 2');
INSERT INTO entityEntityTypeXrefs (id, entityId, entityTypeId) VALUES ('a9cc6e81-a09f-4564-b3d7-2ed1f79ff301', '75db098c-cbd0-4043-88e2-ddb6e450e5e6', '33e07c06-824d-4b1e-8d03-a94a9513c454');
INSERT INTO markers (id, entityId, latitude, longitude, iconId) VALUES ('3f118bca-6c90-4e5c-8b21-3de1ea80dbd6', '75db098c-cbd0-4043-88e2-ddb6e450e5e6', -80.87282722, -85.34179688, 'f09260b3-8016-408b-84ec-d34d3a16a119');
INSERT INTO notes (id, entityId, note, position) VALUES('3f837b33-6d5d-4fb0-b30c-2331f587b80d', '75db098c-cbd0-4043-88e2-ddb6e450e5e6', 'In the underground mine by the miners.', 1);
INSERT INTO entities (id, title) VALUES ('f3e2de0a-33ab-4c36-9f3b-7e88235a930a', 'Goblin Cave 1');
INSERT INTO entityEntityTypeXrefs (id, entityId, entityTypeId) VALUES ('66fc196a-4c61-465d-b6c3-8aa951d1ba60', 'f3e2de0a-33ab-4c36-9f3b-7e88235a930a', '33e07c06-824d-4b1e-8d03-a94a9513c454');
INSERT INTO markers (id, entityId, latitude, longitude, iconId) VALUES ('f18b618b-0e76-4626-92f1-ed5e69dfbc7e', 'f3e2de0a-33ab-4c36-9f3b-7e88235a930a', -73.84928646, -61.61132813, 'f09260b3-8016-408b-84ec-d34d3a16a119');
INSERT INTO images (id, entityId, entityTypeId, url) VALUES('98346a9f-2ff8-40f5-93da-33836372dea5', 'f3e2de0a-33ab-4c36-9f3b-7e88235a930a', NULL, 'http://i.imgur.com/c2sCOAy.jpg');
INSERT INTO notes (id, entityId, note, position) VALUES('442ba6a6-ab80-4e45-83b2-4447b8a338a8', 'f3e2de0a-33ab-4c36-9f3b-7e88235a930a', 'Inside the Goblin Cave by the Goblin Chief. Turn left in the cave; second turn-out.', 1);
INSERT INTO entities (id, title) VALUES ('b1541956-0bb3-4379-8457-468093cd4f49', 'Heidel Chest 1');
INSERT INTO entityEntityTypeXrefs (id, entityId, entityTypeId) VALUES ('0645c305-0fda-4d2e-8fce-44f92c018d4f', 'b1541956-0bb3-4379-8457-468093cd4f49', '33e07c06-824d-4b1e-8d03-a94a9513c454');
INSERT INTO markers (id, entityId, latitude, longitude, iconId) VALUES ('7168152b-3283-4c5a-9e63-e66e456f0733', 'b1541956-0bb3-4379-8457-468093cd4f49', -77.9799, -58.60107, 'f09260b3-8016-408b-84ec-d34d3a16a119');
INSERT INTO notes (id, entityId, note, position) VALUES('1b6a7bd0-0634-4720-aaf0-03d7224ad28d', 'b1541956-0bb3-4379-8457-468093cd4f49', 'On the top of the shack.', 1);
INSERT INTO entities (id, title) VALUES ('2d0df809-024b-4db3-bf2e-e4d10bdce1dd', 'Heidel Chest 2');
INSERT INTO entityEntityTypeXrefs (id, entityId, entityTypeId) VALUES ('f8cfd02f-5833-4845-ae35-29a643942ed2', '2d0df809-024b-4db3-bf2e-e4d10bdce1dd', '33e07c06-824d-4b1e-8d03-a94a9513c454');
INSERT INTO markers (id, entityId, latitude, longitude, iconId) VALUES ('2599558b-c570-42de-b2ba-b3e315d94674', '2d0df809-024b-4db3-bf2e-e4d10bdce1dd', -77.84185, -57.74414, 'f09260b3-8016-408b-84ec-d34d3a16a119');
INSERT INTO notes (id, entityId, note, position) VALUES('dffef7dc-61c7-4f5c-afac-6a91712d5ec6', '2d0df809-024b-4db3-bf2e-e4d10bdce1dd', 'Inside the second shack.', 1);
INSERT INTO entities (id, title) VALUES ('ed3630a5-cc7b-4986-8478-67ed4978ac85', 'Heidel Chest 3');
INSERT INTO entityEntityTypeXrefs (id, entityId, entityTypeId) VALUES ('114069bf-56f2-49dc-acc4-3f9e1b0f4901', 'ed3630a5-cc7b-4986-8478-67ed4978ac85', '33e07c06-824d-4b1e-8d03-a94a9513c454');
INSERT INTO markers (id, entityId, latitude, longitude, iconId) VALUES ('5dc08c36-76fc-4824-8c73-107235e28b3a', 'ed3630a5-cc7b-4986-8478-67ed4978ac85', -77.02462603, -85.36376953, 'f09260b3-8016-408b-84ec-d34d3a16a119');
INSERT INTO images (id, entityId, entityTypeId, url) VALUES('8ae96278-9283-4f57-be25-6aaf1527d3fd', 'ed3630a5-cc7b-4986-8478-67ed4978ac85', NULL, 'http://i.imgur.com/ccMuZu1.jpg');
INSERT INTO entities (id, title) VALUES ('e3a63acd-6fa5-4862-8bd2-065eca980f02', 'Heidel Chest 4');
INSERT INTO entityEntityTypeXrefs (id, entityId, entityTypeId) VALUES ('b2a57f1d-d824-47f2-9f85-4d5d6d7fc11e', 'e3a63acd-6fa5-4862-8bd2-065eca980f02', '33e07c06-824d-4b1e-8d03-a94a9513c454');
INSERT INTO markers (id, entityId, latitude, longitude, iconId) VALUES ('4466796d-223e-4dde-a2af-df9ddcb85f23', 'e3a63acd-6fa5-4862-8bd2-065eca980f02', -77.42303986, -83.05664063, 'f09260b3-8016-408b-84ec-d34d3a16a119');
INSERT INTO images (id, entityId, entityTypeId, url) VALUES('75e83c1f-45ac-488b-b3b0-64f558bdcba8', 'e3a63acd-6fa5-4862-8bd2-065eca980f02', NULL, 'http://i.imgur.com/CWZEq1J.jpg');
INSERT INTO notes (id, entityId, note, position) VALUES('a8ae7234-12a9-4a11-b348-38e2f8d74bc7', 'e3a63acd-6fa5-4862-8bd2-065eca980f02', 'Imp Tower, jump around the tower instead of going up', 1);
INSERT INTO entities (id, title) VALUES ('01d86526-78ba-47a6-a737-f684064ef8fa', 'Heidel Chest 5');
INSERT INTO entityEntityTypeXrefs (id, entityId, entityTypeId) VALUES ('27815dbb-e209-4ab7-a09e-da16c5e12f44', '01d86526-78ba-47a6-a737-f684064ef8fa', '33e07c06-824d-4b1e-8d03-a94a9513c454');
INSERT INTO markers (id, entityId, latitude, longitude, iconId) VALUES ('a8effa87-37b3-4831-9745-2dc185c97fd1', '01d86526-78ba-47a6-a737-f684064ef8fa', -78.20656311, -83.84765625, 'f09260b3-8016-408b-84ec-d34d3a16a119');
INSERT INTO images (id, entityId, entityTypeId, url) VALUES('7c033e53-b60a-4f84-8265-1ee3e22e4736', '01d86526-78ba-47a6-a737-f684064ef8fa', NULL, 'http://i.imgur.com/IPCqf3y.jpg');
INSERT INTO notes (id, entityId, note, position) VALUES('41b27f1f-f598-4136-9b55-8d15eb96fea4', '01d86526-78ba-47a6-a737-f684064ef8fa', 'Next to a tent at the swamp.', 1);
INSERT INTO entities (id, title) VALUES ('538a5817-4273-4517-ae7a-aefa3ded8faa', 'Heidel Chest 6');
INSERT INTO entityEntityTypeXrefs (id, entityId, entityTypeId) VALUES ('c9abd1a9-933d-454a-894e-0cd529071c88', '538a5817-4273-4517-ae7a-aefa3ded8faa', '33e07c06-824d-4b1e-8d03-a94a9513c454');
INSERT INTO markers (id, entityId, latitude, longitude, iconId) VALUES ('86e28f11-1a40-4296-aca6-307184976305', '538a5817-4273-4517-ae7a-aefa3ded8faa', -78.07561686, -81.82617187, 'f09260b3-8016-408b-84ec-d34d3a16a119');
INSERT INTO notes (id, entityId, note, position) VALUES('103eae25-384b-4290-8de2-d882a6ab41c6', '538a5817-4273-4517-ae7a-aefa3ded8faa', 'Inside of a broken house.', 1);
INSERT INTO entities (id, title) VALUES ('ecdae4f9-bbbe-403b-95b8-402ce0f0236c', 'Heidel Chest 7');
INSERT INTO entityEntityTypeXrefs (id, entityId, entityTypeId) VALUES ('af2ddc2d-d02c-415d-a7dd-73f8167872fc', 'ecdae4f9-bbbe-403b-95b8-402ce0f0236c', '33e07c06-824d-4b1e-8d03-a94a9513c454');
INSERT INTO markers (id, entityId, latitude, longitude, iconId) VALUES ('ec8f4024-ec9f-4eff-9e33-1ade8389a086', 'ecdae4f9-bbbe-403b-95b8-402ce0f0236c', -79.48462865, -78.90380859, 'f09260b3-8016-408b-84ec-d34d3a16a119');
INSERT INTO notes (id, entityId, note, position) VALUES('fa4ec02f-c3d3-4ad0-8645-7928448f3bf1', 'ecdae4f9-bbbe-403b-95b8-402ce0f0236c', 'On the dock.', 1);
INSERT INTO entities (id, title) VALUES ('914f2465-33dd-4c3a-b257-0fbb50746caf', 'Heidel Chest 8');
INSERT INTO entityEntityTypeXrefs (id, entityId, entityTypeId) VALUES ('f31b46c8-4553-4412-bc67-b6dce9b9c2f7', '914f2465-33dd-4c3a-b257-0fbb50746caf', '33e07c06-824d-4b1e-8d03-a94a9513c454');
INSERT INTO markers (id, entityId, latitude, longitude, iconId) VALUES ('b8db2bec-7ee9-45e9-9b1c-d9d3ee438c15', '914f2465-33dd-4c3a-b257-0fbb50746caf', -79.51666027, -77.49755859, 'f09260b3-8016-408b-84ec-d34d3a16a119');
INSERT INTO notes (id, entityId, note, position) VALUES('998b1d41-9291-45fc-8182-fbc7e7d81522', '914f2465-33dd-4c3a-b257-0fbb50746caf', 'Next to a tree.', 1);
INSERT INTO entities (id, title) VALUES ('60756568-ea42-4683-b4c9-a8d2604ed373', 'Heidel Chest 9');
INSERT INTO entityEntityTypeXrefs (id, entityId, entityTypeId) VALUES ('f881a702-87dc-485e-9427-999a8232ff58', '60756568-ea42-4683-b4c9-a8d2604ed373', '33e07c06-824d-4b1e-8d03-a94a9513c454');
INSERT INTO markers (id, entityId, latitude, longitude, iconId) VALUES ('2763892f-66d0-45c9-92dc-30c6f1e230f2', '60756568-ea42-4683-b4c9-a8d2604ed373', -80.26082765, -55.45898438, 'f09260b3-8016-408b-84ec-d34d3a16a119');
INSERT INTO entities (id, title) VALUES ('09643f58-e278-45a4-a36c-85503be38151', 'Hexe Sanctuary Chest 1');
INSERT INTO entityEntityTypeXrefs (id, entityId, entityTypeId) VALUES ('e9ffe2a5-22bd-4df6-abc6-8defbd3c5223', '09643f58-e278-45a4-a36c-85503be38151', '33e07c06-824d-4b1e-8d03-a94a9513c454');
INSERT INTO markers (id, entityId, latitude, longitude, iconId) VALUES ('a1f73c28-8fb8-4b6e-b39a-d920fa705ca9', '09643f58-e278-45a4-a36c-85503be38151', -84.28908, -119.77295, 'f09260b3-8016-408b-84ec-d34d3a16a119');
INSERT INTO images (id, entityId, entityTypeId, url) VALUES('b90773fd-c360-4957-9894-ec325e1d8cc6', '09643f58-e278-45a4-a36c-85503be38151', NULL, 'http://i.imgur.com/0LTCoPa.jpg');
INSERT INTO notes (id, entityId, note, position) VALUES('bb524759-37aa-437b-be17-bbba0eb09216', '09643f58-e278-45a4-a36c-85503be38151', 'In a camp area.', 1);
INSERT INTO entities (id, title) VALUES ('5b2485a5-1a3c-4caf-b3b6-a0f76fd9efe0', 'Kelphan Chest 1');
INSERT INTO entityEntityTypeXrefs (id, entityId, entityTypeId) VALUES ('79da22df-6484-47a3-983e-0b34be3dceb7', '5b2485a5-1a3c-4caf-b3b6-a0f76fd9efe0', '33e07c06-824d-4b1e-8d03-a94a9513c454');
INSERT INTO markers (id, entityId, latitude, longitude, iconId) VALUES ('02fafd0e-3e15-42b3-9a7c-e3c99a6ee41a', '5b2485a5-1a3c-4caf-b3b6-a0f76fd9efe0', -82.73487099, -115.0708008, 'f09260b3-8016-408b-84ec-d34d3a16a119');
INSERT INTO notes (id, entityId, note, position) VALUES('57f03dbe-f1ac-4228-a979-dabfc7ab7cb9', '5b2485a5-1a3c-4caf-b3b6-a0f76fd9efe0', 'Behind the cages.', 1);
INSERT INTO entities (id, title) VALUES ('58a85933-3185-4747-84fd-9749a1f84fce', 'Kelphan Chest 2');
INSERT INTO entityEntityTypeXrefs (id, entityId, entityTypeId) VALUES ('ad6939be-8fdc-43e5-b2a6-ecd6854d3326', '58a85933-3185-4747-84fd-9749a1f84fce', '33e07c06-824d-4b1e-8d03-a94a9513c454');
INSERT INTO markers (id, entityId, latitude, longitude, iconId) VALUES ('36055d9f-65c8-4e7e-8b07-d9921f7ee74a', '58a85933-3185-4747-84fd-9749a1f84fce', -80.65060498, -111.8188477, 'f09260b3-8016-408b-84ec-d34d3a16a119');
INSERT INTO notes (id, entityId, note, position) VALUES('a66ec9a7-0acb-4fd4-93e9-8b3233d7ffef', '58a85933-3185-4747-84fd-9749a1f84fce', 'Under the platform on the tower.', 1);
INSERT INTO entities (id, title) VALUES ('b0005cb5-3586-4702-a209-4cf296e009c7', 'Kelphan Chest 3');
INSERT INTO entityEntityTypeXrefs (id, entityId, entityTypeId) VALUES ('ebacc2ab-19e4-49af-a7d5-fb381811ea17', 'b0005cb5-3586-4702-a209-4cf296e009c7', '33e07c06-824d-4b1e-8d03-a94a9513c454');
INSERT INTO markers (id, entityId, latitude, longitude, iconId) VALUES ('913edfff-037a-4c3e-8887-20302a9191a3', 'b0005cb5-3586-4702-a209-4cf296e009c7', -80.93535185, -110.6982422, 'f09260b3-8016-408b-84ec-d34d3a16a119');
INSERT INTO notes (id, entityId, note, position) VALUES('8eb4463c-23e0-4a78-baca-1e3e0e5bfd5e', 'b0005cb5-3586-4702-a209-4cf296e009c7', 'In the maze behind the node manager.', 1);
INSERT INTO entities (id, title) VALUES ('a05b0cab-3c7b-42be-a539-19a1ff181490', 'Kzarka Chest 1');
INSERT INTO entityEntityTypeXrefs (id, entityId, entityTypeId) VALUES ('6ecf288e-0f3e-4967-99ea-c14409ebd7f2', 'a05b0cab-3c7b-42be-a539-19a1ff181490', '33e07c06-824d-4b1e-8d03-a94a9513c454');
INSERT INTO markers (id, entityId, latitude, longitude, iconId) VALUES ('44434934-247b-480a-9382-a1b27dc2c0a5', 'a05b0cab-3c7b-42be-a539-19a1ff181490', -82.14545, -67.4166, 'f09260b3-8016-408b-84ec-d34d3a16a119');
INSERT INTO notes (id, entityId, note, position) VALUES('4dfce749-2d46-46ef-a01c-0b123c49d620', 'a05b0cab-3c7b-42be-a539-19a1ff181490', 'Upstairs hidden behind the box.', 1);
INSERT INTO entities (id, title) VALUES ('e0ba94ed-ea7e-4043-9ae3-5159dd0945d7', 'Red Orc Chest 1');
INSERT INTO entityEntityTypeXrefs (id, entityId, entityTypeId) VALUES ('5f5ae6f0-359d-4b96-ad75-4665e3641e80', 'e0ba94ed-ea7e-4043-9ae3-5159dd0945d7', '33e07c06-824d-4b1e-8d03-a94a9513c454');
INSERT INTO markers (id, entityId, latitude, longitude, iconId) VALUES ('af789793-011b-4040-a65c-491a93127cc5', 'e0ba94ed-ea7e-4043-9ae3-5159dd0945d7', -79.22898, -93.20801, 'f09260b3-8016-408b-84ec-d34d3a16a119');
INSERT INTO images (id, entityId, entityTypeId, url) VALUES('a4c25634-6cc1-486a-b028-eeecb4989242', 'e0ba94ed-ea7e-4043-9ae3-5159dd0945d7', NULL, 'http://i.imgur.com/C8x38mx.jpg');
INSERT INTO notes (id, entityId, note, position) VALUES('602957f3-9f91-4702-b2db-65daab5b1178', 'e0ba94ed-ea7e-4043-9ae3-5159dd0945d7', 'In broken house by the node.', 1);
INSERT INTO entities (id, title) VALUES ('a323cef4-0cc0-4bfa-9f7f-948111d03654', 'Red Orc Chest 2');
INSERT INTO entityEntityTypeXrefs (id, entityId, entityTypeId) VALUES ('0d3608f8-f4bc-439f-b41d-9b4b73a960f4', 'a323cef4-0cc0-4bfa-9f7f-948111d03654', '33e07c06-824d-4b1e-8d03-a94a9513c454');
INSERT INTO markers (id, entityId, latitude, longitude, iconId) VALUES ('7c308df6-d8f5-4753-9e1d-537e3a6ca165', 'a323cef4-0cc0-4bfa-9f7f-948111d03654', -79.92823592, -94.54833984, 'f09260b3-8016-408b-84ec-d34d3a16a119');
INSERT INTO images (id, entityId, entityTypeId, url) VALUES('05caa845-ab01-4a38-b068-3e24df93191a', 'a323cef4-0cc0-4bfa-9f7f-948111d03654', NULL, 'http://i.imgur.com/0tilfzD.jpg');
INSERT INTO notes (id, entityId, note, position) VALUES('0c4616ce-5c84-4133-a554-b4e81594b87a', 'a323cef4-0cc0-4bfa-9f7f-948111d03654', 'In what appears to be a broken wagon of goods.', 1);
INSERT INTO entities (id, title) VALUES ('28e04ef3-1fbb-468c-bc9f-f4169a4e81a3', 'Red Orc Chest 3');
INSERT INTO entityEntityTypeXrefs (id, entityId, entityTypeId) VALUES ('eb6237c7-21c4-4950-87db-86706fa48654', '28e04ef3-1fbb-468c-bc9f-f4169a4e81a3', '33e07c06-824d-4b1e-8d03-a94a9513c454');
INSERT INTO markers (id, entityId, latitude, longitude, iconId) VALUES ('2dc0a05f-7b0d-4705-bcbf-20fe49a933cc', '28e04ef3-1fbb-468c-bc9f-f4169a4e81a3', -80.77824, -90.50537, 'f09260b3-8016-408b-84ec-d34d3a16a119');
INSERT INTO images (id, entityId, entityTypeId, url) VALUES('5d79d2a7-1109-48a2-855c-eb0e8c9615e7', '28e04ef3-1fbb-468c-bc9f-f4169a4e81a3', NULL, 'http://i.imgur.com/6afZ84D.jpg');
INSERT INTO notes (id, entityId, note, position) VALUES('badd0a48-46af-4a76-af13-b3a24d03aa60', '28e04ef3-1fbb-468c-bc9f-f4169a4e81a3', 'In a pile of junk by the broken wall/gate?', 1);
INSERT INTO entities (id, title) VALUES ('21a9422a-85cc-4805-8501-8278c90f57ce', 'Stone Miner Chest 1');
INSERT INTO entityEntityTypeXrefs (id, entityId, entityTypeId) VALUES ('4821991b-430a-4111-95c4-84f4785f2def', '21a9422a-85cc-4805-8501-8278c90f57ce', '33e07c06-824d-4b1e-8d03-a94a9513c454');
INSERT INTO markers (id, entityId, latitude, longitude, iconId) VALUES ('ee034edd-4b9c-4634-995e-2ac780ea784e', '21a9422a-85cc-4805-8501-8278c90f57ce', -79.41623981, -99.53613281, 'f09260b3-8016-408b-84ec-d34d3a16a119');
INSERT INTO notes (id, entityId, note, position) VALUES('c10b5dd6-30f8-472f-b795-6cb5242e3076', '21a9422a-85cc-4805-8501-8278c90f57ce', 'Located next to a cart of ore.', 1);
INSERT INTO entities (id, title) VALUES ('f7d2bb1e-ef74-4220-b31c-a27af0845a8a', 'Velia Chest 1');
INSERT INTO entityEntityTypeXrefs (id, entityId, entityTypeId) VALUES ('c4cfd3a0-06cf-47a1-b34b-16dcbf9d1835', 'f7d2bb1e-ef74-4220-b31c-a27af0845a8a', '33e07c06-824d-4b1e-8d03-a94a9513c454');
INSERT INTO markers (id, entityId, latitude, longitude, iconId) VALUES ('3e2b7ff0-d68d-42f6-80d4-b1373608d718', 'f7d2bb1e-ef74-4220-b31c-a27af0845a8a', -70.50291, -72.3999, 'f09260b3-8016-408b-84ec-d34d3a16a119');
INSERT INTO images (id, entityId, entityTypeId, url) VALUES('37d33195-692b-49d3-b33b-7b0aee09398b', 'f7d2bb1e-ef74-4220-b31c-a27af0845a8a', NULL, 'http://i.imgur.com/iExHD1I.jpg');
INSERT INTO notes (id, entityId, note, position) VALUES('ca148f98-6d17-4472-ac53-248adc7716cc', 'f7d2bb1e-ef74-4220-b31c-a27af0845a8a', 'In the broken cement wall.', 1);
INSERT INTO entities (id, title) VALUES ('0d45c963-fb3e-4254-a9b6-a45423d97404', 'Velia Chest 10');
INSERT INTO entityEntityTypeXrefs (id, entityId, entityTypeId) VALUES ('680a5673-2a24-4f32-905f-82d56b79f80b', '0d45c963-fb3e-4254-a9b6-a45423d97404', '33e07c06-824d-4b1e-8d03-a94a9513c454');
INSERT INTO markers (id, entityId, latitude, longitude, iconId) VALUES ('1509eac2-21a6-432d-8f34-ce3ddcc1851a', '0d45c963-fb3e-4254-a9b6-a45423d97404', -72.0536115, -83.84765625, 'f09260b3-8016-408b-84ec-d34d3a16a119');
INSERT INTO notes (id, entityId, note, position) VALUES('265a57e0-a866-4b6f-8098-b2a186c008b1', '0d45c963-fb3e-4254-a9b6-a45423d97404', 'At the edge/under the platform.', 1);
INSERT INTO entities (id, title) VALUES ('3ef4d1ab-b4ae-4ff8-a254-54860acebfc8', 'Velia Chest 11');
INSERT INTO entityEntityTypeXrefs (id, entityId, entityTypeId) VALUES ('a02d65a3-bda0-47e1-b667-8b1cac302f07', '3ef4d1ab-b4ae-4ff8-a254-54860acebfc8', '33e07c06-824d-4b1e-8d03-a94a9513c454');
INSERT INTO markers (id, entityId, latitude, longitude, iconId) VALUES ('ebd87255-f075-4051-9b07-0d70738676f9', '3ef4d1ab-b4ae-4ff8-a254-54860acebfc8', -71.89454674, -84.58486328, 'f09260b3-8016-408b-84ec-d34d3a16a119');
INSERT INTO notes (id, entityId, note, position) VALUES('0efe343d-b567-44e1-b2cf-9188d1145ead', '3ef4d1ab-b4ae-4ff8-a254-54860acebfc8', 'Under the Red Nose platform.', 1);
INSERT INTO entities (id, title) VALUES ('f83b96ed-7fee-4195-b5d1-1c22032f255f', 'Velia Chest 2');
INSERT INTO entityEntityTypeXrefs (id, entityId, entityTypeId) VALUES ('0ae5b19a-aae9-43d5-bcb4-ee4cf0fdd5d0', 'f83b96ed-7fee-4195-b5d1-1c22032f255f', '33e07c06-824d-4b1e-8d03-a94a9513c454');
INSERT INTO markers (id, entityId, latitude, longitude, iconId) VALUES ('a569ea9d-8425-482d-b027-333dc89ef0db', 'f83b96ed-7fee-4195-b5d1-1c22032f255f', -70.69269, -69.06006, 'f09260b3-8016-408b-84ec-d34d3a16a119');
INSERT INTO images (id, entityId, entityTypeId, url) VALUES('9e58831b-b29d-4486-b8b8-9eb31f3af6d5', 'f83b96ed-7fee-4195-b5d1-1c22032f255f', NULL, 'http://i.imgur.com/MEsDaGe.jpg');
INSERT INTO notes (id, entityId, note, position) VALUES('ec9fd236-661e-4a7b-b368-a6fa39ea0d0d', 'f83b96ed-7fee-4195-b5d1-1c22032f255f', 'Inside crumbling house.', 1);
INSERT INTO entities (id, title) VALUES ('d12261c3-ee81-4f66-99f6-7ab98285e6a1', 'Velia Chest 3');
INSERT INTO entityEntityTypeXrefs (id, entityId, entityTypeId) VALUES ('c6999fc5-b8ef-4ab8-9835-31755ee9f5c2', 'd12261c3-ee81-4f66-99f6-7ab98285e6a1', '33e07c06-824d-4b1e-8d03-a94a9513c454');
INSERT INTO markers (id, entityId, latitude, longitude, iconId) VALUES ('dd99dd87-a8a7-4c85-baaa-f049e95bcb43', 'd12261c3-ee81-4f66-99f6-7ab98285e6a1', -69.9303, -67.23633, 'f09260b3-8016-408b-84ec-d34d3a16a119');
INSERT INTO images (id, entityId, entityTypeId, url) VALUES('3f2b9d6f-b927-4519-b323-a5908147d8d2', 'd12261c3-ee81-4f66-99f6-7ab98285e6a1', NULL, 'http://i.imgur.com/3crkTsX.jpg');
INSERT INTO notes (id, entityId, note, position) VALUES('a3af32b8-2d13-4268-b471-331dd1b1cc60', 'd12261c3-ee81-4f66-99f6-7ab98285e6a1', 'In a portion of a wall.', 1);
INSERT INTO entities (id, title) VALUES ('d08216b4-c938-4cbd-b9ca-c7618b65d7bc', 'Velia Chest 4');
INSERT INTO entityEntityTypeXrefs (id, entityId, entityTypeId) VALUES ('826206b3-8caf-4e86-99fc-caea67f8839b', 'd08216b4-c938-4cbd-b9ca-c7618b65d7bc', '33e07c06-824d-4b1e-8d03-a94a9513c454');
INSERT INTO markers (id, entityId, latitude, longitude, iconId) VALUES ('cfdb875d-536d-46e8-992a-9fd2b7f7529a', 'd08216b4-c938-4cbd-b9ca-c7618b65d7bc', -71.51794, -63.19336, 'f09260b3-8016-408b-84ec-d34d3a16a119');
INSERT INTO images (id, entityId, entityTypeId, url) VALUES('68ef44d6-3a18-44b3-bbfd-a956de7e4eac', 'd08216b4-c938-4cbd-b9ca-c7618b65d7bc', NULL, 'http://i.imgur.com/E3ecNzU.jpg');
INSERT INTO notes (id, entityId, note, position) VALUES('f26846e3-185b-4176-a65f-7538d0f60e40', 'd08216b4-c938-4cbd-b9ca-c7618b65d7bc', 'On top of a barrel by the node manager.', 1);
INSERT INTO entities (id, title) VALUES ('20f9f06e-2ac4-4eda-86c3-0c202fbc3f09', 'Velia Chest 5');
INSERT INTO entityEntityTypeXrefs (id, entityId, entityTypeId) VALUES ('3309350f-8697-4fa6-945e-12b268a41987', '20f9f06e-2ac4-4eda-86c3-0c202fbc3f09', '33e07c06-824d-4b1e-8d03-a94a9513c454');
INSERT INTO markers (id, entityId, latitude, longitude, iconId) VALUES ('9c21ee6f-1d81-44ab-8638-a80cadd95585', '20f9f06e-2ac4-4eda-86c3-0c202fbc3f09', -69.83962, -67.56592, 'f09260b3-8016-408b-84ec-d34d3a16a119');
INSERT INTO images (id, entityId, entityTypeId, url) VALUES('daece6c9-fe14-4dfe-a080-c7bd7d9c81f2', '20f9f06e-2ac4-4eda-86c3-0c202fbc3f09', NULL, 'http://i.imgur.com/VOkSlvV.jpg');
INSERT INTO notes (id, entityId, note, position) VALUES('7db1919a-01b5-4e5d-ae0d-ae3527215d85', '20f9f06e-2ac4-4eda-86c3-0c202fbc3f09', 'In the wall by the node manager.', 1);
INSERT INTO entities (id, title) VALUES ('9a8b297d-4c96-4d05-bd37-d0094e790fd0', 'Velia Chest 6');
INSERT INTO entityEntityTypeXrefs (id, entityId, entityTypeId) VALUES ('181d8549-2a85-4294-89a0-f2f79b70cfb0', '9a8b297d-4c96-4d05-bd37-d0094e790fd0', '33e07c06-824d-4b1e-8d03-a94a9513c454');
INSERT INTO markers (id, entityId, latitude, longitude, iconId) VALUES ('3aadeeea-923d-4b87-9968-eaa7889a5a88', '9a8b297d-4c96-4d05-bd37-d0094e790fd0', -70.77244297, -68.09326172, 'f09260b3-8016-408b-84ec-d34d3a16a119');
INSERT INTO images (id, entityId, entityTypeId, url) VALUES('13db1300-fb24-4ead-8cf1-04ca4a36451c', '9a8b297d-4c96-4d05-bd37-d0094e790fd0', NULL, 'http://i.imgur.com/zCiy1Ld.jpg');
INSERT INTO notes (id, entityId, note, position) VALUES('d967596a-6b9e-43ba-a784-c1056ca3e0fa', '9a8b297d-4c96-4d05-bd37-d0094e790fd0', 'In a smaller destroyed house within a larger section of distroyed buildings.', 1);
INSERT INTO entities (id, title) VALUES ('aa829a73-e0f9-41b0-bf9b-0f7eace8bfa1', 'Velia Chest 7');
INSERT INTO entityEntityTypeXrefs (id, entityId, entityTypeId) VALUES ('75bed075-b8ce-46df-844f-e0560ff89d61', 'aa829a73-e0f9-41b0-bf9b-0f7eace8bfa1', '33e07c06-824d-4b1e-8d03-a94a9513c454');
INSERT INTO markers (id, entityId, latitude, longitude, iconId) VALUES ('91bbf06a-0cc5-4466-b42e-82c90ab8544d', 'aa829a73-e0f9-41b0-bf9b-0f7eace8bfa1', -72.82905217, -64.95117188, 'f09260b3-8016-408b-84ec-d34d3a16a119');
INSERT INTO images (id, entityId, entityTypeId, url) VALUES('64172f0e-4548-4b16-98d1-89cbe2e154a4', 'aa829a73-e0f9-41b0-bf9b-0f7eace8bfa1', NULL, 'http://i.imgur.com/pJ7212K.jpg');
INSERT INTO notes (id, entityId, note, position) VALUES('9d93823e-f9f9-4663-9e9d-7344928f8e8f', 'aa829a73-e0f9-41b0-bf9b-0f7eace8bfa1', 'In a back corner of one of the goblin camps between some crates.', 1);
INSERT INTO entities (id, title) VALUES ('c286870f-31b7-4ba7-a54f-285e491bf339', 'Velia Chest 8');
INSERT INTO entityEntityTypeXrefs (id, entityId, entityTypeId) VALUES ('c62421d3-4aff-408a-a764-16a429ab5550', 'c286870f-31b7-4ba7-a54f-285e491bf339', '33e07c06-824d-4b1e-8d03-a94a9513c454');
INSERT INTO markers (id, entityId, latitude, longitude, iconId) VALUES ('eb57e369-4792-4d12-9e3a-319c86faeae8', 'c286870f-31b7-4ba7-a54f-285e491bf339', -73.00333329, -83.25439453, 'f09260b3-8016-408b-84ec-d34d3a16a119');
INSERT INTO notes (id, entityId, note, position) VALUES('896d39dc-36f1-4f6c-b72b-6ab9fd0628a3', 'c286870f-31b7-4ba7-a54f-285e491bf339', 'Inside the imp cave.', 1);
INSERT INTO entities (id, title) VALUES ('ab1db8c5-710a-4528-8997-6ee1ed8c0563', 'Velia Chest 9');
INSERT INTO entityEntityTypeXrefs (id, entityId, entityTypeId) VALUES ('838ce68f-83be-48cd-80d0-08db4e87ea76', 'ab1db8c5-710a-4528-8997-6ee1ed8c0563', '33e07c06-824d-4b1e-8d03-a94a9513c454');
INSERT INTO markers (id, entityId, latitude, longitude, iconId) VALUES ('d95ff2f0-fa44-4291-8775-313bd3b3774f', 'ab1db8c5-710a-4528-8997-6ee1ed8c0563', -72.32245873, -86.30859375, 'f09260b3-8016-408b-84ec-d34d3a16a119');
INSERT INTO notes (id, entityId, note, position) VALUES('4ce75cd5-4eee-4751-8449-2a5a6b3119db', 'ab1db8c5-710a-4528-8997-6ee1ed8c0563', 'Next to the wall.', 1);
INSERT INTO entities (id, title) VALUES ('f5945ad6-0691-4b7e-8aab-4f1f0366f242', 'Western Guard Camp Chest 1');
INSERT INTO entityEntityTypeXrefs (id, entityId, entityTypeId) VALUES ('141de435-f537-46ff-ba09-3aa7c11be2d3', 'f5945ad6-0691-4b7e-8aab-4f1f0366f242', '33e07c06-824d-4b1e-8d03-a94a9513c454');
INSERT INTO markers (id, entityId, latitude, longitude, iconId) VALUES ('009735c1-de45-4ef3-9800-1a222ae411a1', 'f5945ad6-0691-4b7e-8aab-4f1f0366f242', -77.0787839, -93.1640625, 'f09260b3-8016-408b-84ec-d34d3a16a119');
INSERT INTO notes (id, entityId, note, position) VALUES('5bb402c7-a69d-4a09-ac6c-ff1f692251bb', 'f5945ad6-0691-4b7e-8aab-4f1f0366f242', 'Located next to a tent.', 1);
INSERT INTO entities (id, title) VALUES ('1cd1fb36-c648-45b7-bffe-9ab0fc905e1c', 'Western Guard Camp Chest 2');
INSERT INTO entityEntityTypeXrefs (id, entityId, entityTypeId) VALUES ('a6291d18-f2a8-4e3e-98f2-8df8968a6249', '1cd1fb36-c648-45b7-bffe-9ab0fc905e1c', '33e07c06-824d-4b1e-8d03-a94a9513c454');
INSERT INTO markers (id, entityId, latitude, longitude, iconId) VALUES ('ca177e2c-4673-47fc-810c-2ee5f32cffb1', '1cd1fb36-c648-45b7-bffe-9ab0fc905e1c', -76.09551693, -103.7329102, 'f09260b3-8016-408b-84ec-d34d3a16a119');
INSERT INTO notes (id, entityId, note, position) VALUES('f270fe17-ff56-4df5-bab4-b9a5b396ea6b', '1cd1fb36-c648-45b7-bffe-9ab0fc905e1c', 'Located in front of the red flag.', 1);
INSERT INTO entities (id, title) VALUES ('e85872ef-474e-4411-b250-2311bbe6cd35', 'Velia Chest 12');
INSERT INTO entityEntityTypeXrefs (id, entityId, entityTypeId) VALUES ('716cc948-d2d9-4871-99fa-537efa632606', 'e85872ef-474e-4411-b250-2311bbe6cd35', '33e07c06-824d-4b1e-8d03-a94a9513c454');
INSERT INTO markers (id, entityId, latitude, longitude, iconId) VALUES ('832eb2ff-5736-4e84-ac95-de659df21710', 'e85872ef-474e-4411-b250-2311bbe6cd35', -72.50172235, -84.24316406, 'f09260b3-8016-408b-84ec-d34d3a16a119');
INSERT INTO images (id, entityId, entityTypeId, url) VALUES('e9d6c8d4-212d-4d5e-8b53-a1cb11a6a293', 'e85872ef-474e-4411-b250-2311bbe6cd35', NULL, 'http://imgur.com/5foaCVZ.jpg');
INSERT INTO notes (id, entityId, note, position) VALUES('3caf5fcc-0d18-4cda-b5e9-3cb65d8cbb4c', 'e85872ef-474e-4411-b250-2311bbe6cd35', 'Inside the imp cave (entered north of the chest in the hairpin in the road along the coast to the north). Located in a secret cove off on a right hand hairpin as you enter the first large room', 1);
INSERT INTO entities (id, title) VALUES ('df8e230d-5430-40b6-ad17-3391547af7ee', 'Heidel Chest 10');
INSERT INTO entityEntityTypeXrefs (id, entityId, entityTypeId) VALUES ('0fd28dd0-f79e-4258-b9b6-896d7f9aa85c', 'df8e230d-5430-40b6-ad17-3391547af7ee', '33e07c06-824d-4b1e-8d03-a94a9513c454');
INSERT INTO markers (id, entityId, latitude, longitude, iconId) VALUES ('da9996f1-6650-454a-bdc9-081575e4104b', 'df8e230d-5430-40b6-ad17-3391547af7ee', -77.58468407, -59.12841797, 'f09260b3-8016-408b-84ec-d34d3a16a119');
INSERT INTO images (id, entityId, entityTypeId, url) VALUES('ada2dd55-e663-43c7-a49a-f86e36dba5ee', 'df8e230d-5430-40b6-ad17-3391547af7ee', NULL, 'http://i.imgur.com/wUBXAUT.png');
INSERT INTO notes (id, entityId, note, position) VALUES('3d5196a5-4564-481e-8ad4-06d23d08bbb8', 'df8e230d-5430-40b6-ad17-3391547af7ee', 'Inside shed.', 1);
INSERT INTO entities (id, title) VALUES ('6a038672-51be-4fcf-8d80-556bbd46c1f0', 'Velia Chest 10');
INSERT INTO entityEntityTypeXrefs (id, entityId, entityTypeId) VALUES ('ae46ad20-da54-43bc-bd66-42cf4e815f75', '6a038672-51be-4fcf-8d80-556bbd46c1f0', '33e07c06-824d-4b1e-8d03-a94a9513c454');
INSERT INTO markers (id, entityId, latitude, longitude, iconId) VALUES ('8b102d5d-8511-4fe3-bdae-35df6fbd2260', '6a038672-51be-4fcf-8d80-556bbd46c1f0', -71.00981101, -65.96191406, 'f09260b3-8016-408b-84ec-d34d3a16a119');
INSERT INTO images (id, entityId, entityTypeId, url) VALUES('97c9f25a-c298-4d20-87c7-7b2bfcaecf8d', '6a038672-51be-4fcf-8d80-556bbd46c1f0', NULL, 'http://i.imgur.com/3wHt13y.jpg');
INSERT INTO entityTypes (id, parentId, name, show) VALUES ('e9f73027-1482-4e9e-a03e-6878a7e8b763', NULL, 'Boss Spawns', TRUE);
INSERT INTO images (id, entityId, entityTypeId, url) VALUES ('2b45627b-1062-44e9-82d5-a1db9d8eee4e', NULL, 'e9f73027-1482-4e9e-a03e-6878a7e8b763', 'undefined');
INSERT INTO entities (id, title) VALUES ('2f42eed6-6995-4bab-89ac-018c8638a9be', 'Altar Imp');
INSERT INTO entityEntityTypeXrefs (id, entityId, entityTypeId) VALUES ('cdcb7bb8-d216-4cc4-ab40-6add5b69d35a', '2f42eed6-6995-4bab-89ac-018c8638a9be', 'e9f73027-1482-4e9e-a03e-6878a7e8b763');
INSERT INTO markers (id, entityId, latitude, longitude, iconId) VALUES ('d06bdc70-9967-4f5a-b63b-6f880711673d', '2f42eed6-6995-4bab-89ac-018c8638a9be', -77.91107, -82.59521, '83400f84-f628-4e85-80f0-ee165ea16c4e');
INSERT INTO notes (id, entityId, note, position) VALUES('1fa8e4a3-4df6-423f-b76f-8971c27b018a', '2f42eed6-6995-4bab-89ac-018c8638a9be', 'Scroll Boss: Altar Imp', 1);
INSERT INTO entities (id, title) VALUES ('8b49b743-6287-456c-b41c-2f7d59e080ec', 'Altar Imp');
INSERT INTO entityEntityTypeXrefs (id, entityId, entityTypeId) VALUES ('1cc3d1b5-5c73-4811-b2ed-702192ab0010', '8b49b743-6287-456c-b41c-2f7d59e080ec', 'e9f73027-1482-4e9e-a03e-6878a7e8b763');
INSERT INTO circles (id, entityId, latitude, longitude, radius, outlineColor, fillColor) VALUES ('85232a99-f324-49fd-8ac7-a39de935f6b7', '8b49b743-6287-456c-b41c-2f7d59e080ec', -77.91107, -82.59521, 11000, 'red', 'red');
INSERT INTO notes (id, entityId, note, position) VALUES('b19ea727-1d1d-46f6-9c42-3f794c368049', '8b49b743-6287-456c-b41c-2f7d59e080ec', 'Scroll Boss: Altar Imp', 1);
INSERT INTO entities (id, title) VALUES ('5db45cf5-812a-4c85-aeee-a6f256957be2', 'Ancient Relic Crystal');
INSERT INTO entityEntityTypeXrefs (id, entityId, entityTypeId) VALUES ('1d523de6-9a24-4283-8370-cf87257ec0a3', '5db45cf5-812a-4c85-aeee-a6f256957be2', 'e9f73027-1482-4e9e-a03e-6878a7e8b763');
INSERT INTO markers (id, entityId, latitude, longitude, iconId) VALUES ('3e77c4f4-7ff3-46da-ba03-3b3dc80887ad', '5db45cf5-812a-4c85-aeee-a6f256957be2', -82.34703, -124.98047, '83400f84-f628-4e85-80f0-ee165ea16c4e');
INSERT INTO notes (id, entityId, note, position) VALUES('0b5a1115-b8e5-472c-b053-6d6e6d6e8fb0', '5db45cf5-812a-4c85-aeee-a6f256957be2', 'Scroll Boss: Ancient Relic Crystal', 1);
INSERT INTO entities (id, title) VALUES ('35baa594-2d35-41a5-9b45-b52cba4d76aa', 'Ancient Relic Crystal');
INSERT INTO entityEntityTypeXrefs (id, entityId, entityTypeId) VALUES ('0a8d1be0-d7e7-484f-9bec-e665912bd55b', '35baa594-2d35-41a5-9b45-b52cba4d76aa', 'e9f73027-1482-4e9e-a03e-6878a7e8b763');
INSERT INTO circles (id, entityId, latitude, longitude, radius, outlineColor, fillColor) VALUES ('683e32b2-6346-49c4-854f-3f6d63a90e2a', '35baa594-2d35-41a5-9b45-b52cba4d76aa', -82.34703, -124.98047, 11000, 'red', 'red');
INSERT INTO notes (id, entityId, note, position) VALUES('2fc661ce-9667-488a-9958-19e983dbe0fb', '35baa594-2d35-41a5-9b45-b52cba4d76aa', 'Scroll Boss: Ancient Relic Crystal', 1);
INSERT INTO entities (id, title) VALUES ('2334734d-9398-4075-b148-6d01b9845144', 'Fearful Witch');
INSERT INTO entityEntityTypeXrefs (id, entityId, entityTypeId) VALUES ('3126f9a7-2739-4e40-8766-1e4ed7f5641f', '2334734d-9398-4075-b148-6d01b9845144', 'e9f73027-1482-4e9e-a03e-6878a7e8b763');
INSERT INTO markers (id, entityId, latitude, longitude, iconId) VALUES ('d0182216-e0bd-4e05-a719-2c8a554ccc7b', '2334734d-9398-4075-b148-6d01b9845144', -84.61197, -113.11523, '83400f84-f628-4e85-80f0-ee165ea16c4e');
INSERT INTO images (id, entityId, entityTypeId, url) VALUES('37cf854e-b7d5-45cb-9ddf-fed9cf78b684', '2334734d-9398-4075-b148-6d01b9845144', NULL, 'http://i.imgur.com/GBAKwq3.png');
INSERT INTO notes (id, entityId, note, position) VALUES('a8b50cb0-2396-4815-a253-af3953dbae65', '2334734d-9398-4075-b148-6d01b9845144', 'Scroll Boss: Fearful Witch', 1);
INSERT INTO entities (id, title) VALUES ('026ccbaa-0d64-4cc8-9074-117cd12e9f11', 'Fearful Witch');
INSERT INTO entityEntityTypeXrefs (id, entityId, entityTypeId) VALUES ('ddea9636-141c-45ae-b4a0-eeda4ae81e0a', '026ccbaa-0d64-4cc8-9074-117cd12e9f11', 'e9f73027-1482-4e9e-a03e-6878a7e8b763');
INSERT INTO circles (id, entityId, latitude, longitude, radius, outlineColor, fillColor) VALUES ('e7d5dd05-4990-4d31-a0e2-e0ac4c7d0b6a', '026ccbaa-0d64-4cc8-9074-117cd12e9f11', -84.61197, -113.11523, 11000, 'red', 'red');
INSERT INTO images (id, entityId, entityTypeId, url) VALUES('b4d64a6c-a17f-462c-9bd2-12e4b45bade7', '026ccbaa-0d64-4cc8-9074-117cd12e9f11', NULL, 'http://i.imgur.com/GBAKwq3.png');
INSERT INTO notes (id, entityId, note, position) VALUES('cbc1ce2e-5f11-4a6f-b85a-b5423ebfd6e1', '026ccbaa-0d64-4cc8-9074-117cd12e9f11', 'Scroll Boss: Fearful Witch', 1);
INSERT INTO entities (id, title) VALUES ('a32df853-1d5d-494f-89fb-2ce64c5fab3b', 'Goblin Chief');
INSERT INTO entityEntityTypeXrefs (id, entityId, entityTypeId) VALUES ('f0324e07-fc44-4639-a214-fae61766e9d3', 'a32df853-1d5d-494f-89fb-2ce64c5fab3b', 'e9f73027-1482-4e9e-a03e-6878a7e8b763');
INSERT INTO markers (id, entityId, latitude, longitude, iconId) VALUES ('098b9dca-ea33-4b52-b14c-7082a2cd42bb', 'a32df853-1d5d-494f-89fb-2ce64c5fab3b', -74.12206, -62.33643, '83400f84-f628-4e85-80f0-ee165ea16c4e');
INSERT INTO images (id, entityId, entityTypeId, url) VALUES('3ab36518-46e0-407a-a7fa-974e81b1f990', 'a32df853-1d5d-494f-89fb-2ce64c5fab3b', NULL, 'http://i.imgur.com/vuT22QS.png');
INSERT INTO notes (id, entityId, note, position) VALUES('67e0014e-4e52-4f03-9cde-2958af87b409', 'a32df853-1d5d-494f-89fb-2ce64c5fab3b', 'Scroll Boss: Goblin Cheif', 1);
INSERT INTO entities (id, title) VALUES ('256d3a94-711e-4e2c-882f-f1e11db22078', 'Goblin Chief');
INSERT INTO entityEntityTypeXrefs (id, entityId, entityTypeId) VALUES ('52e8ef5f-47c2-41f3-9432-ee18ddf26480', '256d3a94-711e-4e2c-882f-f1e11db22078', 'e9f73027-1482-4e9e-a03e-6878a7e8b763');
INSERT INTO circles (id, entityId, latitude, longitude, radius, outlineColor, fillColor) VALUES ('dc793faa-8319-4b6e-a11a-56a019e4fdaa', '256d3a94-711e-4e2c-882f-f1e11db22078', -74.12206, -62.33643, 11000, 'red', 'red');
INSERT INTO images (id, entityId, entityTypeId, url) VALUES('a5f6ad7d-78d3-4785-94a5-3e3c7a73e100', '256d3a94-711e-4e2c-882f-f1e11db22078', NULL, 'http://i.imgur.com/vuT22QS.png');
INSERT INTO notes (id, entityId, note, position) VALUES('f27fa6a8-a99e-4958-b55d-6363d61bdbe6', '256d3a94-711e-4e2c-882f-f1e11db22078', 'Scroll Boss: Goblin Cheif', 1);
INSERT INTO entities (id, title) VALUES ('a90ccec4-23d3-43ff-b97a-404b02841f30', 'Kzarka');
INSERT INTO entityEntityTypeXrefs (id, entityId, entityTypeId) VALUES ('af2aadce-7c64-41ad-a16b-7ff78fc2ac92', 'a90ccec4-23d3-43ff-b97a-404b02841f30', 'e9f73027-1482-4e9e-a03e-6878a7e8b763');
INSERT INTO markers (id, entityId, latitude, longitude, iconId) VALUES ('0cbd3f17-4c02-48b1-932b-e77cc1c28883', 'a90ccec4-23d3-43ff-b97a-404b02841f30', -82.14545, -67.0166, '83400f84-f628-4e85-80f0-ee165ea16c4e');
INSERT INTO notes (id, entityId, note, position) VALUES('e3730fcb-a047-43a8-8f8e-29ddb6db0be8', 'a90ccec4-23d3-43ff-b97a-404b02841f30', 'Inside of Serendia Shrine. 8-12 hour spawn timer, and a 5 minute announcement before spawning.', 1);
INSERT INTO entities (id, title) VALUES ('9b6aaae6-ac4a-4310-b541-88be6b0255b1', 'Kzarka');
INSERT INTO entityEntityTypeXrefs (id, entityId, entityTypeId) VALUES ('35079f90-fbad-4e32-88c0-7cc46fab94e4', '9b6aaae6-ac4a-4310-b541-88be6b0255b1', 'e9f73027-1482-4e9e-a03e-6878a7e8b763');
INSERT INTO circles (id, entityId, latitude, longitude, radius, outlineColor, fillColor) VALUES ('f05682cc-a51e-41af-9858-9ef90d77b235', '9b6aaae6-ac4a-4310-b541-88be6b0255b1', -82.14545, -67.0166, 11000, 'red', 'red');
INSERT INTO notes (id, entityId, note, position) VALUES('f3cb3960-70b4-48ea-b53d-08e63fd405c1', '9b6aaae6-ac4a-4310-b541-88be6b0255b1', 'Inside of Serendia Shrine. 8-12 hour spawn timer, and a 5 minute announcement before spawning.', 1);
INSERT INTO entities (id, title) VALUES ('58d7c6d4-b2ce-46fb-8498-4c1932b7bbc3', 'Red Nose');
INSERT INTO entityEntityTypeXrefs (id, entityId, entityTypeId) VALUES ('dfb957f4-3227-4b86-93ec-290035eaca4b', '58d7c6d4-b2ce-46fb-8498-4c1932b7bbc3', 'e9f73027-1482-4e9e-a03e-6878a7e8b763');
INSERT INTO markers (id, entityId, latitude, longitude, iconId) VALUES ('2952505d-3a23-44b6-82bb-276c0568d552', '58d7c6d4-b2ce-46fb-8498-4c1932b7bbc3', -71.87674, -85.01221, '83400f84-f628-4e85-80f0-ee165ea16c4e');
INSERT INTO images (id, entityId, entityTypeId, url) VALUES('14f427da-e9ef-42d5-8c96-ad22cf4b4c32', '58d7c6d4-b2ce-46fb-8498-4c1932b7bbc3', NULL, 'http://i.imgur.com/oEadYIP.png');
INSERT INTO notes (id, entityId, note, position) VALUES('5d9ec763-9a24-4205-950f-67b8fe32337a', '58d7c6d4-b2ce-46fb-8498-4c1932b7bbc3', 'Scroll Boss: Red Nose
World Boss: Red Nose', 1);
INSERT INTO entities (id, title) VALUES ('6fa2dfcd-0998-4d8e-b1ae-3f84bb333c06', 'Red Nose');
INSERT INTO entityEntityTypeXrefs (id, entityId, entityTypeId) VALUES ('ad240a47-404f-4894-baea-60bc7c790b66', '6fa2dfcd-0998-4d8e-b1ae-3f84bb333c06', 'e9f73027-1482-4e9e-a03e-6878a7e8b763');
INSERT INTO circles (id, entityId, latitude, longitude, radius, outlineColor, fillColor) VALUES ('7118cded-3c36-429a-9af1-5da2f107ebf1', '6fa2dfcd-0998-4d8e-b1ae-3f84bb333c06', -71.87674, -85.01221, 11000, 'red', 'red');
INSERT INTO images (id, entityId, entityTypeId, url) VALUES('6fce4df0-518e-4501-bc9c-acfc4d0751ff', '6fa2dfcd-0998-4d8e-b1ae-3f84bb333c06', NULL, 'http://i.imgur.com/oEadYIP.png');
INSERT INTO notes (id, entityId, note, position) VALUES('58c71d2b-25ae-449d-ab84-4d473bf6f64c', '6fa2dfcd-0998-4d8e-b1ae-3f84bb333c06', 'Scroll Boss: Red Nose
World Boss: Red Nose', 1);
INSERT INTO entities (id, title) VALUES ('645e4d73-97e7-4a2b-b840-6804985ec445', 'Troll Boss');
INSERT INTO entityEntityTypeXrefs (id, entityId, entityTypeId) VALUES ('6fcd087a-a80e-4b61-a65a-bbb8d2e87502', '645e4d73-97e7-4a2b-b840-6804985ec445', 'e9f73027-1482-4e9e-a03e-6878a7e8b763');
INSERT INTO markers (id, entityId, latitude, longitude, iconId) VALUES ('4a6fb068-a01c-4dce-a308-9de632ae5600', '645e4d73-97e7-4a2b-b840-6804985ec445', -74.39034, -125.15625, '83400f84-f628-4e85-80f0-ee165ea16c4e');
INSERT INTO notes (id, entityId, note, position) VALUES('3aff7776-6270-4425-8b4c-c3030e57e85d', '645e4d73-97e7-4a2b-b840-6804985ec445', 'Scroll Boss: Troll', 1);
INSERT INTO entities (id, title) VALUES ('10abecf9-cf10-48ed-9efd-886dc762d775', 'Troll Boss');
INSERT INTO entityEntityTypeXrefs (id, entityId, entityTypeId) VALUES ('9080687d-0b5b-4a45-aed8-1d3728dd87cc', '10abecf9-cf10-48ed-9efd-886dc762d775', 'e9f73027-1482-4e9e-a03e-6878a7e8b763');
INSERT INTO circles (id, entityId, latitude, longitude, radius, outlineColor, fillColor) VALUES ('9bd0362e-687c-43da-8341-6fe8a40852e2', '10abecf9-cf10-48ed-9efd-886dc762d775', -74.39034, -125.15625, 11000, 'red', 'red');
INSERT INTO notes (id, entityId, note, position) VALUES('99a9f550-774c-4609-b7a8-21f9988dd3a2', '10abecf9-cf10-48ed-9efd-886dc762d775', 'Scroll Boss: Troll', 1);
INSERT INTO entities (id, title) VALUES ('d4efe2eb-1cbf-45bb-ba73-66505389b039', 'Hebetate Tree Spirits');
INSERT INTO entityEntityTypeXrefs (id, entityId, entityTypeId) VALUES ('03ac6afd-1d4b-4dd3-a505-6fe4203b57c5', 'd4efe2eb-1cbf-45bb-ba73-66505389b039', 'e9f73027-1482-4e9e-a03e-6878a7e8b763');
INSERT INTO markers (id, entityId, latitude, longitude, iconId) VALUES ('2cba7f3d-2d28-4cc2-a284-b4c92c45cacc', 'd4efe2eb-1cbf-45bb-ba73-66505389b039', -79.38390486, -110.8959961, '83400f84-f628-4e85-80f0-ee165ea16c4e');
INSERT INTO notes (id, entityId, note, position) VALUES('4afa6760-c9f1-4fd1-bddb-0f68f4b7dc65', 'd4efe2eb-1cbf-45bb-ba73-66505389b039', 'Scroll Boss: Hebetate Tree Spirits', 1);
INSERT INTO entities (id, title) VALUES ('d894ed2d-c410-4cb8-9833-e16818be52c2', 'Hebetate Tree Spirits');
INSERT INTO entityEntityTypeXrefs (id, entityId, entityTypeId) VALUES ('e9b39b97-b5d8-42f9-89d8-5413fb1ab723', 'd894ed2d-c410-4cb8-9833-e16818be52c2', 'e9f73027-1482-4e9e-a03e-6878a7e8b763');
INSERT INTO circles (id, entityId, latitude, longitude, radius, outlineColor, fillColor) VALUES ('7bf73949-18cb-49f1-8c99-bf0f98836a11', 'd894ed2d-c410-4cb8-9833-e16818be52c2', -79.38390486, -110.8959961, 11000, 'red', 'red');
INSERT INTO notes (id, entityId, note, position) VALUES('e54c4958-598b-46fb-831f-bf4a3c5960ed', 'd894ed2d-c410-4cb8-9833-e16818be52c2', 'Scroll Boss: Hebetate Tree Spirits', 1);
INSERT INTO entityTypes (id, parentId, name, show) VALUES ('0350916c-fefa-4182-b2b2-12217e4bffac', NULL, 'Wood Gathering', TRUE);
INSERT INTO entities (id, title) VALUES ('fd73c5a3-4b92-4085-ba6d-3060edd2cb14', 'Birch Trees');
INSERT INTO entityEntityTypeXrefs (id, entityId, entityTypeId) VALUES ('f8c7d136-4809-4bf4-befa-354be3cea855', 'fd73c5a3-4b92-4085-ba6d-3060edd2cb14', '0350916c-fefa-4182-b2b2-12217e4bffac');
INSERT INTO polygons (id, entityId, vertices, outlineColor, fillColor) VALUES ('c2781d93-3157-4082-8988-2e71ca0cc9ba', 'fd73c5a3-4b92-4085-ba6d-3060edd2cb14', '[[-75.61772069705145, -110.5224609375],[-73.75120539084017, -109.51171875],[-72.47527631092942, -119.70703125],[-73.46598351882643, -124.365234375],[-74.84492867694821, -125.94726562499999],[-75.70478638174053, -125.0244140625]]', 'green', 'green');
INSERT INTO entities (id, title) VALUES ('8a565a88-d69d-4da9-a9cc-60f380574c68', 'Pine & Birch Trees');
INSERT INTO entityEntityTypeXrefs (id, entityId, entityTypeId) VALUES ('c3ccb6b7-5c21-4bf7-80d5-4dd2ea98e90b', '8a565a88-d69d-4da9-a9cc-60f380574c68', '0350916c-fefa-4182-b2b2-12217e4bffac');
INSERT INTO polygons (id, entityId, vertices, outlineColor, fillColor) VALUES ('8686c9cf-d61f-418a-b73b-c085dc8cde7c', '8a565a88-d69d-4da9-a9cc-60f380574c68', '[[-78.49055166160312, -114.12597656249999],[-78.54740718204249, -111.09374999999999],[-78.01188959823632, -109.44580078125],[-78.18408773633777, -101.953125],[-77.51362404249463, -102.98583984374999],[-75.72647204234687, -98.173828125],[-74.25973837093129, -102.6123046875],[-74.07992472707889, -108.80859375],[-77.5515723937156, -111.533203125],[-77.65534600967777, -113.8623046875]]', 'green', 'green');
INSERT INTO entities (id, title) VALUES ('c279805f-30ca-46b5-811e-b6c0b195ce0b', 'Ash Trees');
INSERT INTO entityEntityTypeXrefs (id, entityId, entityTypeId) VALUES ('8fd3fced-21c7-4cda-be7b-48d463c36bbb', 'c279805f-30ca-46b5-811e-b6c0b195ce0b', '0350916c-fefa-4182-b2b2-12217e4bffac');
INSERT INTO polygons (id, entityId, vertices, outlineColor, fillColor) VALUES ('b4d5aa57-8bcc-4eb6-8d65-4244dabde96d', 'c279805f-30ca-46b5-811e-b6c0b195ce0b', '[[-78.33164847573174, -128.232421875],[-78.59529919212491, -132.8466796875],[-77.86034459764655, -134.5166015625],[-76.18499546094715, -130.95703125],[-76.25825951133778, -124.67285156250001],[-77.3895040053973, -124.1015625],[-77.61770905279674, -127.72705078124999]]', 'green', 'green');
INSERT INTO entities (id, title) VALUES ('dcda68c2-9e5a-4bac-b10d-d194b96f642f', 'Birch & Cedar Trees');
INSERT INTO entityEntityTypeXrefs (id, entityId, entityTypeId) VALUES ('0ae5b6d5-4dad-4142-ad81-d940c577ecc2', 'dcda68c2-9e5a-4bac-b10d-d194b96f642f', '0350916c-fefa-4182-b2b2-12217e4bffac');
INSERT INTO polygons (id, entityId, vertices, outlineColor, fillColor) VALUES ('09bd6da3-1c3f-43b0-a011-e61c6b8bbd5f', 'dcda68c2-9e5a-4bac-b10d-d194b96f642f', '[[-79.18371183531977, -117.18017578125],[-79.44445301629949, -112.412109375],[-80.40472597853082, -111.4892578125],[-80.33488667580171, -119.92675781249999],[-79.912853863685, -120.43212890625],[-79.87429692631282, -118.45458984375]]', 'green', 'green');
INSERT INTO entities (id, title) VALUES ('035c82b5-31d4-4faa-95f8-feb36e2206a7', 'Cedar Trees');
INSERT INTO entityEntityTypeXrefs (id, entityId, entityTypeId) VALUES ('2dea66d4-8214-4cc6-97f9-6eeb4b0ebcf5', '035c82b5-31d4-4faa-95f8-feb36e2206a7', '0350916c-fefa-4182-b2b2-12217e4bffac');
INSERT INTO polygons (id, entityId, vertices, outlineColor, fillColor) VALUES ('b90d2087-defd-4c90-b78e-c3a44ba096e0', '035c82b5-31d4-4faa-95f8-feb36e2206a7', '[[-79.14653825419713, -116.65283203124999],[-78.87852828127828, -117.0703125],[-78.72061466471489, -110.41259765625],[-78.34941069014627, -109.13818359375],[-78.38485516080925, -102.3046875],[-78.98398886594947, -103.0517578125],[-79.6674976157923, -105.29296874999999]]', 'green', 'green');
INSERT INTO entities (id, title) VALUES ('09d9f731-e772-4425-99bb-857761844aed', 'Fir, Cedar & Pine Trees');
INSERT INTO entityEntityTypeXrefs (id, entityId, entityTypeId) VALUES ('9075ac69-70c6-410e-897c-bcbdfe7a258b', '09d9f731-e772-4425-99bb-857761844aed', '0350916c-fefa-4182-b2b2-12217e4bffac');
INSERT INTO polygons (id, entityId, vertices, outlineColor, fillColor) VALUES ('27f4a4d3-b8e8-4412-aad7-826b6c316533', '09d9f731-e772-4425-99bb-857761844aed', '[[-79.68718415450823, -123.0908203125],[-79.07181201408545, -135.3076171875],[-82.02747547132029, -141.240234375],[-83.25709720189782, -128.80371093749997],[-84.00226238768552, -125.2880859375],[-82.64259654376444, -128.3642578125]]', 'green', 'green');
INSERT INTO entities (id, title) VALUES ('e9d8a5a5-eaef-491f-be97-ea2b2e308a16', 'Maple Trees');
INSERT INTO entityEntityTypeXrefs (id, entityId, entityTypeId) VALUES ('7dc9a2ce-8e08-4a9a-b288-67ad6bf9ac0a', 'e9d8a5a5-eaef-491f-be97-ea2b2e308a16', '0350916c-fefa-4182-b2b2-12217e4bffac');
INSERT INTO polygons (id, entityId, vertices, outlineColor, fillColor) VALUES ('3cbe339f-3b59-4d30-a338-cf3ae3692a98', 'e9d8a5a5-eaef-491f-be97-ea2b2e308a16', '[[-80.55733847711531, -110.9619140625],[-80.58253901012532, -115.81787109375],[-81.30832090051811, -114.49951171875],[-81.29170291808761, -106.63330078125]]', 'green', 'green');
INSERT INTO entityTypes (id, parentId, name, show) VALUES ('36f9f5bf-3205-4405-902f-d0dc028d4bcf', NULL, 'Rainbow Nodes', TRUE);
INSERT INTO images (id, entityId, entityTypeId, url) VALUES ('5dc2401f-df6d-4ed3-8022-7452b2fef7bd', NULL, '36f9f5bf-3205-4405-902f-d0dc028d4bcf', 'undefined');
INSERT INTO entities (id, title) VALUES ('e9afd821-f139-41ac-b413-6c6562d83800', 'rainbow stone');
INSERT INTO entityEntityTypeXrefs (id, entityId, entityTypeId) VALUES ('297482b4-7c53-4696-8552-4da6f73399cb', 'e9afd821-f139-41ac-b413-6c6562d83800', '36f9f5bf-3205-4405-902f-d0dc028d4bcf');
INSERT INTO markers (id, entityId, latitude, longitude, iconId) VALUES ('ad142717-dd7a-4939-9e32-9768ae1c3307', 'e9afd821-f139-41ac-b413-6c6562d83800', -77.1376118, -52.40478516, 'f09260b3-8016-408b-84ec-d34d3a16a119');
INSERT INTO images (id, entityId, entityTypeId, url) VALUES('1fe98e3e-bf60-4940-b8ea-46810ffe001e', 'e9afd821-f139-41ac-b413-6c6562d83800', NULL, 'https://gyazo.com/c808f0db335f0e3fe3c3b47a5cdd924c');
INSERT INTO notes (id, entityId, note, position) VALUES('beb4fa78-d0c4-40fc-bf9f-abc665f0f3ae', 'e9afd821-f139-41ac-b413-6c6562d83800', '1st node', 1);
INSERT INTO entities (id, title) VALUES ('a1823712-b1df-49a9-9875-7f70c76a6bc1', 'rainbow stone');
INSERT INTO entityEntityTypeXrefs (id, entityId, entityTypeId) VALUES ('acefea59-b6c4-4140-80a5-929047906e7a', 'a1823712-b1df-49a9-9875-7f70c76a6bc1', '36f9f5bf-3205-4405-902f-d0dc028d4bcf');
INSERT INTO circles (id, entityId, latitude, longitude, radius, outlineColor, fillColor) VALUES ('d4b802f6-1c1e-430c-8fa7-1563eb468761', 'a1823712-b1df-49a9-9875-7f70c76a6bc1', -77.1376118, -52.40478516, 11000, 'purple', 'purple');
INSERT INTO images (id, entityId, entityTypeId, url) VALUES('2e89eecc-b7ad-4838-9e2c-6109b2967f77', 'a1823712-b1df-49a9-9875-7f70c76a6bc1', NULL, 'https://gyazo.com/c808f0db335f0e3fe3c3b47a5cdd924c');
INSERT INTO notes (id, entityId, note, position) VALUES('614a184e-3e4e-49ca-bd61-c00468e68533', 'a1823712-b1df-49a9-9875-7f70c76a6bc1', '1st node', 1);
INSERT INTO entities (id, title) VALUES ('c189fe1c-35c5-4336-ac90-e41d23311127', 'rainbow stone II');
INSERT INTO entityEntityTypeXrefs (id, entityId, entityTypeId) VALUES ('3af25458-546f-474f-923d-44e963d13fe5', 'c189fe1c-35c5-4336-ac90-e41d23311127', '36f9f5bf-3205-4405-902f-d0dc028d4bcf');
INSERT INTO markers (id, entityId, latitude, longitude, iconId) VALUES ('238c6358-3610-411e-aa1d-ad1000baf8ca', 'c189fe1c-35c5-4336-ac90-e41d23311127', -76.99004583, -52.97607422, 'f09260b3-8016-408b-84ec-d34d3a16a119');
INSERT INTO images (id, entityId, entityTypeId, url) VALUES('2bf60384-1522-4339-95a8-3d818daa4f90', 'c189fe1c-35c5-4336-ac90-e41d23311127', NULL, 'https://gyazo.com/5af2793307fc2d77ed88a6d5fe4fec95');
INSERT INTO notes (id, entityId, note, position) VALUES('7082a15a-7316-4f5e-8b24-94465a5a4e21', 'c189fe1c-35c5-4336-ac90-e41d23311127', 'climb rocks. look behind bush.', 1);
INSERT INTO entities (id, title) VALUES ('d750c089-4691-4598-a136-2583d47d45fb', 'rainbow stone II');
INSERT INTO entityEntityTypeXrefs (id, entityId, entityTypeId) VALUES ('02aac6c9-e069-4dd7-9764-95ad1862eadf', 'd750c089-4691-4598-a136-2583d47d45fb', '36f9f5bf-3205-4405-902f-d0dc028d4bcf');
INSERT INTO circles (id, entityId, latitude, longitude, radius, outlineColor, fillColor) VALUES ('71ab9965-a42c-482c-90b7-c22f79365cd7', 'd750c089-4691-4598-a136-2583d47d45fb', -76.99004583, -52.97607422, 11000, 'purple', 'purple');
INSERT INTO images (id, entityId, entityTypeId, url) VALUES('ad5495ee-aa79-4899-8f6d-a4c8ee219a70', 'd750c089-4691-4598-a136-2583d47d45fb', NULL, 'https://gyazo.com/5af2793307fc2d77ed88a6d5fe4fec95');
INSERT INTO notes (id, entityId, note, position) VALUES('49def23f-23d3-42be-9f23-6c111bb54c2c', 'd750c089-4691-4598-a136-2583d47d45fb', 'climb rocks. look behind bush.', 1);
INSERT INTO entities (id, title) VALUES ('02081b02-515f-4e8b-a4d5-b98e3334d925', 'rainbow stone III');
INSERT INTO entityEntityTypeXrefs (id, entityId, entityTypeId) VALUES ('3f22cd84-d7c0-41fb-a95b-dbd4ab6a93f8', '02081b02-515f-4e8b-a4d5-b98e3334d925', '36f9f5bf-3205-4405-902f-d0dc028d4bcf');
INSERT INTO markers (id, entityId, latitude, longitude, iconId) VALUES ('2128d260-bc32-423f-b9a8-389e1672fc98', '02081b02-515f-4e8b-a4d5-b98e3334d925', -76.72022329, -51.13037109, 'f09260b3-8016-408b-84ec-d34d3a16a119');
INSERT INTO images (id, entityId, entityTypeId, url) VALUES('f10fc673-b2bd-4709-bca7-56a807a93f5e', '02081b02-515f-4e8b-a4d5-b98e3334d925', NULL, 'https://gyazo.com/666d8bed0a69d881338942977594c66d');
INSERT INTO notes (id, entityId, note, position) VALUES('9cceb1d4-21df-4e2d-b968-a14a84be1d51', '02081b02-515f-4e8b-a4d5-b98e3334d925', 'up the side of yellow-ish rock', 1);
INSERT INTO entities (id, title) VALUES ('205632b7-5951-4303-885e-3ff7138a2537', 'rainbow stone III');
INSERT INTO entityEntityTypeXrefs (id, entityId, entityTypeId) VALUES ('206cc405-8276-4b79-8c0f-a089e53b7eef', '205632b7-5951-4303-885e-3ff7138a2537', '36f9f5bf-3205-4405-902f-d0dc028d4bcf');
INSERT INTO circles (id, entityId, latitude, longitude, radius, outlineColor, fillColor) VALUES ('954a0576-e0f8-42a2-8ecf-cc8104314fcf', '205632b7-5951-4303-885e-3ff7138a2537', -76.72022329, -51.13037109, 11000, 'purple', 'purple');
INSERT INTO images (id, entityId, entityTypeId, url) VALUES('cb45e1ad-da1c-4f82-9688-257f58296738', '205632b7-5951-4303-885e-3ff7138a2537', NULL, 'https://gyazo.com/666d8bed0a69d881338942977594c66d');
INSERT INTO notes (id, entityId, note, position) VALUES('7bbd8f6f-b633-488a-a1bc-482cb591f1f7', '205632b7-5951-4303-885e-3ff7138a2537', 'up the side of yellow-ish rock', 1);
INSERT INTO entities (id, title) VALUES ('cd8e2f8c-2d78-4910-aa34-e3774a08f348', 'rainbow stone IV');
INSERT INTO entityEntityTypeXrefs (id, entityId, entityTypeId) VALUES ('091ee3d8-69a6-4353-be7e-6d7bf76b51af', 'cd8e2f8c-2d78-4910-aa34-e3774a08f348', '36f9f5bf-3205-4405-902f-d0dc028d4bcf');
INSERT INTO markers (id, entityId, latitude, longitude, iconId) VALUES ('9fd86c4b-a41b-4e04-a1c6-fed75d0e496b', 'cd8e2f8c-2d78-4910-aa34-e3774a08f348', -76.78567868, -54.58007812, 'f09260b3-8016-408b-84ec-d34d3a16a119');
INSERT INTO images (id, entityId, entityTypeId, url) VALUES('5bd3c158-c213-4d7b-8c10-8c19795cd7d2', 'cd8e2f8c-2d78-4910-aa34-e3774a08f348', NULL, 'https://gyazo.com/3c89e6a7d8fe2f03e1f38346dfe45737');
INSERT INTO notes (id, entityId, note, position) VALUES('1aa1a361-8997-42a7-b447-7a7b67ca1646', 'cd8e2f8c-2d78-4910-aa34-e3774a08f348', 'hidden behind stone ledge from stone #2', 1);
INSERT INTO entities (id, title) VALUES ('d608f63b-fea9-4fac-a5b7-3899005a0187', 'rainbow stone IV');
INSERT INTO entityEntityTypeXrefs (id, entityId, entityTypeId) VALUES ('f390f015-577e-4f5c-b41f-11f2998e036a', 'd608f63b-fea9-4fac-a5b7-3899005a0187', '36f9f5bf-3205-4405-902f-d0dc028d4bcf');
INSERT INTO circles (id, entityId, latitude, longitude, radius, outlineColor, fillColor) VALUES ('604855af-0619-4f5d-9b54-43d1b891ec9e', 'd608f63b-fea9-4fac-a5b7-3899005a0187', -76.78567868, -54.58007812, 11000, 'purple', 'purple');
INSERT INTO images (id, entityId, entityTypeId, url) VALUES('7238037a-85f7-4bb8-b142-47f6da11a2fa', 'd608f63b-fea9-4fac-a5b7-3899005a0187', NULL, 'https://gyazo.com/3c89e6a7d8fe2f03e1f38346dfe45737');
INSERT INTO notes (id, entityId, note, position) VALUES('38939d2f-23e9-48e8-90c9-390941292860', 'd608f63b-fea9-4fac-a5b7-3899005a0187', 'hidden behind stone ledge from stone #2', 1);
INSERT INTO entities (id, title) VALUES ('6139e009-5edf-4263-b47e-c22b7f78096f', 'rainbow stone V');
INSERT INTO entityEntityTypeXrefs (id, entityId, entityTypeId) VALUES ('303a0b45-23a9-4df0-870d-c9f8b4399989', '6139e009-5edf-4263-b47e-c22b7f78096f', '36f9f5bf-3205-4405-902f-d0dc028d4bcf');
INSERT INTO markers (id, entityId, latitude, longitude, iconId) VALUES ('7f16da95-d2fa-42b3-8ece-e2058171de99', '6139e009-5edf-4263-b47e-c22b7f78096f', -76.55263411, -53.41552734, 'f09260b3-8016-408b-84ec-d34d3a16a119');
INSERT INTO images (id, entityId, entityTypeId, url) VALUES('95d18d18-54cb-4237-8dd8-cb28e237be04', '6139e009-5edf-4263-b47e-c22b7f78096f', NULL, 'https://gyazo.com/bfaa96733d97013cd375fbd4519919be');
INSERT INTO entities (id, title) VALUES ('f2c56f93-d832-4cdf-af72-8ca05268e3bb', 'rainbow stone V');
INSERT INTO entityEntityTypeXrefs (id, entityId, entityTypeId) VALUES ('e92fe9e1-39f0-434c-8e43-7e2597ab44a2', 'f2c56f93-d832-4cdf-af72-8ca05268e3bb', '36f9f5bf-3205-4405-902f-d0dc028d4bcf');
INSERT INTO circles (id, entityId, latitude, longitude, radius, outlineColor, fillColor) VALUES ('a3b14637-c19e-4f10-81f1-bedf7e51c0ad', 'f2c56f93-d832-4cdf-af72-8ca05268e3bb', -76.55263411, -53.41552734, 11000, 'purple', 'purple');
INSERT INTO images (id, entityId, entityTypeId, url) VALUES('d97f9735-352b-464f-805c-437b91fb2ac4', 'f2c56f93-d832-4cdf-af72-8ca05268e3bb', NULL, 'https://gyazo.com/bfaa96733d97013cd375fbd4519919be');
INSERT INTO entities (id, title) VALUES ('ef9ac4eb-6193-41db-939c-6ac1aefb6bc3', 'rainbow stone VI');
INSERT INTO entityEntityTypeXrefs (id, entityId, entityTypeId) VALUES ('72e4cd9d-d3b6-41d0-a759-b8710dd15c92', 'ef9ac4eb-6193-41db-939c-6ac1aefb6bc3', '36f9f5bf-3205-4405-902f-d0dc028d4bcf');
INSERT INTO markers (id, entityId, latitude, longitude, iconId) VALUES ('668da4b5-b6f7-4ba2-83ee-2bd746106c35', 'ef9ac4eb-6193-41db-939c-6ac1aefb6bc3', -76.47063313, -53.7890625, 'f09260b3-8016-408b-84ec-d34d3a16a119');
INSERT INTO images (id, entityId, entityTypeId, url) VALUES('ceeea9b7-2804-492c-8bb3-33a6e647757d', 'ef9ac4eb-6193-41db-939c-6ac1aefb6bc3', NULL, 'https://gyazo.com/8bc1c1a6fd29e81d22ca31890210398a');
INSERT INTO entities (id, title) VALUES ('33d6e7be-838e-4152-a1c8-cf02aa383cfb', 'rainbow stone VI');
INSERT INTO entityEntityTypeXrefs (id, entityId, entityTypeId) VALUES ('cc980d45-7da8-4965-884f-88a223985e37', '33d6e7be-838e-4152-a1c8-cf02aa383cfb', '36f9f5bf-3205-4405-902f-d0dc028d4bcf');
INSERT INTO circles (id, entityId, latitude, longitude, radius, outlineColor, fillColor) VALUES ('1e5f1de2-b07b-4c5a-bc35-889ce78723cc', '33d6e7be-838e-4152-a1c8-cf02aa383cfb', -76.47063313, -53.7890625, 11000, 'purple', 'purple');
INSERT INTO images (id, entityId, entityTypeId, url) VALUES('1cf8770a-3097-4039-a233-c8a6d76759cc', '33d6e7be-838e-4152-a1c8-cf02aa383cfb', NULL, 'https://gyazo.com/8bc1c1a6fd29e81d22ca31890210398a');
INSERT INTO entities (id, title) VALUES ('5b13814e-fd06-4486-9804-9692a2626e4f', 'rainbow stone VII');
INSERT INTO entityEntityTypeXrefs (id, entityId, entityTypeId) VALUES ('572dfb40-e13f-4d83-a3ed-1fb894a51163', '5b13814e-fd06-4486-9804-9692a2626e4f', '36f9f5bf-3205-4405-902f-d0dc028d4bcf');
INSERT INTO markers (id, entityId, latitude, longitude, iconId) VALUES ('bd6b944f-43cf-4ddb-8eea-23e809d16516', '5b13814e-fd06-4486-9804-9692a2626e4f', -76.39847989, -52.86621094, 'f09260b3-8016-408b-84ec-d34d3a16a119');
INSERT INTO images (id, entityId, entityTypeId, url) VALUES('fe43e294-ac45-4d1d-a902-930b4b9d9526', '5b13814e-fd06-4486-9804-9692a2626e4f', NULL, 'https://gyazo.com/9b2c272004df5422733cb961fcc0bdb9');
INSERT INTO entities (id, title) VALUES ('7eb915e5-f35a-4bfe-a1a4-51190a0d0abb', 'rainbow stone VII');
INSERT INTO entityEntityTypeXrefs (id, entityId, entityTypeId) VALUES ('bf1bd227-39f4-475c-ba3d-4badd3cce19a', '7eb915e5-f35a-4bfe-a1a4-51190a0d0abb', '36f9f5bf-3205-4405-902f-d0dc028d4bcf');
INSERT INTO circles (id, entityId, latitude, longitude, radius, outlineColor, fillColor) VALUES ('78ed119a-a90c-44c1-a81a-277e30035740', '7eb915e5-f35a-4bfe-a1a4-51190a0d0abb', -76.39847989, -52.86621094, 11000, 'purple', 'purple');
INSERT INTO images (id, entityId, entityTypeId, url) VALUES('1f00aa47-d5c8-44e6-8b44-e723233e5893', '7eb915e5-f35a-4bfe-a1a4-51190a0d0abb', NULL, 'https://gyazo.com/9b2c272004df5422733cb961fcc0bdb9');
INSERT INTO entities (id, title) VALUES ('a6c6365c-7fae-46a9-b0a4-cc13ad8f2f5b', 'rainbow stone VIII');
INSERT INTO entityEntityTypeXrefs (id, entityId, entityTypeId) VALUES ('2c4236c2-5078-4e65-bb65-460d0b1b0f6d', 'a6c6365c-7fae-46a9-b0a4-cc13ad8f2f5b', '36f9f5bf-3205-4405-902f-d0dc028d4bcf');
INSERT INTO markers (id, entityId, latitude, longitude, iconId) VALUES ('391764df-9e5d-4b88-9209-a2b1b90b7aa0', 'a6c6365c-7fae-46a9-b0a4-cc13ad8f2f5b', -76.01609366, -55.15136719, 'f09260b3-8016-408b-84ec-d34d3a16a119');
INSERT INTO images (id, entityId, entityTypeId, url) VALUES('b6b31ebe-b6f8-4a69-88c9-48b4eafb0ce9', 'a6c6365c-7fae-46a9-b0a4-cc13ad8f2f5b', NULL, 'https://gyazo.com/b7a9992a0fe08949572420113c190ece');
INSERT INTO entities (id, title) VALUES ('b43ed07b-0b97-4b04-a5a0-538b2d870de5', 'rainbow stone VIII');
INSERT INTO entityEntityTypeXrefs (id, entityId, entityTypeId) VALUES ('fb257169-99fa-47b0-8f8c-2d90020d4f3e', 'b43ed07b-0b97-4b04-a5a0-538b2d870de5', '36f9f5bf-3205-4405-902f-d0dc028d4bcf');
INSERT INTO circles (id, entityId, latitude, longitude, radius, outlineColor, fillColor) VALUES ('df741c5b-76a8-4f59-8377-328ef575bc42', 'b43ed07b-0b97-4b04-a5a0-538b2d870de5', -76.01609366, -55.15136719, 11000, 'purple', 'purple');
INSERT INTO images (id, entityId, entityTypeId, url) VALUES('77daf6bb-a97a-4b5c-b3fa-27fee30b391a', 'b43ed07b-0b97-4b04-a5a0-538b2d870de5', NULL, 'https://gyazo.com/b7a9992a0fe08949572420113c190ece');
INSERT INTO entities (id, title) VALUES ('b7fbeb84-56e1-48c5-993c-829bfff40229', 'rainbow stone IX');
INSERT INTO entityEntityTypeXrefs (id, entityId, entityTypeId) VALUES ('315fea8f-ccba-4994-b766-e4a3936747b0', 'b7fbeb84-56e1-48c5-993c-829bfff40229', '36f9f5bf-3205-4405-902f-d0dc028d4bcf');
INSERT INTO markers (id, entityId, latitude, longitude, iconId) VALUES ('4f83dd6f-f19d-4b62-b8b4-fd4d44f2d10f', 'b7fbeb84-56e1-48c5-993c-829bfff40229', -76.05321304, -56.82128906, 'f09260b3-8016-408b-84ec-d34d3a16a119');
INSERT INTO images (id, entityId, entityTypeId, url) VALUES('7b399058-85f7-4c8a-b8f8-72914978e9e8', 'b7fbeb84-56e1-48c5-993c-829bfff40229', NULL, 'https://gyazo.com/88135c50654b27a2367695299acc4f7f');
INSERT INTO entities (id, title) VALUES ('3a0bf0ce-0360-4ec9-b837-f44484b8a9b2', 'rainbow stone IX');
INSERT INTO entityEntityTypeXrefs (id, entityId, entityTypeId) VALUES ('8e6ca9ab-53e0-4eee-8d87-5d1dd7417100', '3a0bf0ce-0360-4ec9-b837-f44484b8a9b2', '36f9f5bf-3205-4405-902f-d0dc028d4bcf');
INSERT INTO circles (id, entityId, latitude, longitude, radius, outlineColor, fillColor) VALUES ('7a26b312-653f-49d0-bcee-9f24c4848230', '3a0bf0ce-0360-4ec9-b837-f44484b8a9b2', -76.05321304, -56.82128906, 11000, 'purple', 'purple');
INSERT INTO images (id, entityId, entityTypeId, url) VALUES('fff3cf45-c56b-41c1-91bb-b35514289ece', '3a0bf0ce-0360-4ec9-b837-f44484b8a9b2', NULL, 'https://gyazo.com/88135c50654b27a2367695299acc4f7f');
INSERT INTO entities (id, title) VALUES ('3b000b25-55b0-43b6-a6cc-49febd6d6229', 'rainbow stone X');
INSERT INTO entityEntityTypeXrefs (id, entityId, entityTypeId) VALUES ('a4e1fdd8-8dba-4d9a-b827-fce93df9a040', '3b000b25-55b0-43b6-a6cc-49febd6d6229', '36f9f5bf-3205-4405-902f-d0dc028d4bcf');
INSERT INTO markers (id, entityId, latitude, longitude, iconId) VALUES ('22369f8e-7909-493c-b0b0-b6f42e4d9c14', '3b000b25-55b0-43b6-a6cc-49febd6d6229', -75.95756751, -56.55761719, 'f09260b3-8016-408b-84ec-d34d3a16a119');
INSERT INTO images (id, entityId, entityTypeId, url) VALUES('95521af8-7679-45dc-b7eb-1946d80ab59b', '3b000b25-55b0-43b6-a6cc-49febd6d6229', NULL, 'https://gyazo.com/9f82133e6d3cb11d4cdac72aa8b361f5');
INSERT INTO entities (id, title) VALUES ('ae08ba16-c81d-48d5-8b9a-17551b223533', 'rainbow stone X');
INSERT INTO entityEntityTypeXrefs (id, entityId, entityTypeId) VALUES ('e2a4ab60-9df6-40f0-8d02-1796cea0e183', 'ae08ba16-c81d-48d5-8b9a-17551b223533', '36f9f5bf-3205-4405-902f-d0dc028d4bcf');
INSERT INTO circles (id, entityId, latitude, longitude, radius, outlineColor, fillColor) VALUES ('c30eb4e5-b141-43b4-9b9f-e83083f8ccd0', 'ae08ba16-c81d-48d5-8b9a-17551b223533', -75.95756751, -56.55761719, 11000, 'purple', 'purple');
INSERT INTO images (id, entityId, entityTypeId, url) VALUES('199caf62-430a-4082-8b83-5a56bea100de', 'ae08ba16-c81d-48d5-8b9a-17551b223533', NULL, 'https://gyazo.com/9f82133e6d3cb11d4cdac72aa8b361f5');
INSERT INTO entities (id, title) VALUES ('6593fb58-7b23-41ad-8e77-6eda6d515e75', 'rainbow stone XI');
INSERT INTO entityEntityTypeXrefs (id, entityId, entityTypeId) VALUES ('eb96f49f-05d1-4c5c-9af1-904a9a3fabd1', '6593fb58-7b23-41ad-8e77-6eda6d515e75', '36f9f5bf-3205-4405-902f-d0dc028d4bcf');
INSERT INTO markers (id, entityId, latitude, longitude, iconId) VALUES ('3a29e41d-b602-4d87-9280-b9c9bbff5723', '6593fb58-7b23-41ad-8e77-6eda6d515e75', -75.69935993, -57.17285156, 'f09260b3-8016-408b-84ec-d34d3a16a119');
INSERT INTO images (id, entityId, entityTypeId, url) VALUES('4b13d417-2b03-46c0-9cd6-bd5c4200c35e', '6593fb58-7b23-41ad-8e77-6eda6d515e75', NULL, 'https://gyazo.com/f61b368a614946e9c78c9124b2bf00e7');
INSERT INTO entities (id, title) VALUES ('be732346-90c7-47ff-b79b-787de84ef342', 'rainbow stone XI');
INSERT INTO entityEntityTypeXrefs (id, entityId, entityTypeId) VALUES ('357ee51b-5b03-4dba-895a-47b9c9bd64aa', 'be732346-90c7-47ff-b79b-787de84ef342', '36f9f5bf-3205-4405-902f-d0dc028d4bcf');
INSERT INTO circles (id, entityId, latitude, longitude, radius, outlineColor, fillColor) VALUES ('c00149e9-16d5-4b2b-839b-d244182f67d5', 'be732346-90c7-47ff-b79b-787de84ef342', -75.69935993, -57.17285156, 11000, 'purple', 'purple');
INSERT INTO images (id, entityId, entityTypeId, url) VALUES('f7f7f358-1d5a-41d1-996a-99ade70b07db', 'be732346-90c7-47ff-b79b-787de84ef342', NULL, 'https://gyazo.com/f61b368a614946e9c78c9124b2bf00e7');
INSERT INTO entities (id, title) VALUES ('ade4c59f-22c5-45bf-bf0c-449a986f746f', 'rainbow stone XII');
INSERT INTO entityEntityTypeXrefs (id, entityId, entityTypeId) VALUES ('185eea66-24ce-4229-a56b-20f43bd114b4', 'ade4c59f-22c5-45bf-bf0c-449a986f746f', '36f9f5bf-3205-4405-902f-d0dc028d4bcf');
INSERT INTO markers (id, entityId, latitude, longitude, iconId) VALUES ('7a2e1350-22f8-42cb-9dba-e13418e6fafc', 'ade4c59f-22c5-45bf-bf0c-449a986f746f', -75.48614809, -53.83300781, 'f09260b3-8016-408b-84ec-d34d3a16a119');
INSERT INTO images (id, entityId, entityTypeId, url) VALUES('994a39ac-6c9f-4a34-a9d2-8ae334a4a1c4', 'ade4c59f-22c5-45bf-bf0c-449a986f746f', NULL, 'https://gyazo.com/fc15ee28c73d9e9215411b1c62cd20c9');
INSERT INTO entities (id, title) VALUES ('e22c2258-adee-4d0d-b628-14a5df33764c', 'rainbow stone XII');
INSERT INTO entityEntityTypeXrefs (id, entityId, entityTypeId) VALUES ('92027d43-82c7-4039-99b6-f873639f4723', 'e22c2258-adee-4d0d-b628-14a5df33764c', '36f9f5bf-3205-4405-902f-d0dc028d4bcf');
INSERT INTO circles (id, entityId, latitude, longitude, radius, outlineColor, fillColor) VALUES ('3ab16d5f-6484-4625-a76d-6ff191074c37', 'e22c2258-adee-4d0d-b628-14a5df33764c', -75.48614809, -53.83300781, 11000, 'purple', 'purple');
INSERT INTO images (id, entityId, entityTypeId, url) VALUES('b9e9c0b8-82d7-4357-8b1a-ce4b8a6c8393', 'e22c2258-adee-4d0d-b628-14a5df33764c', NULL, 'https://gyazo.com/fc15ee28c73d9e9215411b1c62cd20c9');
INSERT INTO entities (id, title) VALUES ('47a072e2-eb2a-4ba2-ad04-b2b95d8d68dd', 'rainbow stone XIII');
INSERT INTO entityEntityTypeXrefs (id, entityId, entityTypeId) VALUES ('c03e5808-eac6-4b7a-bb33-26a088d2eb2f', '47a072e2-eb2a-4ba2-ad04-b2b95d8d68dd', '36f9f5bf-3205-4405-902f-d0dc028d4bcf');
INSERT INTO markers (id, entityId, latitude, longitude, iconId) VALUES ('b355d56c-f93f-40b2-9d3c-8ff45555eb39', '47a072e2-eb2a-4ba2-ad04-b2b95d8d68dd', -75.28099643, -53.26171875, 'f09260b3-8016-408b-84ec-d34d3a16a119');
INSERT INTO images (id, entityId, entityTypeId, url) VALUES('335493a7-8a1c-4afa-8e79-b86da009077a', '47a072e2-eb2a-4ba2-ad04-b2b95d8d68dd', NULL, 'https://gyazo.com/a6190da67033633a62abd640d21d58da');
INSERT INTO entities (id, title) VALUES ('6adf029d-636d-46ac-810a-840a086ebd98', 'rainbow stone XIII');
INSERT INTO entityEntityTypeXrefs (id, entityId, entityTypeId) VALUES ('42874554-54f5-4898-98b0-80c576f745b1', '6adf029d-636d-46ac-810a-840a086ebd98', '36f9f5bf-3205-4405-902f-d0dc028d4bcf');
INSERT INTO circles (id, entityId, latitude, longitude, radius, outlineColor, fillColor) VALUES ('fdb7248d-2a86-4854-b034-d5ade9644fc7', '6adf029d-636d-46ac-810a-840a086ebd98', -75.28099643, -53.26171875, 11000, 'purple', 'purple');
INSERT INTO images (id, entityId, entityTypeId, url) VALUES('992d8ca2-d206-47c4-8d74-5030a45414c4', '6adf029d-636d-46ac-810a-840a086ebd98', NULL, 'https://gyazo.com/a6190da67033633a62abd640d21d58da');
INSERT INTO entities (id, title) VALUES ('43c59b7b-0e32-40d0-b1ac-a4525d8a8c61', 'rainbow stone XIV');
INSERT INTO entityEntityTypeXrefs (id, entityId, entityTypeId) VALUES ('58832a77-7c2d-4af4-9ec4-ebcbd2d4470f', '43c59b7b-0e32-40d0-b1ac-a4525d8a8c61', '36f9f5bf-3205-4405-902f-d0dc028d4bcf');
INSERT INTO markers (id, entityId, latitude, longitude, iconId) VALUES ('6c0b47e8-94d6-4039-bdd3-f63d3862568c', '43c59b7b-0e32-40d0-b1ac-a4525d8a8c61', -75.28099643, -52.51464844, 'f09260b3-8016-408b-84ec-d34d3a16a119');
INSERT INTO images (id, entityId, entityTypeId, url) VALUES('172d1fed-802b-4019-827b-84bc3be9ad5f', '43c59b7b-0e32-40d0-b1ac-a4525d8a8c61', NULL, 'https://gyazo.com/e845415d1dbc2878780e90b2ed37a504');
INSERT INTO entities (id, title) VALUES ('4a8b4df7-0793-4677-8b23-201fbd3c88c1', 'rainbow stone XIV');
INSERT INTO entityEntityTypeXrefs (id, entityId, entityTypeId) VALUES ('e987bebb-da36-4067-9829-93013216f773', '4a8b4df7-0793-4677-8b23-201fbd3c88c1', '36f9f5bf-3205-4405-902f-d0dc028d4bcf');
INSERT INTO circles (id, entityId, latitude, longitude, radius, outlineColor, fillColor) VALUES ('fdb18706-5f8d-4341-a0cc-3bf00749ea92', '4a8b4df7-0793-4677-8b23-201fbd3c88c1', -75.28099643, -52.51464844, 11000, 'purple', 'purple');
INSERT INTO images (id, entityId, entityTypeId, url) VALUES('9615f20e-901d-4ef7-a8be-d9201de83e49', '4a8b4df7-0793-4677-8b23-201fbd3c88c1', NULL, 'https://gyazo.com/e845415d1dbc2878780e90b2ed37a504');
INSERT INTO entities (id, title) VALUES ('fd6b7f70-554e-4e6c-b29a-84e126d670e8', 'rainbow stone XV');
INSERT INTO entityEntityTypeXrefs (id, entityId, entityTypeId) VALUES ('70bd9c94-70f3-49bb-a0bd-0b8b6dc0e3e9', 'fd6b7f70-554e-4e6c-b29a-84e126d670e8', '36f9f5bf-3205-4405-902f-d0dc028d4bcf');
INSERT INTO markers (id, entityId, latitude, longitude, iconId) VALUES ('a33c620d-f6f9-4ec9-8575-cd407916b407', 'fd6b7f70-554e-4e6c-b29a-84e126d670e8', -74.96509259, -55.50292969, 'f09260b3-8016-408b-84ec-d34d3a16a119');
INSERT INTO images (id, entityId, entityTypeId, url) VALUES('bba0cfc8-a994-4c70-9ae0-7758643411ff', 'fd6b7f70-554e-4e6c-b29a-84e126d670e8', NULL, 'https://gyazo.com/d9b22cd7dc87645debf783247db14fb3');
INSERT INTO entities (id, title) VALUES ('f06f6c3c-217c-463d-8e25-a2eb0c6c7f53', 'rainbow stone XV');
INSERT INTO entityEntityTypeXrefs (id, entityId, entityTypeId) VALUES ('b5374f8e-7343-4d4e-ae79-872931f9c057', 'f06f6c3c-217c-463d-8e25-a2eb0c6c7f53', '36f9f5bf-3205-4405-902f-d0dc028d4bcf');
INSERT INTO circles (id, entityId, latitude, longitude, radius, outlineColor, fillColor) VALUES ('b7d1a2f1-061c-4776-b10e-8e01b272377a', 'f06f6c3c-217c-463d-8e25-a2eb0c6c7f53', -74.96509259, -55.50292969, 11000, 'purple', 'purple');
INSERT INTO images (id, entityId, entityTypeId, url) VALUES('5dc36dd8-014e-41b9-80c2-7545d353da44', 'f06f6c3c-217c-463d-8e25-a2eb0c6c7f53', NULL, 'https://gyazo.com/d9b22cd7dc87645debf783247db14fb3');
INSERT INTO entities (id, title) VALUES ('0fc72e22-eab5-44f6-b88b-40ededff15fd', 'rainbow stone XVI');
INSERT INTO entityEntityTypeXrefs (id, entityId, entityTypeId) VALUES ('c1326e05-7d02-4c5c-bd21-b29d2044e55b', '0fc72e22-eab5-44f6-b88b-40ededff15fd', '36f9f5bf-3205-4405-902f-d0dc028d4bcf');
INSERT INTO markers (id, entityId, latitude, longitude, iconId) VALUES ('9559676b-28b0-420c-b64d-c72d0a72e5f4', '0fc72e22-eab5-44f6-b88b-40ededff15fd', -74.85641315, -54.84375, 'f09260b3-8016-408b-84ec-d34d3a16a119');
INSERT INTO images (id, entityId, entityTypeId, url) VALUES('097350f7-29ba-41e3-9f6f-56353fa4410f', '0fc72e22-eab5-44f6-b88b-40ededff15fd', NULL, 'https://gyazo.com/fee5e4d5821918a32881a680a09e5834');
INSERT INTO entities (id, title) VALUES ('d365b2bd-8b7b-4448-a03a-3c22d073bed8', 'rainbow stone XVI');
INSERT INTO entityEntityTypeXrefs (id, entityId, entityTypeId) VALUES ('0703b446-858c-495d-aa63-7949a0ac47d9', 'd365b2bd-8b7b-4448-a03a-3c22d073bed8', '36f9f5bf-3205-4405-902f-d0dc028d4bcf');
INSERT INTO circles (id, entityId, latitude, longitude, radius, outlineColor, fillColor) VALUES ('8ef368c1-ec18-41ee-b3ad-b66ec74b21f1', 'd365b2bd-8b7b-4448-a03a-3c22d073bed8', -74.85641315, -54.84375, 11000, 'purple', 'purple');
INSERT INTO images (id, entityId, entityTypeId, url) VALUES('e166fb41-609c-441c-afb8-7492f171f13c', 'd365b2bd-8b7b-4448-a03a-3c22d073bed8', NULL, 'https://gyazo.com/fee5e4d5821918a32881a680a09e5834');
INSERT INTO entities (id, title) VALUES ('cec602de-0eab-40b3-80b7-ea5a635ec5ac', 'rainbow stone XVII');
INSERT INTO entityEntityTypeXrefs (id, entityId, entityTypeId) VALUES ('63f9e5e0-1ad1-40d6-89ee-c537be50a130', 'cec602de-0eab-40b3-80b7-ea5a635ec5ac', '36f9f5bf-3205-4405-902f-d0dc028d4bcf');
INSERT INTO markers (id, entityId, latitude, longitude, iconId) VALUES ('9529d852-e877-46a1-bab7-e84e3a890fcf', 'cec602de-0eab-40b3-80b7-ea5a635ec5ac', -74.59010801, -52.93212891, 'f09260b3-8016-408b-84ec-d34d3a16a119');
INSERT INTO images (id, entityId, entityTypeId, url) VALUES('179e833a-167b-439b-bb2b-ae6ca9677cb7', 'cec602de-0eab-40b3-80b7-ea5a635ec5ac', NULL, 'https://gyazo.com/f4f5692b2284d85d57f4a47a8204119e');
INSERT INTO entities (id, title) VALUES ('a8334074-770e-4112-806d-786cbd9caefd', 'rainbow stone XVII');
INSERT INTO entityEntityTypeXrefs (id, entityId, entityTypeId) VALUES ('43e57537-5578-436e-af0a-7ae851ef90bd', 'a8334074-770e-4112-806d-786cbd9caefd', '36f9f5bf-3205-4405-902f-d0dc028d4bcf');
INSERT INTO circles (id, entityId, latitude, longitude, radius, outlineColor, fillColor) VALUES ('78817221-7db1-4613-8c48-ef578eef9948', 'a8334074-770e-4112-806d-786cbd9caefd', -74.59010801, -52.93212891, 11000, 'purple', 'purple');
INSERT INTO images (id, entityId, entityTypeId, url) VALUES('921875fa-e43e-4da4-bf7e-53fbf1c033fa', 'a8334074-770e-4112-806d-786cbd9caefd', NULL, 'https://gyazo.com/f4f5692b2284d85d57f4a47a8204119e');
INSERT INTO entities (id, title) VALUES ('edccb106-f009-4d6e-beda-e8bc8b014003', 'rainbow stone XVIII');
INSERT INTO entityEntityTypeXrefs (id, entityId, entityTypeId) VALUES ('32299c61-cc2c-4d1d-9fd1-0f4d125e7c61', 'edccb106-f009-4d6e-beda-e8bc8b014003', '36f9f5bf-3205-4405-902f-d0dc028d4bcf');
INSERT INTO markers (id, entityId, latitude, longitude, iconId) VALUES ('bdb8e81f-458c-473f-a0f4-e9a548049932', 'edccb106-f009-4d6e-beda-e8bc8b014003', -74.64838651, -50.38330078, 'f09260b3-8016-408b-84ec-d34d3a16a119');
INSERT INTO images (id, entityId, entityTypeId, url) VALUES('e113588f-87d4-4c8c-b5cc-10ea54f08c0a', 'edccb106-f009-4d6e-beda-e8bc8b014003', NULL, 'https://gyazo.com/10ab577b83b82bcebf6515b71e7c837a');
INSERT INTO notes (id, entityId, note, position) VALUES('4d51872b-fe57-461f-ac98-a94a41d26498', 'edccb106-f009-4d6e-beda-e8bc8b014003', 'hidden on path heading into mtn from where you jumped down.', 1);
INSERT INTO entities (id, title) VALUES ('26569709-7944-489e-956b-022cbc1858a1', 'rainbow stone XVIII');
INSERT INTO entityEntityTypeXrefs (id, entityId, entityTypeId) VALUES ('c91c3c85-fd73-4994-88e8-ae37bdd30d05', '26569709-7944-489e-956b-022cbc1858a1', '36f9f5bf-3205-4405-902f-d0dc028d4bcf');
INSERT INTO circles (id, entityId, latitude, longitude, radius, outlineColor, fillColor) VALUES ('c9d1df66-df9d-4f0e-b6e1-d1bd0f222942', '26569709-7944-489e-956b-022cbc1858a1', -74.64838651, -50.38330078, 11000, 'purple', 'purple');
INSERT INTO images (id, entityId, entityTypeId, url) VALUES('ba6c1d56-7126-4479-b910-986f3f4aabff', '26569709-7944-489e-956b-022cbc1858a1', NULL, 'https://gyazo.com/10ab577b83b82bcebf6515b71e7c837a');
INSERT INTO notes (id, entityId, note, position) VALUES('7349cd0a-d7d5-4117-a37b-d1bb48b50d90', '26569709-7944-489e-956b-022cbc1858a1', 'hidden on path heading into mtn from where you jumped down.', 1);
INSERT INTO entities (id, title) VALUES ('f7345751-404a-48c9-b044-8cfe50694b7d', 'rainbow stone XIX');
INSERT INTO entityEntityTypeXrefs (id, entityId, entityTypeId) VALUES ('e18676d2-ec1b-4d05-9401-938f1b521fd9', 'f7345751-404a-48c9-b044-8cfe50694b7d', '36f9f5bf-3205-4405-902f-d0dc028d4bcf');
INSERT INTO markers (id, entityId, latitude, longitude, iconId) VALUES ('64b65998-f75f-4505-b89b-546ed5174238', 'f7345751-404a-48c9-b044-8cfe50694b7d', -74.74118496, -50.91064453, 'f09260b3-8016-408b-84ec-d34d3a16a119');
INSERT INTO images (id, entityId, entityTypeId, url) VALUES('db706305-61a9-4eb8-9e41-43cfe79d0310', 'f7345751-404a-48c9-b044-8cfe50694b7d', NULL, 'https://gyazo.com/e571f81b172069cd28075651675fd4de');
INSERT INTO notes (id, entityId, note, position) VALUES('c8d73495-ae4c-4e02-927e-2fafb346f6a4', 'f7345751-404a-48c9-b044-8cfe50694b7d', 'follow path to bottom', 1);
INSERT INTO entities (id, title) VALUES ('91b035c0-7b70-41b9-b1e8-d19a1b8658d0', 'rainbow stone XIX');
INSERT INTO entityEntityTypeXrefs (id, entityId, entityTypeId) VALUES ('e1841053-fecc-4e78-b703-0f564ee4af2e', '91b035c0-7b70-41b9-b1e8-d19a1b8658d0', '36f9f5bf-3205-4405-902f-d0dc028d4bcf');
INSERT INTO circles (id, entityId, latitude, longitude, radius, outlineColor, fillColor) VALUES ('a5ca3865-43b7-4e9c-ab3c-84cfc4140eaf', '91b035c0-7b70-41b9-b1e8-d19a1b8658d0', -74.74118496, -50.91064453, 11000, 'purple', 'purple');
INSERT INTO images (id, entityId, entityTypeId, url) VALUES('74375eda-5b6e-4493-a732-cabf8d09dd27', '91b035c0-7b70-41b9-b1e8-d19a1b8658d0', NULL, 'https://gyazo.com/e571f81b172069cd28075651675fd4de');
INSERT INTO notes (id, entityId, note, position) VALUES('f5ed9c04-c54d-4123-be61-bff83de57006', '91b035c0-7b70-41b9-b1e8-d19a1b8658d0', 'follow path to bottom', 1);
INSERT INTO entities (id, title) VALUES ('e231873e-2424-4596-af76-7e782b81ecd9', 'rainbow stone XX');
INSERT INTO entityEntityTypeXrefs (id, entityId, entityTypeId) VALUES ('fee98623-b6cc-4b9a-9920-7ce40f4b7f2e', 'e231873e-2424-4596-af76-7e782b81ecd9', '36f9f5bf-3205-4405-902f-d0dc028d4bcf');
INSERT INTO markers (id, entityId, latitude, longitude, iconId) VALUES ('0f4d6b04-f539-4823-b65e-339e2b916cbc', 'e231873e-2424-4596-af76-7e782b81ecd9', -75.05035357, -50.03173828, 'f09260b3-8016-408b-84ec-d34d3a16a119');
INSERT INTO images (id, entityId, entityTypeId, url) VALUES('18b70a0b-82f8-475b-a828-b7291f56d392', 'e231873e-2424-4596-af76-7e782b81ecd9', NULL, 'https://gyazo.com/ad2939a961320cef923b25493fb28a99');
INSERT INTO notes (id, entityId, note, position) VALUES('2b984b2d-9240-45f6-8659-a809e0e1195e', 'e231873e-2424-4596-af76-7e782b81ecd9', 'outside of the opening at the bottom', 1);
INSERT INTO entities (id, title) VALUES ('241fcded-6e30-4d50-b6d8-62b9afc5b87b', 'rainbow stone XX');
INSERT INTO entityEntityTypeXrefs (id, entityId, entityTypeId) VALUES ('74ab256f-338d-4add-8fc2-bdc7da1c64d3', '241fcded-6e30-4d50-b6d8-62b9afc5b87b', '36f9f5bf-3205-4405-902f-d0dc028d4bcf');
INSERT INTO circles (id, entityId, latitude, longitude, radius, outlineColor, fillColor) VALUES ('2515c201-3581-4358-91b1-4e2d5e285cc8', '241fcded-6e30-4d50-b6d8-62b9afc5b87b', -75.05035357, -50.03173828, 11000, 'purple', 'purple');
INSERT INTO images (id, entityId, entityTypeId, url) VALUES('6c267429-ad78-41a8-97df-7a58c670da04', '241fcded-6e30-4d50-b6d8-62b9afc5b87b', NULL, 'https://gyazo.com/ad2939a961320cef923b25493fb28a99');
INSERT INTO notes (id, entityId, note, position) VALUES('93613b9e-77ff-46e6-b3ff-f0bff210189f', '241fcded-6e30-4d50-b6d8-62b9afc5b87b', 'outside of the opening at the bottom', 1);
INSERT INTO entities (id, title) VALUES ('a5eb7a3c-0723-40d1-9d08-01dc0590cf5e', 'rainbow stone XXI');
INSERT INTO entityEntityTypeXrefs (id, entityId, entityTypeId) VALUES ('fa47ba6d-4123-4195-93b5-ba18c25130a9', 'a5eb7a3c-0723-40d1-9d08-01dc0590cf5e', '36f9f5bf-3205-4405-902f-d0dc028d4bcf');
INSERT INTO markers (id, entityId, latitude, longitude, iconId) VALUES ('464d2b85-a0df-4763-a580-73d796403e97', 'a5eb7a3c-0723-40d1-9d08-01dc0590cf5e', -75.05035357, -48.93310547, 'f09260b3-8016-408b-84ec-d34d3a16a119');
INSERT INTO images (id, entityId, entityTypeId, url) VALUES('8aa933e2-ac38-498b-8942-982cc1492e9c', 'a5eb7a3c-0723-40d1-9d08-01dc0590cf5e', NULL, 'https://gyazo.com/454f42b0b5fe910bb321dbcb3d1cab46');
INSERT INTO notes (id, entityId, note, position) VALUES('216de718-7323-410a-968b-a78612c5dc7c', 'a5eb7a3c-0723-40d1-9d08-01dc0590cf5e', 'outside of the opening at the bottom', 1);
INSERT INTO entities (id, title) VALUES ('449d1d23-c556-40ef-af89-d51181c9613f', 'rainbow stone XXI');
INSERT INTO entityEntityTypeXrefs (id, entityId, entityTypeId) VALUES ('d5d2261c-a689-4b4a-a4ed-33d8f3c60c0e', '449d1d23-c556-40ef-af89-d51181c9613f', '36f9f5bf-3205-4405-902f-d0dc028d4bcf');
INSERT INTO circles (id, entityId, latitude, longitude, radius, outlineColor, fillColor) VALUES ('f16072bc-ee4f-4e0e-a22f-dc4e18adacdc', '449d1d23-c556-40ef-af89-d51181c9613f', -75.05035357, -48.93310547, 11000, 'purple', 'purple');
INSERT INTO images (id, entityId, entityTypeId, url) VALUES('c3569ae2-34a8-4de0-b85f-8d1c21150c66', '449d1d23-c556-40ef-af89-d51181c9613f', NULL, 'https://gyazo.com/454f42b0b5fe910bb321dbcb3d1cab46');
INSERT INTO notes (id, entityId, note, position) VALUES('e4ee262a-97c1-4137-852d-fc88401d0232', '449d1d23-c556-40ef-af89-d51181c9613f', 'outside of the opening at the bottom', 1);
INSERT INTO entityTypes (id, parentId, name, show) VALUES ('f0868919-78a5-4d4d-9840-2c33ff812729', NULL, 'Villages', TRUE);
INSERT INTO entityTypes (id, parentId, name, show) VALUES ('ed196143-9c0b-4df5-a947-b8cecce0bd0c', NULL, 'Farms', TRUE);
INSERT INTO entityTypes (id, parentId, name, show) VALUES ('891a8e51-59ce-42f5-811a-3cf9a248e022', NULL, 'Danger', TRUE);
INSERT INTO entityTypes (id, parentId, name, show) VALUES ('0922ff1a-5fad-4946-bce7-3e92b137c5a3', NULL, 'Connect', TRUE);
INSERT INTO entityTypes (id, parentId, name, show) VALUES ('aecd58a6-8e96-4ba2-ac15-8dde1478ae40', NULL, 'Trade', TRUE);