INSERT INTO icons VALUES ('cfb51b57-a174-4d2b-8a41-7a8ad7163ee5', 'img/fish.png', 'fish');
INSERT INTO icons VALUES ('16349d4b-7e86-4f26-8de3-3c1bfcf26b5d', 'img/treasure.png', 'treasure');
INSERT INTO icons VALUES ('54e0b903-eb3d-47b8-8585-47326ad84daf', 'img/town.png', 'town');
INSERT INTO icons VALUES ('57600ee3-70ce-4088-b3d6-53f1ecfa64c6', 'img/horse.png', 'horse');
INSERT INTO icons VALUES ('0de7b3e1-977e-492c-b057-7f559e9040bf', 'img/boss.png', 'boss');
INSERT INTO icons VALUES ('8ac237b5-0529-4ee0-9f34-bf6834f3aac7', 'img/misc.png', 'misc');
INSERT INTO entityTypes VALUES ('45d5b21d-81f5-439f-9b84-b1209fa8a4f3', NULL, 'Towns', TRUE);
INSERT INTO entities VALUES ('6e43b3a8-bcd5-4e57-b646-0617f036a097', 'Altinova');
INSERT INTO entityEntityTypeXrefs VALUES ('643cc115-c959-480d-8b78-a9dbd9b17052', '6e43b3a8-bcd5-4e57-b646-0617f036a097', '45d5b21d-81f5-439f-9b84-b1209fa8a4f3');
INSERT INTO markers VALUES ('8f2bc02e-3e2a-4073-867a-c8c630157a42', '6e43b3a8-bcd5-4e57-b646-0617f036a097', -79.28631, -5.47119, '54e0b903-eb3d-47b8-8585-47326ad84daf');
INSERT INTO entities VALUES ('fde1e37a-3eb4-4b66-8a95-5b4040982e3a', 'Behr');
INSERT INTO entityEntityTypeXrefs VALUES ('9c6cc6d9-7022-4cfc-ad20-5885b70ccddc', 'fde1e37a-3eb4-4b66-8a95-5b4040982e3a', '45d5b21d-81f5-439f-9b84-b1209fa8a4f3');
INSERT INTO markers VALUES ('94cdfec1-d192-40cd-b3cc-d323bd2e7cc1', 'fde1e37a-3eb4-4b66-8a95-5b4040982e3a', -83.64297, -129.1333, '54e0b903-eb3d-47b8-8585-47326ad84daf');
INSERT INTO entities VALUES ('98889bec-f6fd-49fc-890a-71909f3d3dc2', 'Calpheon');
INSERT INTO entityEntityTypeXrefs VALUES ('9cfa3e55-dc01-4746-b09b-97b2dd2d38d9', '98889bec-f6fd-49fc-890a-71909f3d3dc2', '45d5b21d-81f5-439f-9b84-b1209fa8a4f3');
INSERT INTO markers VALUES ('bd48e6f3-b86c-4ea5-b9f7-26e0e754047d', '98889bec-f6fd-49fc-890a-71909f3d3dc2', -78.55613, -122.7832, '54e0b903-eb3d-47b8-8585-47326ad84daf');
INSERT INTO entities VALUES ('e8282c29-c679-47dd-b90d-c9b157057158', 'Epheria Port');
INSERT INTO entityEntityTypeXrefs VALUES ('6f57750c-73d1-41cc-b7ba-71d941255459', 'e8282c29-c679-47dd-b90d-c9b157057158', '45d5b21d-81f5-439f-9b84-b1209fa8a4f3');
INSERT INTO markers VALUES ('9bdfca11-4079-4962-bee8-a6e23fb3c012', 'e8282c29-c679-47dd-b90d-c9b157057158', -74.67164, -143.04199, '54e0b903-eb3d-47b8-8585-47326ad84daf');
INSERT INTO entities VALUES ('9432e64f-db51-44a8-91f6-65ca2e186bf4', 'Florin');
INSERT INTO entityEntityTypeXrefs VALUES ('0a113ace-b262-48ce-a5c9-82f2ff296f36', '9432e64f-db51-44a8-91f6-65ca2e186bf4', '45d5b21d-81f5-439f-9b84-b1209fa8a4f3');
INSERT INTO markers VALUES ('5cc8d568-335a-471f-97b7-32ea5f676875', '9432e64f-db51-44a8-91f6-65ca2e186bf4', -73.65254, -108.63281, '54e0b903-eb3d-47b8-8585-47326ad84daf');
INSERT INTO entities VALUES ('ad7ee675-a208-4f03-b020-d2da12f3c00e', 'Glish');
INSERT INTO entityEntityTypeXrefs VALUES ('8118da9e-8b34-4650-9563-a9f8d79f91d3', 'ad7ee675-a208-4f03-b020-d2da12f3c00e', '45d5b21d-81f5-439f-9b84-b1209fa8a4f3');
INSERT INTO markers VALUES ('887b7130-a4a5-4e28-b04c-cdc83e402853', 'ad7ee675-a208-4f03-b020-d2da12f3c00e', -80.8204, -78.39844, '54e0b903-eb3d-47b8-8585-47326ad84daf');
INSERT INTO entities VALUES ('74aa6446-1e49-41a0-a310-3c88d4eb024e', 'Heidel');
INSERT INTO entityEntityTypeXrefs VALUES ('70fafc1d-1935-4747-bf73-a79014dd09ca', '74aa6446-1e49-41a0-a310-3c88d4eb024e', '45d5b21d-81f5-439f-9b84-b1209fa8a4f3');
INSERT INTO markers VALUES ('52069a95-40c9-4542-a801-710661878732', '74aa6446-1e49-41a0-a310-3c88d4eb024e', -77.81405, -64.95117, '54e0b903-eb3d-47b8-8585-47326ad84daf');
INSERT INTO entities VALUES ('ed8e4379-fec2-4d86-926a-cfc6ba72b50f', 'Iliya');
INSERT INTO entityEntityTypeXrefs VALUES ('17a723b1-6980-428e-a008-d15e1e2ae8d1', 'ed8e4379-fec2-4d86-926a-cfc6ba72b50f', '45d5b21d-81f5-439f-9b84-b1209fa8a4f3');
INSERT INTO markers VALUES ('330a505e-b011-4ca2-946e-744d6d05bae8', 'ed8e4379-fec2-4d86-926a-cfc6ba72b50f', -54.23955, -44.47266, '54e0b903-eb3d-47b8-8585-47326ad84daf');
INSERT INTO entities VALUES ('a87effb5-1500-4b0b-8768-c6c5e54cfc2a', 'Kelphan');
INSERT INTO entityEntityTypeXrefs VALUES ('e569695e-de56-4959-938f-ac04e74dace8', 'a87effb5-1500-4b0b-8768-c6c5e54cfc2a', '45d5b21d-81f5-439f-9b84-b1209fa8a4f3');
INSERT INTO markers VALUES ('19033b6b-d364-4be7-80e3-2293a440a7e8', 'a87effb5-1500-4b0b-8768-c6c5e54cfc2a', -81.68514, -104.96338, '54e0b903-eb3d-47b8-8585-47326ad84daf');
INSERT INTO entities VALUES ('f80bac28-a9b1-493e-b4e2-3cda7fe88bf4', 'Northern Wheat Plantation');
INSERT INTO entityEntityTypeXrefs VALUES ('3350e10c-af53-4ee4-a958-63561895dcac', 'f80bac28-a9b1-493e-b4e2-3cda7fe88bf4', '45d5b21d-81f5-439f-9b84-b1209fa8a4f3');
INSERT INTO markers VALUES ('9559b3c7-7609-4a47-8865-7ab66b8ba698', 'f80bac28-a9b1-493e-b4e2-3cda7fe88bf4', -76.62398, -115.90576, '54e0b903-eb3d-47b8-8585-47326ad84daf');
INSERT INTO entities VALUES ('5fb50960-f14c-4d10-a6f1-98350cbb0d58', 'Olvia');
INSERT INTO entityEntityTypeXrefs VALUES ('98de6b8b-608d-4de5-aa83-1dc62c8a44aa', '5fb50960-f14c-4d10-a6f1-98350cbb0d58', '45d5b21d-81f5-439f-9b84-b1209fa8a4f3');
INSERT INTO markers VALUES ('d068ae9c-bdcb-47da-a80c-a47facf26a21', '5fb50960-f14c-4d10-a6f1-98350cbb0d58', -69.51915, -102.83203, '54e0b903-eb3d-47b8-8585-47326ad84daf');
INSERT INTO entities VALUES ('5f1d9726-250d-44c7-9dea-ca1b75d6e13e', 'Tarif');
INSERT INTO entityEntityTypeXrefs VALUES ('c9f16dab-69ca-45e2-93ce-913108b31b9d', '5f1d9726-250d-44c7-9dea-ca1b75d6e13e', '45d5b21d-81f5-439f-9b84-b1209fa8a4f3');
INSERT INTO markers VALUES ('fbb0b34a-06ac-4d6e-8b22-c0f4f068dafb', '5f1d9726-250d-44c7-9dea-ca1b75d6e13e', -79.43237, -31.72852, '54e0b903-eb3d-47b8-8585-47326ad84daf');
INSERT INTO entities VALUES ('b5263d49-9888-4835-81cb-62721519a79f', 'Trent');
INSERT INTO entityEntityTypeXrefs VALUES ('dc4561b2-8570-4802-81d1-9fddbb51912c', 'b5263d49-9888-4835-81cb-62721519a79f', '45d5b21d-81f5-439f-9b84-b1209fa8a4f3');
INSERT INTO markers VALUES ('46790c17-765e-4f54-9321-b5ddeadfc9f5', 'b5263d49-9888-4835-81cb-62721519a79f', -82.41983, -145.72266, '54e0b903-eb3d-47b8-8585-47326ad84daf');
INSERT INTO entities VALUES ('5391f455-92de-48ea-ab06-9fd7d1bc02fd', 'Velia');
INSERT INTO entityEntityTypeXrefs VALUES ('3e31c826-6aaa-4176-887f-f13278033c23', '5391f455-92de-48ea-ab06-9fd7d1bc02fd', '45d5b21d-81f5-439f-9b84-b1209fa8a4f3');
INSERT INTO markers VALUES ('9533c240-c16a-408e-af19-a3006f438993', '5391f455-92de-48ea-ab06-9fd7d1bc02fd', -72.28907, -72.09229, '54e0b903-eb3d-47b8-8585-47326ad84daf');
INSERT INTO entities VALUES ('cef08662-600c-4e2c-aa8c-9fe728f7bfa1', 'Western Guard Camp');
INSERT INTO entityEntityTypeXrefs VALUES ('a81e935d-5612-4ea0-add9-6e46eba93741', 'cef08662-600c-4e2c-aa8c-9fe728f7bfa1', '45d5b21d-81f5-439f-9b84-b1209fa8a4f3');
INSERT INTO markers VALUES ('c677957e-7663-434b-99d6-d376a5ba7634', 'cef08662-600c-4e2c-aa8c-9fe728f7bfa1', -74.30735, -86.96777, '54e0b903-eb3d-47b8-8585-47326ad84daf');
INSERT INTO entityTypes VALUES ('05f74b96-99a5-471f-b609-a45f55230c33', NULL, 'Fishing', TRUE);
INSERT INTO entities VALUES ('ebe2fd9a-0ef4-40d9-bf5a-7e1ff948111b', 'Thermian 1');
INSERT INTO entityEntityTypeXrefs VALUES ('94d63ebb-efe5-41a8-9998-1e0c6c98fac6', 'ebe2fd9a-0ef4-40d9-bf5a-7e1ff948111b', '05f74b96-99a5-471f-b609-a45f55230c33');
INSERT INTO markers VALUES ('00ebf760-7a68-410d-aef7-6da9112a7095', 'ebe2fd9a-0ef4-40d9-bf5a-7e1ff948111b', -65.80278, -110.61035, 'cfb51b57-a174-4d2b-8a41-7a8ad7163ee5');
INSERT INTO images VALUES('d7eb8105-79c0-4569-b84e-f3684b11cb94', 'ebe2fd9a-0ef4-40d9-bf5a-7e1ff948111b', null, 'http://i.imgur.com/sZmUPDa.jpg');
INSERT INTO notes VALUES('d793e10e-98b2-4dfd-aedd-5639ae874aa3', 'ebe2fd9a-0ef4-40d9-bf5a-7e1ff948111b', 'On the beach, hard to miss.', 1);
INSERT INTO entities VALUES ('07591ad0-90c4-4ec8-bfdf-046ec10f9afe', 'Altinova 1');
INSERT INTO entityEntityTypeXrefs VALUES ('0f2a5494-4aa6-4c28-a499-dddba9ba6a54', '07591ad0-90c4-4ec8-bfdf-046ec10f9afe', '05f74b96-99a5-471f-b609-a45f55230c33');
INSERT INTO markers VALUES ('150000d0-58a6-44d5-8b01-0424521b4285', '07591ad0-90c4-4ec8-bfdf-046ec10f9afe', -76.92061, -3.09814, 'cfb51b57-a174-4d2b-8a41-7a8ad7163ee5');
INSERT INTO entities VALUES ('4bba1a61-cbbd-4315-a7da-91a69d4b5ec7', 'ElectroShock''s Magical Fishing Spot');
INSERT INTO entityEntityTypeXrefs VALUES ('5192391b-5680-479b-9d8b-2709c4dbe9de', '4bba1a61-cbbd-4315-a7da-91a69d4b5ec7', '05f74b96-99a5-471f-b609-a45f55230c33');
INSERT INTO markers VALUES ('7302f4be-67af-45d2-9295-8c1f54473993', '4bba1a61-cbbd-4315-a7da-91a69d4b5ec7', -69.8168911, -149.0185547, 'cfb51b57-a174-4d2b-8a41-7a8ad7163ee5');
INSERT INTO notes VALUES('4dbad9a0-b213-42f4-9e9d-5bb9ddda04da', '4bba1a61-cbbd-4315-a7da-91a69d4b5ec7', 'Right off the beach.', 1);
INSERT INTO entities VALUES ('67085241-430b-455f-a891-a34ccfe3f87d', 'Velia 1');
INSERT INTO entityEntityTypeXrefs VALUES ('64186a20-1dba-425b-9d27-c67a7b23cfba', '67085241-430b-455f-a891-a34ccfe3f87d', '05f74b96-99a5-471f-b609-a45f55230c33');
INSERT INTO markers VALUES ('010fd78e-3464-4b34-a3a8-ac35e3ebece5', '67085241-430b-455f-a891-a34ccfe3f87d', -71.08118191, -78.55224609, 'cfb51b57-a174-4d2b-8a41-7a8ad7163ee5');
INSERT INTO images VALUES('6a65e37f-907d-45b6-857a-f6320c642b62', '67085241-430b-455f-a891-a34ccfe3f87d', null, 'http://i.imgur.com/kXYv1Bl.jpg');
INSERT INTO notes VALUES('dbb78b64-0d1a-40c7-831a-9df906cb30e0', '67085241-430b-455f-a891-a34ccfe3f87d', 'Very busy spot.', 1);
INSERT INTO entityTypes VALUES ('52c7905e-a4ef-428c-b3f8-4a60307b61af', NULL, 'Horse Spawns', TRUE);
INSERT INTO entities VALUES ('c3f2fd8f-14d9-4842-badb-bebc7d5844e4', 'Calpheon Shrine Spawn');
INSERT INTO entityEntityTypeXrefs VALUES ('cac48235-676a-4921-ab59-ed5e2a026ee3', 'c3f2fd8f-14d9-4842-badb-bebc7d5844e4', '52c7905e-a4ef-428c-b3f8-4a60307b61af');
INSERT INTO polygons VALUES ('03585ec3-e9a1-43b9-94ab-0462ebccbf77', 'c3f2fd8f-14d9-4842-badb-bebc7d5844e4', '[[-81.50529869762794, -150.1611328125],[-82.37331716529225, -155.3466796875],[-82.48908147830929, -157.8955078125],[-81.4597372638345, -152.7099609375],[-81.49230582149612, -152.40234375]]', 'orange', 'orange');
INSERT INTO entities VALUES ('352313f0-b5e1-4ed0-97cf-906f93f5a7aa', 'Epheria Spawn');
INSERT INTO entityEntityTypeXrefs VALUES ('c9a52feb-6064-41da-8f80-6d389955a72c', '352313f0-b5e1-4ed0-97cf-906f93f5a7aa', '52c7905e-a4ef-428c-b3f8-4a60307b61af');
INSERT INTO polygons VALUES ('ebb51261-f4f5-4bcd-a0d4-d949bc3e7e80', '352313f0-b5e1-4ed0-97cf-906f93f5a7aa', '[[-75.21946035674114, -142.60253906249997],[-75.32559250700751, -144.05273437499997],[-75.52464464250062, -144.755859375],[-76.52706134250077, -143.76708984375],[-76.5116947790196, -140.86669921875],[-75.39223893869115, -141.6796875]]', 'orange', 'orange');
INSERT INTO entities VALUES ('fa286466-1c4f-49a7-9f84-a7e33af73504', 'Unsure of Area Name');
INSERT INTO entityEntityTypeXrefs VALUES ('5743eb58-9b3a-4f34-b6c0-35c5848e0433', 'fa286466-1c4f-49a7-9f84-a7e33af73504', '52c7905e-a4ef-428c-b3f8-4a60307b61af');
INSERT INTO polygons VALUES ('3ea82f7c-28b1-4c62-a172-55f4338b2488', 'fa286466-1c4f-49a7-9f84-a7e33af73504', '[[-73.76963963687173, -127.88085937499999],[-73.04182867723632, -128.6279296875],[-73.1121838735694, -129.6826171875],[-73.65872816203942, -129.3310546875]]', 'orange', 'orange');
INSERT INTO entities VALUES ('72bcd02b-973a-4759-a41e-2cee7298ca73', 'Florin Spawn West');
INSERT INTO entityEntityTypeXrefs VALUES ('30e1f23a-4ea5-4715-b4ba-5eeab5fb39b2', '72bcd02b-973a-4759-a41e-2cee7298ca73', '52c7905e-a4ef-428c-b3f8-4a60307b61af');
INSERT INTO polygons VALUES ('c0ab3b15-be30-475d-9eda-e499bb5ed2bf', '72bcd02b-973a-4759-a41e-2cee7298ca73', '[[-72.99690914812648, -111.8408203125],[-73.03541866058295, -112.74169921875],[-73.29630993228643, -113.115234375],[-73.38449896285545, -111.95068359374999]]', 'orange', 'orange');
INSERT INTO entityTypes VALUES ('04acbb7f-13d4-421c-af3e-ddaa9c6e6a3f', NULL, 'Treasure Chests', TRUE);
INSERT INTO entities VALUES ('bc280723-0f27-4cc0-b6ba-ea53a743458c', 'Bloody Monastery Chest 1');
INSERT INTO entityEntityTypeXrefs VALUES ('073fe913-8f9a-46da-b3b8-08f98a9522bb', 'bc280723-0f27-4cc0-b6ba-ea53a743458c', '04acbb7f-13d4-421c-af3e-ddaa9c6e6a3f');
INSERT INTO markers VALUES ('9277eac7-c9af-487e-871d-f6dd4b5b2613', 'bc280723-0f27-4cc0-b6ba-ea53a743458c', -82.14545465, -80.39794922, '16349d4b-7e86-4f26-8de3-3c1bfcf26b5d');
INSERT INTO notes VALUES('d0147893-cf58-4334-b3d6-f9443af8df82', 'bc280723-0f27-4cc0-b6ba-ea53a743458c', 'Inside the building on the floor across from the cages.', 1);
INSERT INTO entities VALUES ('b624d8aa-ad23-444e-9bd0-e21f6ebe0759', 'Calpheon Chest 1');
INSERT INTO entityEntityTypeXrefs VALUES ('bea2a4d4-3a07-4b16-ae12-569841802327', 'b624d8aa-ad23-444e-9bd0-e21f6ebe0759', '04acbb7f-13d4-421c-af3e-ddaa9c6e6a3f');
INSERT INTO markers VALUES ('408f7e69-642a-4902-83ff-871f100932ac', 'b624d8aa-ad23-444e-9bd0-e21f6ebe0759', -77.33180919, -129.2431641, '16349d4b-7e86-4f26-8de3-3c1bfcf26b5d');
INSERT INTO notes VALUES('9a199dc2-6412-49c2-812f-72b41e209a62', 'b624d8aa-ad23-444e-9bd0-e21f6ebe0759', 'In the tent.', 1);
INSERT INTO entities VALUES ('4aadc033-808e-41e0-b9cc-0f3b83040228', 'Calpheon Chest 2');
INSERT INTO entityEntityTypeXrefs VALUES ('8d3a4f3a-63ea-4e57-af2d-a8c95773ff68', '4aadc033-808e-41e0-b9cc-0f3b83040228', '04acbb7f-13d4-421c-af3e-ddaa9c6e6a3f');
INSERT INTO markers VALUES ('f663bf3f-0b9d-42a7-a58d-b9ad5f577d97', '4aadc033-808e-41e0-b9cc-0f3b83040228', -77.00487699, -126.6943359, '16349d4b-7e86-4f26-8de3-3c1bfcf26b5d');
INSERT INTO notes VALUES('491b7ee0-5186-41dd-a9de-0dc9a2e54d71', '4aadc033-808e-41e0-b9cc-0f3b83040228', 'In the tent.', 1);
INSERT INTO entities VALUES ('61212e3e-78e2-4e17-975c-5f5d8b15f1bc', 'Calpheon Chest 3');
INSERT INTO entityEntityTypeXrefs VALUES ('a33306ee-aad8-4cc9-9d44-9eb1a53188be', '61212e3e-78e2-4e17-975c-5f5d8b15f1bc', '04acbb7f-13d4-421c-af3e-ddaa9c6e6a3f');
INSERT INTO markers VALUES ('abeb7ab1-5cbf-4a1a-b197-1bbd9f05d404', '61212e3e-78e2-4e17-975c-5f5d8b15f1bc', -76.8258013, -127.265625, '16349d4b-7e86-4f26-8de3-3c1bfcf26b5d');
INSERT INTO notes VALUES('25a113ff-ec17-480c-9b6f-47d646568523', '61212e3e-78e2-4e17-975c-5f5d8b15f1bc', 'Right between the tent and the wagon.', 1);
INSERT INTO entities VALUES ('fbbb7b58-5bbc-493c-be23-6ddf6cd58b0c', 'Calpheon Chest 4');
INSERT INTO entityEntityTypeXrefs VALUES ('81f60a7e-5195-4bb0-b67f-27ca406a564a', 'fbbb7b58-5bbc-493c-be23-6ddf6cd58b0c', '04acbb7f-13d4-421c-af3e-ddaa9c6e6a3f');
INSERT INTO markers VALUES ('dc38e132-94fd-4847-818d-e9427e3d30c5', 'fbbb7b58-5bbc-493c-be23-6ddf6cd58b0c', -75.74271514, -128.6499023, '16349d4b-7e86-4f26-8de3-3c1bfcf26b5d');
INSERT INTO notes VALUES('590a8f67-f361-4b46-9815-6e721050c50a', 'fbbb7b58-5bbc-493c-be23-6ddf6cd58b0c', 'In the wood rubble.', 1);
INSERT INTO entities VALUES ('0e217365-53c1-4a40-81ef-573f7ac23f87', 'Glish Chest 1');
INSERT INTO entityEntityTypeXrefs VALUES ('80207bf1-ec24-4595-aa2e-aecb1f94105f', '0e217365-53c1-4a40-81ef-573f7ac23f87', '04acbb7f-13d4-421c-af3e-ddaa9c6e6a3f');
INSERT INTO markers VALUES ('6ddf7de9-483a-4f0c-b53f-c6b5472be954', '0e217365-53c1-4a40-81ef-573f7ac23f87', -80.47770098, -80.61767578, '16349d4b-7e86-4f26-8de3-3c1bfcf26b5d');
INSERT INTO notes VALUES('d16f2789-d315-4333-88f3-f52845148487', '0e217365-53c1-4a40-81ef-573f7ac23f87', 'In the swamp.', 1);
INSERT INTO entities VALUES ('1e04bdbf-5fa1-4485-b144-0f029e262f30', 'Glish Chest 2');
INSERT INTO entityEntityTypeXrefs VALUES ('b392ac57-dcd9-4496-aebe-5a5a7060e837', '1e04bdbf-5fa1-4485-b144-0f029e262f30', '04acbb7f-13d4-421c-af3e-ddaa9c6e6a3f');
INSERT INTO markers VALUES ('0883b565-000f-4ec2-909e-6006476b39ba', '1e04bdbf-5fa1-4485-b144-0f029e262f30', -80.87282722, -85.34179688, '16349d4b-7e86-4f26-8de3-3c1bfcf26b5d');
INSERT INTO notes VALUES('86de5359-6ccc-49f3-b8ae-8f169692509c', '1e04bdbf-5fa1-4485-b144-0f029e262f30', 'In the underground mine by the miners.', 1);
INSERT INTO entities VALUES ('722b2403-659d-4f59-943a-093e22856391', 'Goblin Cave 1');
INSERT INTO entityEntityTypeXrefs VALUES ('4bfeec47-d9a8-421f-bcce-1e69fb918845', '722b2403-659d-4f59-943a-093e22856391', '04acbb7f-13d4-421c-af3e-ddaa9c6e6a3f');
INSERT INTO markers VALUES ('966d1e82-b193-4fda-bc84-c2fcd0e3046f', '722b2403-659d-4f59-943a-093e22856391', -73.84928646, -61.61132813, '16349d4b-7e86-4f26-8de3-3c1bfcf26b5d');
INSERT INTO images VALUES('76104637-3516-40c2-95be-df6f57031628', '722b2403-659d-4f59-943a-093e22856391', null, 'http://i.imgur.com/c2sCOAy.jpg');
INSERT INTO notes VALUES('224d63ff-279f-4fc5-a37a-0d55dfe60bc6', '722b2403-659d-4f59-943a-093e22856391', 'Inside the Goblin Cave by the Goblin Chief. Turn left in the cave; second turn-out.', 1);
INSERT INTO entities VALUES ('da45f3f6-190c-4fea-be59-546e7ef785d4', 'Heidel Chest 1');
INSERT INTO entityEntityTypeXrefs VALUES ('ce4a31f9-b618-4b79-9f8c-dbbf1371d767', 'da45f3f6-190c-4fea-be59-546e7ef785d4', '04acbb7f-13d4-421c-af3e-ddaa9c6e6a3f');
INSERT INTO markers VALUES ('ac8c0651-4fba-42c8-8e5a-7177936d5e72', 'da45f3f6-190c-4fea-be59-546e7ef785d4', -77.9799, -58.60107, '16349d4b-7e86-4f26-8de3-3c1bfcf26b5d');
INSERT INTO notes VALUES('47764c99-72c2-411c-a9a5-00b74c1a984e', 'da45f3f6-190c-4fea-be59-546e7ef785d4', 'On the top of the shack.', 1);
INSERT INTO entities VALUES ('8d10a5bf-6420-4df6-aac1-a04605496898', 'Heidel Chest 2');
INSERT INTO entityEntityTypeXrefs VALUES ('80838aef-2a3d-4087-a8fb-74f88aa505ed', '8d10a5bf-6420-4df6-aac1-a04605496898', '04acbb7f-13d4-421c-af3e-ddaa9c6e6a3f');
INSERT INTO markers VALUES ('8bc9eff2-f905-4c24-be9b-674757f1147a', '8d10a5bf-6420-4df6-aac1-a04605496898', -77.84185, -57.74414, '16349d4b-7e86-4f26-8de3-3c1bfcf26b5d');
INSERT INTO notes VALUES('18bfb58d-9175-4911-a9dc-71527f0c1748', '8d10a5bf-6420-4df6-aac1-a04605496898', 'Inside the second shack.', 1);
INSERT INTO entities VALUES ('dc15945f-8278-4ea4-abd7-ee0921d2a9a9', 'Heidel Chest 3');
INSERT INTO entityEntityTypeXrefs VALUES ('2b17d660-0de4-41a1-95f5-818609295256', 'dc15945f-8278-4ea4-abd7-ee0921d2a9a9', '04acbb7f-13d4-421c-af3e-ddaa9c6e6a3f');
INSERT INTO markers VALUES ('eca2cbc6-1880-426a-a286-28da1c227654', 'dc15945f-8278-4ea4-abd7-ee0921d2a9a9', -77.02462603, -85.36376953, '16349d4b-7e86-4f26-8de3-3c1bfcf26b5d');
INSERT INTO images VALUES('1c0850bf-5d60-432a-9345-f5ae368c480c', 'dc15945f-8278-4ea4-abd7-ee0921d2a9a9', null, 'http://i.imgur.com/ccMuZu1.jpg');
INSERT INTO entities VALUES ('299d3e82-fa98-49e4-959e-de88775f5e98', 'Heidel Chest 4');
INSERT INTO entityEntityTypeXrefs VALUES ('41d0b769-2d09-44a9-863e-098793915949', '299d3e82-fa98-49e4-959e-de88775f5e98', '04acbb7f-13d4-421c-af3e-ddaa9c6e6a3f');
INSERT INTO markers VALUES ('73d52bdd-8058-4859-a8d8-d0f9009c5c2f', '299d3e82-fa98-49e4-959e-de88775f5e98', -77.42303986, -83.05664063, '16349d4b-7e86-4f26-8de3-3c1bfcf26b5d');
INSERT INTO images VALUES('92bb415c-c1d3-4a35-bbb0-bb1b0dfd7a95', '299d3e82-fa98-49e4-959e-de88775f5e98', null, 'http://i.imgur.com/CWZEq1J.jpg');
INSERT INTO notes VALUES('8246e2f3-f60c-43d0-8056-f8c314d84579', '299d3e82-fa98-49e4-959e-de88775f5e98', 'Imp Tower, jump around the tower instead of going up', 1);
INSERT INTO entities VALUES ('a0c94c80-0ee4-425c-ab3c-0b88795ef1e1', 'Heidel Chest 5');
INSERT INTO entityEntityTypeXrefs VALUES ('13aab71e-cf94-4197-8241-a960adb9d17e', 'a0c94c80-0ee4-425c-ab3c-0b88795ef1e1', '04acbb7f-13d4-421c-af3e-ddaa9c6e6a3f');
INSERT INTO markers VALUES ('dc186099-d5e0-488e-9d40-e27635692d02', 'a0c94c80-0ee4-425c-ab3c-0b88795ef1e1', -78.20656311, -83.84765625, '16349d4b-7e86-4f26-8de3-3c1bfcf26b5d');
INSERT INTO images VALUES('c2ec4950-14ca-4bdc-bd60-de4909d4f9f2', 'a0c94c80-0ee4-425c-ab3c-0b88795ef1e1', null, 'http://i.imgur.com/IPCqf3y.jpg');
INSERT INTO notes VALUES('c42e940d-e77b-4e2d-a1dc-b7a54c9b36ea', 'a0c94c80-0ee4-425c-ab3c-0b88795ef1e1', 'Next to a tent at the swamp.', 1);
INSERT INTO entities VALUES ('cbfe8c6f-b274-4285-a828-5875f8b1be1a', 'Heidel Chest 6');
INSERT INTO entityEntityTypeXrefs VALUES ('18249680-8b68-4460-b6c6-5092037441ea', 'cbfe8c6f-b274-4285-a828-5875f8b1be1a', '04acbb7f-13d4-421c-af3e-ddaa9c6e6a3f');
INSERT INTO markers VALUES ('9307ea43-dd69-46b1-aecb-ab7f011665f5', 'cbfe8c6f-b274-4285-a828-5875f8b1be1a', -78.07561686, -81.82617187, '16349d4b-7e86-4f26-8de3-3c1bfcf26b5d');
INSERT INTO notes VALUES('a982be7a-10eb-42ee-8912-680d9291dbad', 'cbfe8c6f-b274-4285-a828-5875f8b1be1a', 'Inside of a broken house.', 1);
INSERT INTO entities VALUES ('ba803c08-5572-4cc1-a451-05d61f7ce231', 'Heidel Chest 7');
INSERT INTO entityEntityTypeXrefs VALUES ('4e0dc2d4-5b5a-4624-b0de-6eedc3a9b6c0', 'ba803c08-5572-4cc1-a451-05d61f7ce231', '04acbb7f-13d4-421c-af3e-ddaa9c6e6a3f');
INSERT INTO markers VALUES ('8fe0c6cf-5760-467a-bc0f-340643d00b9f', 'ba803c08-5572-4cc1-a451-05d61f7ce231', -79.48462865, -78.90380859, '16349d4b-7e86-4f26-8de3-3c1bfcf26b5d');
INSERT INTO notes VALUES('9da62915-77a0-4fc9-960f-a28405d03d9b', 'ba803c08-5572-4cc1-a451-05d61f7ce231', 'On the dock.', 1);
INSERT INTO entities VALUES ('a3ee3951-79fd-4a89-ad12-e972868efe25', 'Heidel Chest 8');
INSERT INTO entityEntityTypeXrefs VALUES ('77ead867-c6d7-4dd5-8d8c-a4954af26dee', 'a3ee3951-79fd-4a89-ad12-e972868efe25', '04acbb7f-13d4-421c-af3e-ddaa9c6e6a3f');
INSERT INTO markers VALUES ('d3afaa43-bda0-4532-b1a6-d4bb2cd890e5', 'a3ee3951-79fd-4a89-ad12-e972868efe25', -79.51666027, -77.49755859, '16349d4b-7e86-4f26-8de3-3c1bfcf26b5d');
INSERT INTO notes VALUES('686b374b-b2ce-4f0f-8c18-a2de53824da6', 'a3ee3951-79fd-4a89-ad12-e972868efe25', 'Next to a tree.', 1);
INSERT INTO entities VALUES ('606af6b6-f975-4628-9792-72699962b145', 'Heidel Chest 9');
INSERT INTO entityEntityTypeXrefs VALUES ('4a5fca9d-4d2f-460a-ac65-6bd4bcb71db3', '606af6b6-f975-4628-9792-72699962b145', '04acbb7f-13d4-421c-af3e-ddaa9c6e6a3f');
INSERT INTO markers VALUES ('1662634a-d387-4773-aa03-166b410c8dd7', '606af6b6-f975-4628-9792-72699962b145', -80.26082765, -55.45898438, '16349d4b-7e86-4f26-8de3-3c1bfcf26b5d');
INSERT INTO entities VALUES ('597791ff-4007-4e95-a1e2-30f6e0cfb943', 'Hexe Sanctuary Chest 1');
INSERT INTO entityEntityTypeXrefs VALUES ('757eda13-2fbc-425b-884f-8ca685a39cea', '597791ff-4007-4e95-a1e2-30f6e0cfb943', '04acbb7f-13d4-421c-af3e-ddaa9c6e6a3f');
INSERT INTO markers VALUES ('7cc9db97-a6a3-4f58-9a7e-adb248167f58', '597791ff-4007-4e95-a1e2-30f6e0cfb943', -84.28908, -119.77295, '16349d4b-7e86-4f26-8de3-3c1bfcf26b5d');
INSERT INTO images VALUES('04e09b3e-36b0-4f1b-aa9c-7912ff35ce66', '597791ff-4007-4e95-a1e2-30f6e0cfb943', null, 'http://i.imgur.com/0LTCoPa.jpg');
INSERT INTO notes VALUES('91cf1cb1-8065-4acc-a1a7-3232a62df496', '597791ff-4007-4e95-a1e2-30f6e0cfb943', 'In a camp area.', 1);
INSERT INTO entities VALUES ('71b0dcf1-218f-4290-9e52-be20692ae790', 'Kelphan Chest 1');
INSERT INTO entityEntityTypeXrefs VALUES ('28cc78d2-cd4a-4b75-96c8-ccb5bfa2d2b1', '71b0dcf1-218f-4290-9e52-be20692ae790', '04acbb7f-13d4-421c-af3e-ddaa9c6e6a3f');
INSERT INTO markers VALUES ('8739c9f2-7bbc-4994-80e7-82b8069bed6e', '71b0dcf1-218f-4290-9e52-be20692ae790', -82.73487099, -115.0708008, '16349d4b-7e86-4f26-8de3-3c1bfcf26b5d');
INSERT INTO notes VALUES('468afea5-692e-4523-81c0-c675042085ce', '71b0dcf1-218f-4290-9e52-be20692ae790', 'Behind the cages.', 1);
INSERT INTO entities VALUES ('d6446e1d-4dd4-4b4a-97cc-1b0b7ffafcc6', 'Kelphan Chest 2');
INSERT INTO entityEntityTypeXrefs VALUES ('ef39ddd4-2aff-420a-8a44-98065138004c', 'd6446e1d-4dd4-4b4a-97cc-1b0b7ffafcc6', '04acbb7f-13d4-421c-af3e-ddaa9c6e6a3f');
INSERT INTO markers VALUES ('5f1864ba-b078-4153-bdc3-4a62c91193b4', 'd6446e1d-4dd4-4b4a-97cc-1b0b7ffafcc6', -80.65060498, -111.8188477, '16349d4b-7e86-4f26-8de3-3c1bfcf26b5d');
INSERT INTO notes VALUES('e80ef7f5-977f-48d5-829b-22e746e91cac', 'd6446e1d-4dd4-4b4a-97cc-1b0b7ffafcc6', 'Under the platform on the tower.', 1);
INSERT INTO entities VALUES ('993f10fc-eb9a-46e4-a2a4-d2563ef40b57', 'Kelphan Chest 3');
INSERT INTO entityEntityTypeXrefs VALUES ('480a6bfc-f641-4be1-8fb1-93c95467f02f', '993f10fc-eb9a-46e4-a2a4-d2563ef40b57', '04acbb7f-13d4-421c-af3e-ddaa9c6e6a3f');
INSERT INTO markers VALUES ('72677dc6-f116-401d-bcf6-739614c672cc', '993f10fc-eb9a-46e4-a2a4-d2563ef40b57', -80.93535185, -110.6982422, '16349d4b-7e86-4f26-8de3-3c1bfcf26b5d');
INSERT INTO notes VALUES('a97df84b-0928-45c0-909b-873af94eb201', '993f10fc-eb9a-46e4-a2a4-d2563ef40b57', 'In the maze behind the node manager.', 1);
INSERT INTO entities VALUES ('3dfb7fdf-ddec-4a5c-bb1e-df2dd6b2e3aa', 'Kzarka Chest 1');
INSERT INTO entityEntityTypeXrefs VALUES ('e0dc2461-f0b5-4b0b-a9d6-abe4224d0ef8', '3dfb7fdf-ddec-4a5c-bb1e-df2dd6b2e3aa', '04acbb7f-13d4-421c-af3e-ddaa9c6e6a3f');
INSERT INTO markers VALUES ('746c80ba-fd0a-490c-88bf-081c47b99820', '3dfb7fdf-ddec-4a5c-bb1e-df2dd6b2e3aa', -82.14545, -67.4166, '16349d4b-7e86-4f26-8de3-3c1bfcf26b5d');
INSERT INTO notes VALUES('2912a279-3cd4-499b-a938-faaf40179c45', '3dfb7fdf-ddec-4a5c-bb1e-df2dd6b2e3aa', 'Upstairs hidden behind the box.', 1);
INSERT INTO entities VALUES ('c604c5fb-314b-4a48-b747-1842fccbe589', 'Red Orc Chest 1');
INSERT INTO entityEntityTypeXrefs VALUES ('2281549c-01f1-445d-b917-d88d1a627d9f', 'c604c5fb-314b-4a48-b747-1842fccbe589', '04acbb7f-13d4-421c-af3e-ddaa9c6e6a3f');
INSERT INTO markers VALUES ('f0a042f3-b56b-4944-a943-d8e5026002cf', 'c604c5fb-314b-4a48-b747-1842fccbe589', -79.22898, -93.20801, '16349d4b-7e86-4f26-8de3-3c1bfcf26b5d');
INSERT INTO images VALUES('7242950a-9fa4-424a-8e83-c706264cfaae', 'c604c5fb-314b-4a48-b747-1842fccbe589', null, 'http://i.imgur.com/C8x38mx.jpg');
INSERT INTO notes VALUES('e0b4bee0-7440-4a1a-ad3e-b3da1beeee33', 'c604c5fb-314b-4a48-b747-1842fccbe589', 'In broken house by the node.', 1);
INSERT INTO entities VALUES ('8daea56c-b978-416e-8d90-fbf6f37ceb0d', 'Red Orc Chest 2');
INSERT INTO entityEntityTypeXrefs VALUES ('90156d4a-83d4-46bc-a128-8bee4ccfe4fc', '8daea56c-b978-416e-8d90-fbf6f37ceb0d', '04acbb7f-13d4-421c-af3e-ddaa9c6e6a3f');
INSERT INTO markers VALUES ('21208618-a2d0-4df9-884c-87277295ab80', '8daea56c-b978-416e-8d90-fbf6f37ceb0d', -79.92823592, -94.54833984, '16349d4b-7e86-4f26-8de3-3c1bfcf26b5d');
INSERT INTO images VALUES('af4beae6-0ed2-4203-9021-a07c8fb1fd12', '8daea56c-b978-416e-8d90-fbf6f37ceb0d', null, 'http://i.imgur.com/0tilfzD.jpg');
INSERT INTO notes VALUES('4642d4f9-0136-4d96-9942-ceeb43728f21', '8daea56c-b978-416e-8d90-fbf6f37ceb0d', 'In what appears to be a broken wagon of goods.', 1);
INSERT INTO entities VALUES ('d328d352-b533-42d6-ab54-cb1a484a562c', 'Red Orc Chest 3');
INSERT INTO entityEntityTypeXrefs VALUES ('86a4e0bd-ecc3-41c4-90ea-cc6b0b69f656', 'd328d352-b533-42d6-ab54-cb1a484a562c', '04acbb7f-13d4-421c-af3e-ddaa9c6e6a3f');
INSERT INTO markers VALUES ('9b9d12b0-c4db-4501-ad86-d40c3a406814', 'd328d352-b533-42d6-ab54-cb1a484a562c', -80.77824, -90.50537, '16349d4b-7e86-4f26-8de3-3c1bfcf26b5d');
INSERT INTO images VALUES('a640d3be-7a54-411f-b74e-37710747571a', 'd328d352-b533-42d6-ab54-cb1a484a562c', null, 'http://i.imgur.com/6afZ84D.jpg');
INSERT INTO notes VALUES('722d297e-abc5-422b-9320-cae6fa80c456', 'd328d352-b533-42d6-ab54-cb1a484a562c', 'In a pile of junk by the broken wall/gate?', 1);
INSERT INTO entities VALUES ('a009aae1-cdc8-434b-9203-891b6f8884d9', 'Stone Miner Chest 1');
INSERT INTO entityEntityTypeXrefs VALUES ('ffaf4552-c983-4203-a417-b8a543ca80df', 'a009aae1-cdc8-434b-9203-891b6f8884d9', '04acbb7f-13d4-421c-af3e-ddaa9c6e6a3f');
INSERT INTO markers VALUES ('5f65c289-8c8b-4cc4-aa96-e2937cbcd42a', 'a009aae1-cdc8-434b-9203-891b6f8884d9', -79.41623981, -99.53613281, '16349d4b-7e86-4f26-8de3-3c1bfcf26b5d');
INSERT INTO notes VALUES('0509703f-1f47-4dad-9fc1-9d447d958b9c', 'a009aae1-cdc8-434b-9203-891b6f8884d9', 'Located next to a cart of ore.', 1);
INSERT INTO entities VALUES ('3a0293ef-5cba-4d29-82ba-d77002ed8373', 'Velia Chest 1');
INSERT INTO entityEntityTypeXrefs VALUES ('bf2f86b5-fff7-4508-be3b-d03d676abb60', '3a0293ef-5cba-4d29-82ba-d77002ed8373', '04acbb7f-13d4-421c-af3e-ddaa9c6e6a3f');
INSERT INTO markers VALUES ('a55de8e9-258b-4df2-9168-3dafa903382c', '3a0293ef-5cba-4d29-82ba-d77002ed8373', -70.50291, -72.3999, '16349d4b-7e86-4f26-8de3-3c1bfcf26b5d');
INSERT INTO images VALUES('e857c77d-a81d-48b0-9286-4c181467b02f', '3a0293ef-5cba-4d29-82ba-d77002ed8373', null, 'http://i.imgur.com/iExHD1I.jpg');
INSERT INTO notes VALUES('7509e31c-658c-45ce-92d8-5e0cea336885', '3a0293ef-5cba-4d29-82ba-d77002ed8373', 'In the broken cement wall.', 1);
INSERT INTO entities VALUES ('fc830cce-94cf-46cb-90b0-3b743a5daeef', 'Velia Chest 10');
INSERT INTO entityEntityTypeXrefs VALUES ('869f2286-b37f-4560-9cb7-b0a81427666e', 'fc830cce-94cf-46cb-90b0-3b743a5daeef', '04acbb7f-13d4-421c-af3e-ddaa9c6e6a3f');
INSERT INTO markers VALUES ('db30ae85-ce15-4f03-9c87-18be62f73185', 'fc830cce-94cf-46cb-90b0-3b743a5daeef', -72.0536115, -83.84765625, '16349d4b-7e86-4f26-8de3-3c1bfcf26b5d');
INSERT INTO notes VALUES('ead6ad85-fe9f-4aae-a1b7-7568b58d8951', 'fc830cce-94cf-46cb-90b0-3b743a5daeef', 'At the edge/under the platform.', 1);
INSERT INTO entities VALUES ('f27d372c-bcd4-4341-a5e3-ece7515b3e00', 'Velia Chest 11');
INSERT INTO entityEntityTypeXrefs VALUES ('abf1e9f7-2b15-4b5a-9be1-43800d85f4a0', 'f27d372c-bcd4-4341-a5e3-ece7515b3e00', '04acbb7f-13d4-421c-af3e-ddaa9c6e6a3f');
INSERT INTO markers VALUES ('c5988240-929c-4726-9498-5d688370349e', 'f27d372c-bcd4-4341-a5e3-ece7515b3e00', -71.89454674, -84.58486328, '16349d4b-7e86-4f26-8de3-3c1bfcf26b5d');
INSERT INTO notes VALUES('5d6113d6-0b3a-4186-a942-7059ee8e9670', 'f27d372c-bcd4-4341-a5e3-ece7515b3e00', 'Under the Red Nose platform.', 1);
INSERT INTO entities VALUES ('f36d45a7-2e6e-4ea0-9dc8-02865438ecc1', 'Velia Chest 2');
INSERT INTO entityEntityTypeXrefs VALUES ('d4cfa603-5fe3-49f7-b608-5fa77b6b97b4', 'f36d45a7-2e6e-4ea0-9dc8-02865438ecc1', '04acbb7f-13d4-421c-af3e-ddaa9c6e6a3f');
INSERT INTO markers VALUES ('aadd8447-2d86-4047-b16d-45bb048d9481', 'f36d45a7-2e6e-4ea0-9dc8-02865438ecc1', -70.69269, -69.06006, '16349d4b-7e86-4f26-8de3-3c1bfcf26b5d');
INSERT INTO images VALUES('6b15b619-4d6a-411c-8035-49c4cddc37b2', 'f36d45a7-2e6e-4ea0-9dc8-02865438ecc1', null, 'http://i.imgur.com/MEsDaGe.jpg');
INSERT INTO notes VALUES('45accdcc-462d-44a8-9065-09b3f182391d', 'f36d45a7-2e6e-4ea0-9dc8-02865438ecc1', 'Inside crumbling house.', 1);
INSERT INTO entities VALUES ('c4539aac-42d2-47c8-a7b5-2bced6ed7a47', 'Velia Chest 3');
INSERT INTO entityEntityTypeXrefs VALUES ('bb541d29-c971-405f-acb6-2dfd41b9263d', 'c4539aac-42d2-47c8-a7b5-2bced6ed7a47', '04acbb7f-13d4-421c-af3e-ddaa9c6e6a3f');
INSERT INTO markers VALUES ('c0ead56a-6d43-4da6-a345-551957f54c41', 'c4539aac-42d2-47c8-a7b5-2bced6ed7a47', -69.9303, -67.23633, '16349d4b-7e86-4f26-8de3-3c1bfcf26b5d');
INSERT INTO images VALUES('d4bc2cdd-fc65-40eb-8c34-33cf605277ea', 'c4539aac-42d2-47c8-a7b5-2bced6ed7a47', null, 'http://i.imgur.com/3crkTsX.jpg');
INSERT INTO notes VALUES('31a46e90-e41a-4906-8405-34fd7121dd94', 'c4539aac-42d2-47c8-a7b5-2bced6ed7a47', 'In a portion of a wall.', 1);
INSERT INTO entities VALUES ('674e0750-a66c-4ac0-b861-d8177aeae47b', 'Velia Chest 4');
INSERT INTO entityEntityTypeXrefs VALUES ('ee620689-5b41-47b8-ad23-cfc8c739823b', '674e0750-a66c-4ac0-b861-d8177aeae47b', '04acbb7f-13d4-421c-af3e-ddaa9c6e6a3f');
INSERT INTO markers VALUES ('03f35dd5-2e6e-4f44-a15f-54d362c09694', '674e0750-a66c-4ac0-b861-d8177aeae47b', -71.51794, -63.19336, '16349d4b-7e86-4f26-8de3-3c1bfcf26b5d');
INSERT INTO images VALUES('7b6e813a-e08f-4de1-8af5-944b49b8f77e', '674e0750-a66c-4ac0-b861-d8177aeae47b', null, 'http://i.imgur.com/E3ecNzU.jpg');
INSERT INTO notes VALUES('0ef1266a-e111-43d0-8117-d8756c617d79', '674e0750-a66c-4ac0-b861-d8177aeae47b', 'On top of a barrel by the node manager.', 1);
INSERT INTO entities VALUES ('a3283838-5f03-4947-864a-d90761b194ef', 'Velia Chest 5');
INSERT INTO entityEntityTypeXrefs VALUES ('1953584d-cf92-4185-a0fc-0ab317f57283', 'a3283838-5f03-4947-864a-d90761b194ef', '04acbb7f-13d4-421c-af3e-ddaa9c6e6a3f');
INSERT INTO markers VALUES ('0bab8fdc-7863-41e6-bc75-c6f7895f0eb2', 'a3283838-5f03-4947-864a-d90761b194ef', -69.83962, -67.56592, '16349d4b-7e86-4f26-8de3-3c1bfcf26b5d');
INSERT INTO images VALUES('99c2baf4-15e9-41a4-bd5a-5fc3357ab417', 'a3283838-5f03-4947-864a-d90761b194ef', null, 'http://i.imgur.com/VOkSlvV.jpg');
INSERT INTO notes VALUES('3f2d425b-93b6-471e-9fe4-bc56734ed75b', 'a3283838-5f03-4947-864a-d90761b194ef', 'In the wall by the node manager.', 1);
INSERT INTO entities VALUES ('e8c8445c-db1f-45d1-bdfb-69c9dfceeda7', 'Velia Chest 6');
INSERT INTO entityEntityTypeXrefs VALUES ('68fb3fda-d129-436d-b15c-3df0fd99ad17', 'e8c8445c-db1f-45d1-bdfb-69c9dfceeda7', '04acbb7f-13d4-421c-af3e-ddaa9c6e6a3f');
INSERT INTO markers VALUES ('eae760ba-8c17-43b0-a164-735773f10c24', 'e8c8445c-db1f-45d1-bdfb-69c9dfceeda7', -70.77244297, -68.09326172, '16349d4b-7e86-4f26-8de3-3c1bfcf26b5d');
INSERT INTO images VALUES('712a3217-18ba-408a-b81b-b73708945389', 'e8c8445c-db1f-45d1-bdfb-69c9dfceeda7', null, 'http://i.imgur.com/zCiy1Ld.jpg');
INSERT INTO notes VALUES('57de4a83-60dd-4e01-a7f3-a24a46ff6baf', 'e8c8445c-db1f-45d1-bdfb-69c9dfceeda7', 'In a smaller destroyed house within a larger section of distroyed buildings.', 1);
INSERT INTO entities VALUES ('5ce44beb-f986-418c-836c-359bc5206ec0', 'Velia Chest 7');
INSERT INTO entityEntityTypeXrefs VALUES ('f8b71732-6916-48fb-9a65-43ee30b64334', '5ce44beb-f986-418c-836c-359bc5206ec0', '04acbb7f-13d4-421c-af3e-ddaa9c6e6a3f');
INSERT INTO markers VALUES ('7dcbe3dc-f16c-4157-add0-a6326a33a652', '5ce44beb-f986-418c-836c-359bc5206ec0', -72.82905217, -64.95117188, '16349d4b-7e86-4f26-8de3-3c1bfcf26b5d');
INSERT INTO images VALUES('8f501bf8-2ecf-445d-9b5c-334792e170e4', '5ce44beb-f986-418c-836c-359bc5206ec0', null, 'http://i.imgur.com/pJ7212K.jpg');
INSERT INTO notes VALUES('f22ac04b-274c-4ce7-954d-e1194f539d2e', '5ce44beb-f986-418c-836c-359bc5206ec0', 'In a back corner of one of the goblin camps between some crates.', 1);
INSERT INTO entities VALUES ('b99700e3-18c5-4b0d-9893-482ca9976846', 'Velia Chest 8');
INSERT INTO entityEntityTypeXrefs VALUES ('6cd2ca5f-13f1-4c69-b737-25451a327313', 'b99700e3-18c5-4b0d-9893-482ca9976846', '04acbb7f-13d4-421c-af3e-ddaa9c6e6a3f');
INSERT INTO markers VALUES ('fc2946a1-4c63-4354-b68d-229e979286e2', 'b99700e3-18c5-4b0d-9893-482ca9976846', -73.00333329, -83.25439453, '16349d4b-7e86-4f26-8de3-3c1bfcf26b5d');
INSERT INTO notes VALUES('3a5f664e-b030-4318-b8a2-90cd7a570b02', 'b99700e3-18c5-4b0d-9893-482ca9976846', 'Inside the imp cave.', 1);
INSERT INTO entities VALUES ('f518d08b-15d9-43d7-9ecb-1ee819b7d6b7', 'Velia Chest 9');
INSERT INTO entityEntityTypeXrefs VALUES ('750f369f-6679-4abf-a345-146be673e800', 'f518d08b-15d9-43d7-9ecb-1ee819b7d6b7', '04acbb7f-13d4-421c-af3e-ddaa9c6e6a3f');
INSERT INTO markers VALUES ('c002e28f-89cd-40fb-baf3-7607d302fdf9', 'f518d08b-15d9-43d7-9ecb-1ee819b7d6b7', -72.32245873, -86.30859375, '16349d4b-7e86-4f26-8de3-3c1bfcf26b5d');
INSERT INTO notes VALUES('d4d9c095-9e49-47bf-b77a-5c4dd4523361', 'f518d08b-15d9-43d7-9ecb-1ee819b7d6b7', 'Next to the wall.', 1);
INSERT INTO entities VALUES ('4bd65e48-2e70-47ff-aa52-a05aa770912a', 'Western Guard Camp Chest 1');
INSERT INTO entityEntityTypeXrefs VALUES ('a8c7a63f-ea83-4335-b491-23d2cf051570', '4bd65e48-2e70-47ff-aa52-a05aa770912a', '04acbb7f-13d4-421c-af3e-ddaa9c6e6a3f');
INSERT INTO markers VALUES ('49fcdec9-c618-4497-8ce6-14963af41d91', '4bd65e48-2e70-47ff-aa52-a05aa770912a', -77.0787839, -93.1640625, '16349d4b-7e86-4f26-8de3-3c1bfcf26b5d');
INSERT INTO notes VALUES('592a86fb-6b90-43fc-a64f-2f8b3bcfb8b3', '4bd65e48-2e70-47ff-aa52-a05aa770912a', 'Located next to a tent.', 1);
INSERT INTO entities VALUES ('b138ce94-c15a-463e-90ee-05373a06f5d7', 'Western Guard Camp Chest 2');
INSERT INTO entityEntityTypeXrefs VALUES ('03544f2d-3270-4f21-bdd2-9d0a81b21118', 'b138ce94-c15a-463e-90ee-05373a06f5d7', '04acbb7f-13d4-421c-af3e-ddaa9c6e6a3f');
INSERT INTO markers VALUES ('b4e6c9ad-8c34-4aa4-ab0f-2618cd5b8e39', 'b138ce94-c15a-463e-90ee-05373a06f5d7', -76.09551693, -103.7329102, '16349d4b-7e86-4f26-8de3-3c1bfcf26b5d');
INSERT INTO notes VALUES('2e00ea4b-7d8d-4358-aff6-31a92f0f880c', 'b138ce94-c15a-463e-90ee-05373a06f5d7', 'Located in front of the red flag.', 1);
INSERT INTO entities VALUES ('e42e75de-8669-430b-baca-658c39eecb22', 'Velia Chest 12');
INSERT INTO entityEntityTypeXrefs VALUES ('c8251a41-26f8-4924-8b54-11d136845e5f', 'e42e75de-8669-430b-baca-658c39eecb22', '04acbb7f-13d4-421c-af3e-ddaa9c6e6a3f');
INSERT INTO markers VALUES ('cdca6928-f5fd-42cf-b32f-83dced1d1d52', 'e42e75de-8669-430b-baca-658c39eecb22', -72.50172235, -84.24316406, '16349d4b-7e86-4f26-8de3-3c1bfcf26b5d');
INSERT INTO images VALUES('21a962b2-71e8-4cb6-a5b0-290716be900c', 'e42e75de-8669-430b-baca-658c39eecb22', null, 'http://imgur.com/5foaCVZ.jpg');
INSERT INTO notes VALUES('cd352162-0678-4cdc-a6ab-dd84ec6fdfc8', 'e42e75de-8669-430b-baca-658c39eecb22', 'Inside the imp cave (entered north of the chest in the hairpin in the road along the coast to the north). Located in a secret cove off on a right hand hairpin as you enter the first large room', 1);
INSERT INTO entities VALUES ('b206e39c-e3e6-49c8-ba88-51e211cad4e3', 'Heidel Chest 10');
INSERT INTO entityEntityTypeXrefs VALUES ('ec311021-ab60-4a2c-8e21-6923e3fbbf8e', 'b206e39c-e3e6-49c8-ba88-51e211cad4e3', '04acbb7f-13d4-421c-af3e-ddaa9c6e6a3f');
INSERT INTO markers VALUES ('cbc0b286-bbcb-4761-bd7e-82b950c93c95', 'b206e39c-e3e6-49c8-ba88-51e211cad4e3', -77.58468407, -59.12841797, '16349d4b-7e86-4f26-8de3-3c1bfcf26b5d');
INSERT INTO images VALUES('878df1b1-9461-4d67-8704-460beb7f009e', 'b206e39c-e3e6-49c8-ba88-51e211cad4e3', null, 'http://i.imgur.com/wUBXAUT.png');
INSERT INTO notes VALUES('96666dea-96e8-4fd3-bdd5-b4c005843b6c', 'b206e39c-e3e6-49c8-ba88-51e211cad4e3', 'Inside shed.', 1);
INSERT INTO entities VALUES ('3f3a1044-b2e4-49c4-b99f-76cd861d8b12', 'Velia Chest 10');
INSERT INTO entityEntityTypeXrefs VALUES ('e95ad9d9-3633-43c6-b592-0031acb2ccf1', '3f3a1044-b2e4-49c4-b99f-76cd861d8b12', '04acbb7f-13d4-421c-af3e-ddaa9c6e6a3f');
INSERT INTO markers VALUES ('996c4b74-6e1a-4318-80ec-980d698f27b5', '3f3a1044-b2e4-49c4-b99f-76cd861d8b12', -71.00981101, -65.96191406, '16349d4b-7e86-4f26-8de3-3c1bfcf26b5d');
INSERT INTO images VALUES('700de32d-f69d-4d0f-87d9-492410a2f9ed', '3f3a1044-b2e4-49c4-b99f-76cd861d8b12', null, 'http://i.imgur.com/3wHt13y.jpg');
INSERT INTO entityTypes VALUES ('295a79ea-d824-461a-8c06-fbbe806be562', NULL, 'Boss Spawns', TRUE);
INSERT INTO entities VALUES ('e1671ba9-f9d8-4845-b3e8-8198ed2c6aa4', 'Altar Imp');
INSERT INTO entityEntityTypeXrefs VALUES ('e28fa969-344f-42e5-aa69-56094fd9cce0', 'e1671ba9-f9d8-4845-b3e8-8198ed2c6aa4', '295a79ea-d824-461a-8c06-fbbe806be562');
INSERT INTO markers VALUES ('d46c8617-0292-4d39-b70a-32bfb993f833', 'e1671ba9-f9d8-4845-b3e8-8198ed2c6aa4', -77.91107, -82.59521, '0de7b3e1-977e-492c-b057-7f559e9040bf');
INSERT INTO notes VALUES('ab6f2aa1-7c09-4f2c-bd56-cf70636390cf', 'e1671ba9-f9d8-4845-b3e8-8198ed2c6aa4', 'Scroll Boss: Altar Imp', 1);
INSERT INTO entities VALUES ('068c6c8d-576d-4786-bdd8-77784006ede7', 'Altar Imp');
INSERT INTO entityEntityTypeXrefs VALUES ('ea09cec5-cb97-4dcb-bb73-8e14a127b183', '068c6c8d-576d-4786-bdd8-77784006ede7', '295a79ea-d824-461a-8c06-fbbe806be562');
INSERT INTO circles VALUES ('d1715571-eb85-416d-92c6-9d1f4a190401', '068c6c8d-576d-4786-bdd8-77784006ede7', -77.91107, -82.59521, 11000, 'red', 'red');
INSERT INTO notes VALUES('7d46606f-9563-4faa-ab61-a0b7f7c126db', '068c6c8d-576d-4786-bdd8-77784006ede7', 'Scroll Boss: Altar Imp', 1);
INSERT INTO entities VALUES ('4e4df201-bce9-47dd-881b-631e8870b2d1', 'Ancient Relic Crystal');
INSERT INTO entityEntityTypeXrefs VALUES ('fff3d110-4dfe-40b9-bb3f-0f759b153d62', '4e4df201-bce9-47dd-881b-631e8870b2d1', '295a79ea-d824-461a-8c06-fbbe806be562');
INSERT INTO markers VALUES ('8425cddf-11e2-4c3d-9f16-eab1e9d39f8c', '4e4df201-bce9-47dd-881b-631e8870b2d1', -82.34703, -124.98047, '0de7b3e1-977e-492c-b057-7f559e9040bf');
INSERT INTO notes VALUES('85a75036-b049-4f9e-a706-7e73f3647a3e', '4e4df201-bce9-47dd-881b-631e8870b2d1', 'Scroll Boss: Ancient Relic Crystal', 1);
INSERT INTO entities VALUES ('7e354124-3176-4055-aa06-8950673b3353', 'Ancient Relic Crystal');
INSERT INTO entityEntityTypeXrefs VALUES ('ae8af373-d3e5-4e1a-95d1-041f1171a02f', '7e354124-3176-4055-aa06-8950673b3353', '295a79ea-d824-461a-8c06-fbbe806be562');
INSERT INTO circles VALUES ('e2a12f3f-d215-45b5-909a-54ad2c2efc48', '7e354124-3176-4055-aa06-8950673b3353', -82.34703, -124.98047, 11000, 'red', 'red');
INSERT INTO notes VALUES('25e7962d-d401-4b44-9e88-625c20a1e3bf', '7e354124-3176-4055-aa06-8950673b3353', 'Scroll Boss: Ancient Relic Crystal', 1);
INSERT INTO entities VALUES ('a49dbc4c-81a5-4a2b-8baf-8c10a6dccfb0', 'Fearful Witch');
INSERT INTO entityEntityTypeXrefs VALUES ('944d54ed-d85b-44a1-9d1e-1dafe6dff526', 'a49dbc4c-81a5-4a2b-8baf-8c10a6dccfb0', '295a79ea-d824-461a-8c06-fbbe806be562');
INSERT INTO markers VALUES ('45b0646c-4591-479b-8abe-4b6310d09449', 'a49dbc4c-81a5-4a2b-8baf-8c10a6dccfb0', -84.61197, -113.11523, '0de7b3e1-977e-492c-b057-7f559e9040bf');
INSERT INTO images VALUES('8bf905c3-3458-4242-a09a-66d8877de320', 'a49dbc4c-81a5-4a2b-8baf-8c10a6dccfb0', null, 'http://i.imgur.com/GBAKwq3.png');
INSERT INTO notes VALUES('a9df0570-b610-4fb9-95e2-318f08068bd7', 'a49dbc4c-81a5-4a2b-8baf-8c10a6dccfb0', 'Scroll Boss: Fearful Witch', 1);
INSERT INTO entities VALUES ('9db5e9e6-6f70-4ac2-90ee-1f7fd0c94ae7', 'Fearful Witch');
INSERT INTO entityEntityTypeXrefs VALUES ('ae0a3457-1f28-4c6d-9dff-0dd5e5565c0f', '9db5e9e6-6f70-4ac2-90ee-1f7fd0c94ae7', '295a79ea-d824-461a-8c06-fbbe806be562');
INSERT INTO circles VALUES ('5225bcda-fee2-417b-a164-ddf291c5ccfe', '9db5e9e6-6f70-4ac2-90ee-1f7fd0c94ae7', -84.61197, -113.11523, 11000, 'red', 'red');
INSERT INTO images VALUES('688a5a9e-65cc-4f92-b8a3-9a7af49c9544', '9db5e9e6-6f70-4ac2-90ee-1f7fd0c94ae7', null, 'http://i.imgur.com/GBAKwq3.png');
INSERT INTO notes VALUES('a3a83ca8-8568-4439-8e7d-0ba18aaee821', '9db5e9e6-6f70-4ac2-90ee-1f7fd0c94ae7', 'Scroll Boss: Fearful Witch', 1);
INSERT INTO entities VALUES ('8bb13765-0b84-4cfd-88d8-3aa8cf81774a', 'Goblin Chief');
INSERT INTO entityEntityTypeXrefs VALUES ('37f82c90-6cd1-489e-af3a-37c9c5315478', '8bb13765-0b84-4cfd-88d8-3aa8cf81774a', '295a79ea-d824-461a-8c06-fbbe806be562');
INSERT INTO markers VALUES ('81b3428f-1ec4-4a5c-be02-9abada25a519', '8bb13765-0b84-4cfd-88d8-3aa8cf81774a', -74.12206, -62.33643, '0de7b3e1-977e-492c-b057-7f559e9040bf');
INSERT INTO images VALUES('cec29a44-5468-4a1d-a49a-14ee9ab3d52e', '8bb13765-0b84-4cfd-88d8-3aa8cf81774a', null, 'http://i.imgur.com/vuT22QS.png');
INSERT INTO notes VALUES('1e4f60e3-591f-4913-9b3a-70741c21fdfc', '8bb13765-0b84-4cfd-88d8-3aa8cf81774a', 'Scroll Boss: Goblin Cheif', 1);
INSERT INTO entities VALUES ('b3434aff-c8c9-4a06-8d9f-bc5f970f9a43', 'Goblin Chief');
INSERT INTO entityEntityTypeXrefs VALUES ('f430417d-b3a8-4e00-b16e-6d77c2b2111b', 'b3434aff-c8c9-4a06-8d9f-bc5f970f9a43', '295a79ea-d824-461a-8c06-fbbe806be562');
INSERT INTO circles VALUES ('df21d23d-469e-4cb5-a543-5d81edc69844', 'b3434aff-c8c9-4a06-8d9f-bc5f970f9a43', -74.12206, -62.33643, 11000, 'red', 'red');
INSERT INTO images VALUES('e6bacd3b-50fc-40e6-8e7d-eb0c045a72b5', 'b3434aff-c8c9-4a06-8d9f-bc5f970f9a43', null, 'http://i.imgur.com/vuT22QS.png');
INSERT INTO notes VALUES('7fe3c120-4dab-4b10-8a23-46e7d328cbda', 'b3434aff-c8c9-4a06-8d9f-bc5f970f9a43', 'Scroll Boss: Goblin Cheif', 1);
INSERT INTO entities VALUES ('47824c11-66aa-4ce9-80b3-303c423a468d', 'Kzarka');
INSERT INTO entityEntityTypeXrefs VALUES ('24a0c135-f443-4c2c-8633-431a5f370bb5', '47824c11-66aa-4ce9-80b3-303c423a468d', '295a79ea-d824-461a-8c06-fbbe806be562');
INSERT INTO markers VALUES ('3dbcb0b3-8af7-4061-9875-2112fb077eee', '47824c11-66aa-4ce9-80b3-303c423a468d', -82.14545, -67.0166, '0de7b3e1-977e-492c-b057-7f559e9040bf');
INSERT INTO notes VALUES('f7b20f1d-0fe8-4948-8828-81a57b03c350', '47824c11-66aa-4ce9-80b3-303c423a468d', 'Inside of Serendia Shrine. 8-12 hour spawn timer, and a 5 minute announcement before spawning.', 1);
INSERT INTO entities VALUES ('50689235-a99a-45d1-a765-a84e54c54206', 'Kzarka');
INSERT INTO entityEntityTypeXrefs VALUES ('ceb34f2a-52d8-4c0d-b84f-b97bfec7802d', '50689235-a99a-45d1-a765-a84e54c54206', '295a79ea-d824-461a-8c06-fbbe806be562');
INSERT INTO circles VALUES ('93164256-d95c-47c5-a005-6e5314d90263', '50689235-a99a-45d1-a765-a84e54c54206', -82.14545, -67.0166, 11000, 'red', 'red');
INSERT INTO notes VALUES('d8218c29-ec53-4c55-bdff-3f02d840e81b', '50689235-a99a-45d1-a765-a84e54c54206', 'Inside of Serendia Shrine. 8-12 hour spawn timer, and a 5 minute announcement before spawning.', 1);
INSERT INTO entities VALUES ('80cf8d51-bd1d-4a82-8de7-a782e55ac799', 'Red Nose');
INSERT INTO entityEntityTypeXrefs VALUES ('96180670-c79d-4c04-9963-468e5a78e47a', '80cf8d51-bd1d-4a82-8de7-a782e55ac799', '295a79ea-d824-461a-8c06-fbbe806be562');
INSERT INTO markers VALUES ('f906703a-9d5a-4772-8f26-45ee93786a11', '80cf8d51-bd1d-4a82-8de7-a782e55ac799', -71.87674, -85.01221, '0de7b3e1-977e-492c-b057-7f559e9040bf');
INSERT INTO images VALUES('096503f6-9ec5-4390-978f-8a2838b50a2d', '80cf8d51-bd1d-4a82-8de7-a782e55ac799', null, 'http://i.imgur.com/oEadYIP.png');
INSERT INTO notes VALUES('69fce940-69c6-4b60-947a-e5e2b5662c9d', '80cf8d51-bd1d-4a82-8de7-a782e55ac799', 'Scroll Boss: Red Nose
World Boss: Red Nose', 1);
INSERT INTO entities VALUES ('0c832c51-0d2d-4cc2-ae67-f445347350a9', 'Red Nose');
INSERT INTO entityEntityTypeXrefs VALUES ('ef6f06e7-5a7f-4029-9b0a-b03cfac627e7', '0c832c51-0d2d-4cc2-ae67-f445347350a9', '295a79ea-d824-461a-8c06-fbbe806be562');
INSERT INTO circles VALUES ('f24eff1c-7c17-4ad3-aca1-00024eb30bb5', '0c832c51-0d2d-4cc2-ae67-f445347350a9', -71.87674, -85.01221, 11000, 'red', 'red');
INSERT INTO images VALUES('7793e773-fbc2-4ead-8163-cbb9210f152d', '0c832c51-0d2d-4cc2-ae67-f445347350a9', null, 'http://i.imgur.com/oEadYIP.png');
INSERT INTO notes VALUES('2f51dabf-871f-44ed-91f7-0796fdf0dd39', '0c832c51-0d2d-4cc2-ae67-f445347350a9', 'Scroll Boss: Red Nose
World Boss: Red Nose', 1);
INSERT INTO entities VALUES ('e0d77300-eace-48b6-892f-e461d0f96ef4', 'Troll Boss');
INSERT INTO entityEntityTypeXrefs VALUES ('772abc81-d51c-4f8b-8548-2e586058a51e', 'e0d77300-eace-48b6-892f-e461d0f96ef4', '295a79ea-d824-461a-8c06-fbbe806be562');
INSERT INTO markers VALUES ('9eddf1e6-c92f-4f62-a883-17a5c509dd74', 'e0d77300-eace-48b6-892f-e461d0f96ef4', -74.39034, -125.15625, '0de7b3e1-977e-492c-b057-7f559e9040bf');
INSERT INTO notes VALUES('186d6b69-9798-4716-90ab-b781da898b5e', 'e0d77300-eace-48b6-892f-e461d0f96ef4', 'Scroll Boss: Troll', 1);
INSERT INTO entities VALUES ('ca50ef9c-afe8-46c5-998a-2c764d46acff', 'Troll Boss');
INSERT INTO entityEntityTypeXrefs VALUES ('9700df08-529b-4d01-be10-4f867a94d997', 'ca50ef9c-afe8-46c5-998a-2c764d46acff', '295a79ea-d824-461a-8c06-fbbe806be562');
INSERT INTO circles VALUES ('57104b55-7db0-4a03-8f6e-894ed28aa487', 'ca50ef9c-afe8-46c5-998a-2c764d46acff', -74.39034, -125.15625, 11000, 'red', 'red');
INSERT INTO notes VALUES('3a5f3966-302d-4eac-af6b-010b2b94ac11', 'ca50ef9c-afe8-46c5-998a-2c764d46acff', 'Scroll Boss: Troll', 1);
INSERT INTO entities VALUES ('f87e5588-4060-4f33-b32e-3cb0790cc149', 'Hebetate Tree Spirits');
INSERT INTO entityEntityTypeXrefs VALUES ('8735bb04-2810-451c-8da4-cf31300ddcaf', 'f87e5588-4060-4f33-b32e-3cb0790cc149', '295a79ea-d824-461a-8c06-fbbe806be562');
INSERT INTO markers VALUES ('4d1cdb15-6758-45f2-b7c2-92516ae1e6c9', 'f87e5588-4060-4f33-b32e-3cb0790cc149', -79.38390486, -110.8959961, '0de7b3e1-977e-492c-b057-7f559e9040bf');
INSERT INTO notes VALUES('0d796b11-7abb-45ba-b922-0216bb443dd6', 'f87e5588-4060-4f33-b32e-3cb0790cc149', 'Scroll Boss: Hebetate Tree Spirits', 1);
INSERT INTO entities VALUES ('110bbf15-4ddf-4b4e-bf1a-e69c3df4e932', 'Hebetate Tree Spirits');
INSERT INTO entityEntityTypeXrefs VALUES ('823175c5-8714-4db7-93ee-b7f7d4e5a1a4', '110bbf15-4ddf-4b4e-bf1a-e69c3df4e932', '295a79ea-d824-461a-8c06-fbbe806be562');
INSERT INTO circles VALUES ('aeede00c-c8e7-44d2-b6f2-1176cff1f7e0', '110bbf15-4ddf-4b4e-bf1a-e69c3df4e932', -79.38390486, -110.8959961, 11000, 'red', 'red');
INSERT INTO notes VALUES('a4aaec57-239a-4ea3-ae87-4ffbfa16e413', '110bbf15-4ddf-4b4e-bf1a-e69c3df4e932', 'Scroll Boss: Hebetate Tree Spirits', 1);
INSERT INTO entityTypes VALUES ('dfaa0d23-c4c3-4fcc-aa58-5767733a62d7', NULL, 'Wood Gathering', TRUE);
INSERT INTO entities VALUES ('c06223df-a083-4e42-9b7e-b980bfbdd83e', 'Birch Trees');
INSERT INTO entityEntityTypeXrefs VALUES ('04c9633c-dc99-4782-9113-34e69d8debc6', 'c06223df-a083-4e42-9b7e-b980bfbdd83e', 'dfaa0d23-c4c3-4fcc-aa58-5767733a62d7');
INSERT INTO polygons VALUES ('14d9bca8-6685-475b-bf54-28801519ce05', 'c06223df-a083-4e42-9b7e-b980bfbdd83e', '[[-75.61772069705145, -110.5224609375],[-73.75120539084017, -109.51171875],[-72.47527631092942, -119.70703125],[-73.46598351882643, -124.365234375],[-74.84492867694821, -125.94726562499999],[-75.70478638174053, -125.0244140625]]', 'green', 'green');
INSERT INTO entities VALUES ('5d9cad86-69d9-4738-8bd3-080aa4464693', 'Pine & Birch Trees');
INSERT INTO entityEntityTypeXrefs VALUES ('742a40eb-20d3-44d1-b2a6-4a6d5c4c4e22', '5d9cad86-69d9-4738-8bd3-080aa4464693', 'dfaa0d23-c4c3-4fcc-aa58-5767733a62d7');
INSERT INTO polygons VALUES ('41aa14f3-da91-42c5-8040-459a344a8b43', '5d9cad86-69d9-4738-8bd3-080aa4464693', '[[-78.49055166160312, -114.12597656249999],[-78.54740718204249, -111.09374999999999],[-78.01188959823632, -109.44580078125],[-78.18408773633777, -101.953125],[-77.51362404249463, -102.98583984374999],[-75.72647204234687, -98.173828125],[-74.25973837093129, -102.6123046875],[-74.07992472707889, -108.80859375],[-77.5515723937156, -111.533203125],[-77.65534600967777, -113.8623046875]]', 'green', 'green');
INSERT INTO entities VALUES ('58b4aab7-6072-4c18-aa84-a865f0113369', 'Ash Trees');
INSERT INTO entityEntityTypeXrefs VALUES ('1c745f77-79c1-4bbe-9e0f-c0ab257660f7', '58b4aab7-6072-4c18-aa84-a865f0113369', 'dfaa0d23-c4c3-4fcc-aa58-5767733a62d7');
INSERT INTO polygons VALUES ('d9771db3-fd25-40a3-a839-cad8c12afc25', '58b4aab7-6072-4c18-aa84-a865f0113369', '[[-78.33164847573174, -128.232421875],[-78.59529919212491, -132.8466796875],[-77.86034459764655, -134.5166015625],[-76.18499546094715, -130.95703125],[-76.25825951133778, -124.67285156250001],[-77.3895040053973, -124.1015625],[-77.61770905279674, -127.72705078124999]]', 'green', 'green');
INSERT INTO entities VALUES ('a9f0f433-f7e7-45eb-af71-3b2b5b0eb948', 'Birch & Cedar Trees');
INSERT INTO entityEntityTypeXrefs VALUES ('9b46bd15-0ca8-4f5a-bb3e-6875e3dce97b', 'a9f0f433-f7e7-45eb-af71-3b2b5b0eb948', 'dfaa0d23-c4c3-4fcc-aa58-5767733a62d7');
INSERT INTO polygons VALUES ('78cddefe-0336-4d89-b225-32c53d8cb737', 'a9f0f433-f7e7-45eb-af71-3b2b5b0eb948', '[[-79.18371183531977, -117.18017578125],[-79.44445301629949, -112.412109375],[-80.40472597853082, -111.4892578125],[-80.33488667580171, -119.92675781249999],[-79.912853863685, -120.43212890625],[-79.87429692631282, -118.45458984375]]', 'green', 'green');
INSERT INTO entities VALUES ('8492c333-a0d9-4f89-8b83-4d93fb032d90', 'Cedar Trees');
INSERT INTO entityEntityTypeXrefs VALUES ('b0ddd645-6218-4f6f-b909-5317354f8172', '8492c333-a0d9-4f89-8b83-4d93fb032d90', 'dfaa0d23-c4c3-4fcc-aa58-5767733a62d7');
INSERT INTO polygons VALUES ('ea1a714b-f7c8-48db-8ea0-cb74de603540', '8492c333-a0d9-4f89-8b83-4d93fb032d90', '[[-79.14653825419713, -116.65283203124999],[-78.87852828127828, -117.0703125],[-78.72061466471489, -110.41259765625],[-78.34941069014627, -109.13818359375],[-78.38485516080925, -102.3046875],[-78.98398886594947, -103.0517578125],[-79.6674976157923, -105.29296874999999]]', 'green', 'green');
INSERT INTO entities VALUES ('c1fda88d-df32-4f4d-bd03-3435cca76ba6', 'Fir, Cedar & Pine Trees');
INSERT INTO entityEntityTypeXrefs VALUES ('fe14c250-a8df-4149-a218-7110dc22d708', 'c1fda88d-df32-4f4d-bd03-3435cca76ba6', 'dfaa0d23-c4c3-4fcc-aa58-5767733a62d7');
INSERT INTO polygons VALUES ('9375bc53-c237-4867-a8fe-736c79306fec', 'c1fda88d-df32-4f4d-bd03-3435cca76ba6', '[[-79.68718415450823, -123.0908203125],[-79.07181201408545, -135.3076171875],[-82.02747547132029, -141.240234375],[-83.25709720189782, -128.80371093749997],[-84.00226238768552, -125.2880859375],[-82.64259654376444, -128.3642578125]]', 'green', 'green');
INSERT INTO entities VALUES ('03e97565-6f31-40a7-9f1d-8eef378c2234', 'Maple Trees');
INSERT INTO entityEntityTypeXrefs VALUES ('0e87a603-3959-4843-aa49-e77d3eb0f568', '03e97565-6f31-40a7-9f1d-8eef378c2234', 'dfaa0d23-c4c3-4fcc-aa58-5767733a62d7');
INSERT INTO polygons VALUES ('4bed56d0-8974-4594-8832-e44928251f08', '03e97565-6f31-40a7-9f1d-8eef378c2234', '[[-80.55733847711531, -110.9619140625],[-80.58253901012532, -115.81787109375],[-81.30832090051811, -114.49951171875],[-81.29170291808761, -106.63330078125]]', 'green', 'green');
INSERT INTO entityTypes VALUES ('ff4735f1-b56f-49bd-b7fd-cd9370ead5b6', NULL, 'Rainbow Nodes', TRUE);
INSERT INTO entities VALUES ('2ba6d264-f907-4142-8f7b-579374ec36b9', 'rainbow stone');
INSERT INTO entityEntityTypeXrefs VALUES ('62d96118-9d39-4d26-b33e-7c5f6fe6f232', '2ba6d264-f907-4142-8f7b-579374ec36b9', 'ff4735f1-b56f-49bd-b7fd-cd9370ead5b6');
INSERT INTO markers VALUES ('61d5d95c-0b3b-43ca-b806-1707c25069c7', '2ba6d264-f907-4142-8f7b-579374ec36b9', -77.1376118, -52.40478516, '16349d4b-7e86-4f26-8de3-3c1bfcf26b5d');
INSERT INTO images VALUES('fc55393e-4051-4b0e-a612-c055790afacb', '2ba6d264-f907-4142-8f7b-579374ec36b9', null, 'https://gyazo.com/c808f0db335f0e3fe3c3b47a5cdd924c');
INSERT INTO notes VALUES('81476895-667b-4292-b9dc-1dbbcfd022eb', '2ba6d264-f907-4142-8f7b-579374ec36b9', '1st node', 1);
INSERT INTO entities VALUES ('92634530-362c-4b81-8a22-77df396ebecc', 'rainbow stone');
INSERT INTO entityEntityTypeXrefs VALUES ('883c7f72-69d3-4f09-9107-75e7ee9b74d8', '92634530-362c-4b81-8a22-77df396ebecc', 'ff4735f1-b56f-49bd-b7fd-cd9370ead5b6');
INSERT INTO circles VALUES ('0da6902f-19e9-4664-b39d-62b643ee6503', '92634530-362c-4b81-8a22-77df396ebecc', -77.1376118, -52.40478516, 11000, 'purple', 'purple');
INSERT INTO images VALUES('dc97f7e2-7e68-4d89-90b1-5276f8e4c463', '92634530-362c-4b81-8a22-77df396ebecc', null, 'https://gyazo.com/c808f0db335f0e3fe3c3b47a5cdd924c');
INSERT INTO notes VALUES('07a98ec6-8154-4482-8e34-5fb20e29b5fb', '92634530-362c-4b81-8a22-77df396ebecc', '1st node', 1);
INSERT INTO entities VALUES ('a0fd59de-5e3d-4f4a-bb75-20d774bc9994', 'rainbow stone II');
INSERT INTO entityEntityTypeXrefs VALUES ('f537e09a-7495-42a3-8257-3c2e9117c4b4', 'a0fd59de-5e3d-4f4a-bb75-20d774bc9994', 'ff4735f1-b56f-49bd-b7fd-cd9370ead5b6');
INSERT INTO markers VALUES ('063461fb-8097-4a32-9ab7-f3c7803ace4d', 'a0fd59de-5e3d-4f4a-bb75-20d774bc9994', -76.99004583, -52.97607422, '16349d4b-7e86-4f26-8de3-3c1bfcf26b5d');
INSERT INTO images VALUES('6636ae50-7ae4-4708-bc52-4ef9ec8ae0d5', 'a0fd59de-5e3d-4f4a-bb75-20d774bc9994', null, 'https://gyazo.com/5af2793307fc2d77ed88a6d5fe4fec95');
INSERT INTO notes VALUES('3e8b5735-6c1f-4211-a94b-2a20b22958ff', 'a0fd59de-5e3d-4f4a-bb75-20d774bc9994', 'climb rocks. look behind bush.', 1);
INSERT INTO entities VALUES ('843fbfd8-0c48-4f34-b094-ba3aceb05147', 'rainbow stone II');
INSERT INTO entityEntityTypeXrefs VALUES ('c9697b7d-f5f4-4960-ad35-724d375b8cea', '843fbfd8-0c48-4f34-b094-ba3aceb05147', 'ff4735f1-b56f-49bd-b7fd-cd9370ead5b6');
INSERT INTO circles VALUES ('215dbc2a-96bc-4578-8c0f-b93d2fff0efb', '843fbfd8-0c48-4f34-b094-ba3aceb05147', -76.99004583, -52.97607422, 11000, 'purple', 'purple');
INSERT INTO images VALUES('a5d7124e-f732-465e-a364-afbf30e86e71', '843fbfd8-0c48-4f34-b094-ba3aceb05147', null, 'https://gyazo.com/5af2793307fc2d77ed88a6d5fe4fec95');
INSERT INTO notes VALUES('d56ae7ba-864b-4b83-9445-ce0d7cb7c4fe', '843fbfd8-0c48-4f34-b094-ba3aceb05147', 'climb rocks. look behind bush.', 1);
INSERT INTO entities VALUES ('35ad3fc2-d4ef-43e0-bcca-9cd7b5d0fc00', 'rainbow stone III');
INSERT INTO entityEntityTypeXrefs VALUES ('6ba4f714-e335-4a3b-abca-15c943e12d93', '35ad3fc2-d4ef-43e0-bcca-9cd7b5d0fc00', 'ff4735f1-b56f-49bd-b7fd-cd9370ead5b6');
INSERT INTO markers VALUES ('de90a6c1-c2dd-4ccc-9fd4-27204c8a0a4a', '35ad3fc2-d4ef-43e0-bcca-9cd7b5d0fc00', -76.72022329, -51.13037109, '16349d4b-7e86-4f26-8de3-3c1bfcf26b5d');
INSERT INTO images VALUES('ef1b5ae7-5214-4fae-8a0f-8b42628fd9d4', '35ad3fc2-d4ef-43e0-bcca-9cd7b5d0fc00', null, 'https://gyazo.com/666d8bed0a69d881338942977594c66d');
INSERT INTO notes VALUES('27349141-cbc5-4e11-bb5c-0be794cd348b', '35ad3fc2-d4ef-43e0-bcca-9cd7b5d0fc00', 'up the side of yellow-ish rock', 1);
INSERT INTO entities VALUES ('8144b33f-1f04-4921-8b9c-2159f593c032', 'rainbow stone III');
INSERT INTO entityEntityTypeXrefs VALUES ('200adaef-9e47-432c-a1fa-a50ad2040d0d', '8144b33f-1f04-4921-8b9c-2159f593c032', 'ff4735f1-b56f-49bd-b7fd-cd9370ead5b6');
INSERT INTO circles VALUES ('719bb5dd-61af-48a6-856d-db1af42570ef', '8144b33f-1f04-4921-8b9c-2159f593c032', -76.72022329, -51.13037109, 11000, 'purple', 'purple');
INSERT INTO images VALUES('e1d19e9e-01c0-4772-997f-6a83f69619ee', '8144b33f-1f04-4921-8b9c-2159f593c032', null, 'https://gyazo.com/666d8bed0a69d881338942977594c66d');
INSERT INTO notes VALUES('3890f0a2-0c76-476b-bbe0-fab494106634', '8144b33f-1f04-4921-8b9c-2159f593c032', 'up the side of yellow-ish rock', 1);
INSERT INTO entities VALUES ('d9ba995b-ece4-4668-8cdd-e320f342f58c', 'rainbow stone IV');
INSERT INTO entityEntityTypeXrefs VALUES ('171eb142-3d79-4bdd-b8ae-88c89b8aba2d', 'd9ba995b-ece4-4668-8cdd-e320f342f58c', 'ff4735f1-b56f-49bd-b7fd-cd9370ead5b6');
INSERT INTO markers VALUES ('7a579702-b2a0-49e3-98b4-1636e9163cc1', 'd9ba995b-ece4-4668-8cdd-e320f342f58c', -76.78567868, -54.58007812, '16349d4b-7e86-4f26-8de3-3c1bfcf26b5d');
INSERT INTO images VALUES('b257f1ca-fef7-4172-a94a-84e9572e51be', 'd9ba995b-ece4-4668-8cdd-e320f342f58c', null, 'https://gyazo.com/3c89e6a7d8fe2f03e1f38346dfe45737');
INSERT INTO notes VALUES('f3d5b2eb-bb40-41fd-b1a0-3b90ff10ce46', 'd9ba995b-ece4-4668-8cdd-e320f342f58c', 'hidden behind stone ledge from stone #2', 1);
INSERT INTO entities VALUES ('2fdb7eb2-b8ca-4f19-aa1b-5e12491bdcc6', 'rainbow stone IV');
INSERT INTO entityEntityTypeXrefs VALUES ('7c1166d7-5faa-4374-9659-e2e596b2ee22', '2fdb7eb2-b8ca-4f19-aa1b-5e12491bdcc6', 'ff4735f1-b56f-49bd-b7fd-cd9370ead5b6');
INSERT INTO circles VALUES ('303947c7-b562-4b72-bd12-10b1b5b100f3', '2fdb7eb2-b8ca-4f19-aa1b-5e12491bdcc6', -76.78567868, -54.58007812, 11000, 'purple', 'purple');
INSERT INTO images VALUES('2622b256-9a01-4ec9-b065-fd26234868da', '2fdb7eb2-b8ca-4f19-aa1b-5e12491bdcc6', null, 'https://gyazo.com/3c89e6a7d8fe2f03e1f38346dfe45737');
INSERT INTO notes VALUES('1115620f-64b1-4633-93ea-5b506452e707', '2fdb7eb2-b8ca-4f19-aa1b-5e12491bdcc6', 'hidden behind stone ledge from stone #2', 1);
INSERT INTO entities VALUES ('fbc44f63-65ab-4faf-a2a7-4670b5b44367', 'rainbow stone V');
INSERT INTO entityEntityTypeXrefs VALUES ('4de93789-1392-4731-ac23-704b70601421', 'fbc44f63-65ab-4faf-a2a7-4670b5b44367', 'ff4735f1-b56f-49bd-b7fd-cd9370ead5b6');
INSERT INTO markers VALUES ('f862d926-76bf-471a-b6af-7568714dad0c', 'fbc44f63-65ab-4faf-a2a7-4670b5b44367', -76.55263411, -53.41552734, '16349d4b-7e86-4f26-8de3-3c1bfcf26b5d');
INSERT INTO images VALUES('9ba6071e-3b03-4c2c-a746-369cae690d1d', 'fbc44f63-65ab-4faf-a2a7-4670b5b44367', null, 'https://gyazo.com/bfaa96733d97013cd375fbd4519919be');
INSERT INTO entities VALUES ('851abbc0-5aa3-42e9-bf3a-8393bfe7a391', 'rainbow stone V');
INSERT INTO entityEntityTypeXrefs VALUES ('07380e24-7dc0-4915-8f53-c7b065b9b031', '851abbc0-5aa3-42e9-bf3a-8393bfe7a391', 'ff4735f1-b56f-49bd-b7fd-cd9370ead5b6');
INSERT INTO circles VALUES ('34723f2f-1a74-4c98-86e6-c48bfdc16b85', '851abbc0-5aa3-42e9-bf3a-8393bfe7a391', -76.55263411, -53.41552734, 11000, 'purple', 'purple');
INSERT INTO images VALUES('0a95b856-8752-4966-bd21-bfb9a3222088', '851abbc0-5aa3-42e9-bf3a-8393bfe7a391', null, 'https://gyazo.com/bfaa96733d97013cd375fbd4519919be');
INSERT INTO entities VALUES ('7ed0be22-6410-4c7f-806f-7fbccb9a7649', 'rainbow stone VI');
INSERT INTO entityEntityTypeXrefs VALUES ('41cdbe4f-403b-4f0e-ae70-4a072b1610cf', '7ed0be22-6410-4c7f-806f-7fbccb9a7649', 'ff4735f1-b56f-49bd-b7fd-cd9370ead5b6');
INSERT INTO markers VALUES ('9f5c7deb-6245-499f-b57c-699cb751d498', '7ed0be22-6410-4c7f-806f-7fbccb9a7649', -76.47063313, -53.7890625, '16349d4b-7e86-4f26-8de3-3c1bfcf26b5d');
INSERT INTO images VALUES('eb47c853-f029-4ccf-8768-c703199de72e', '7ed0be22-6410-4c7f-806f-7fbccb9a7649', null, 'https://gyazo.com/8bc1c1a6fd29e81d22ca31890210398a');
INSERT INTO entities VALUES ('27aa717c-5ac4-4cf5-9410-d9f900863f2f', 'rainbow stone VI');
INSERT INTO entityEntityTypeXrefs VALUES ('9a3fbc7c-281c-4b87-826c-b3bc8960e35e', '27aa717c-5ac4-4cf5-9410-d9f900863f2f', 'ff4735f1-b56f-49bd-b7fd-cd9370ead5b6');
INSERT INTO circles VALUES ('ff2041d8-c8c1-42ae-8188-0906e97578b7', '27aa717c-5ac4-4cf5-9410-d9f900863f2f', -76.47063313, -53.7890625, 11000, 'purple', 'purple');
INSERT INTO images VALUES('a53af903-eec0-4007-b5af-ab02ab80b019', '27aa717c-5ac4-4cf5-9410-d9f900863f2f', null, 'https://gyazo.com/8bc1c1a6fd29e81d22ca31890210398a');
INSERT INTO entities VALUES ('a5e3ac7e-7be7-4892-9d49-5efc3f47de78', 'rainbow stone VII');
INSERT INTO entityEntityTypeXrefs VALUES ('e1e35dcf-e9d2-4f05-8516-376bf7fe9d4b', 'a5e3ac7e-7be7-4892-9d49-5efc3f47de78', 'ff4735f1-b56f-49bd-b7fd-cd9370ead5b6');
INSERT INTO markers VALUES ('33d4e866-83b3-4b64-a836-1c065dd63897', 'a5e3ac7e-7be7-4892-9d49-5efc3f47de78', -76.39847989, -52.86621094, '16349d4b-7e86-4f26-8de3-3c1bfcf26b5d');
INSERT INTO images VALUES('ba1055a0-8cdb-4188-af38-87b210b8c6ed', 'a5e3ac7e-7be7-4892-9d49-5efc3f47de78', null, 'https://gyazo.com/9b2c272004df5422733cb961fcc0bdb9');
INSERT INTO entities VALUES ('fc7fc3dd-e359-4152-a919-20d771c89e02', 'rainbow stone VII');
INSERT INTO entityEntityTypeXrefs VALUES ('eac653d8-e5bc-4483-8edf-c7ab10e799d4', 'fc7fc3dd-e359-4152-a919-20d771c89e02', 'ff4735f1-b56f-49bd-b7fd-cd9370ead5b6');
INSERT INTO circles VALUES ('2f67e4c2-b644-47bc-83df-a1a459861809', 'fc7fc3dd-e359-4152-a919-20d771c89e02', -76.39847989, -52.86621094, 11000, 'purple', 'purple');
INSERT INTO images VALUES('0a2d43ad-60fb-4f78-97a5-ec2498a036e3', 'fc7fc3dd-e359-4152-a919-20d771c89e02', null, 'https://gyazo.com/9b2c272004df5422733cb961fcc0bdb9');
INSERT INTO entities VALUES ('1991a260-ccb0-40bc-ae62-f75c51832595', 'rainbow stone VIII');
INSERT INTO entityEntityTypeXrefs VALUES ('6e0f00a9-e4ca-4cd7-9003-c72602ce6033', '1991a260-ccb0-40bc-ae62-f75c51832595', 'ff4735f1-b56f-49bd-b7fd-cd9370ead5b6');
INSERT INTO markers VALUES ('746d97a6-70e4-47bd-a980-c8f167f1b320', '1991a260-ccb0-40bc-ae62-f75c51832595', -76.01609366, -55.15136719, '16349d4b-7e86-4f26-8de3-3c1bfcf26b5d');
INSERT INTO images VALUES('4a5204e0-45a0-4f40-830c-5cc3fb0c6925', '1991a260-ccb0-40bc-ae62-f75c51832595', null, 'https://gyazo.com/b7a9992a0fe08949572420113c190ece');
INSERT INTO entities VALUES ('6dd4fccb-7d96-4ae1-96a2-f32fedfe23cd', 'rainbow stone VIII');
INSERT INTO entityEntityTypeXrefs VALUES ('a5a47245-e41e-4b73-9689-df1ae0c5ce58', '6dd4fccb-7d96-4ae1-96a2-f32fedfe23cd', 'ff4735f1-b56f-49bd-b7fd-cd9370ead5b6');
INSERT INTO circles VALUES ('f7d7b68f-3f91-43f4-acef-dd2202d513da', '6dd4fccb-7d96-4ae1-96a2-f32fedfe23cd', -76.01609366, -55.15136719, 11000, 'purple', 'purple');
INSERT INTO images VALUES('830f6ea9-d346-45c6-ab6b-66eb7442141b', '6dd4fccb-7d96-4ae1-96a2-f32fedfe23cd', null, 'https://gyazo.com/b7a9992a0fe08949572420113c190ece');
INSERT INTO entities VALUES ('189682da-543a-406a-921d-e87fad64c508', 'rainbow stone IX');
INSERT INTO entityEntityTypeXrefs VALUES ('e183022f-2c8a-4ae6-86d4-ee1fe93425d3', '189682da-543a-406a-921d-e87fad64c508', 'ff4735f1-b56f-49bd-b7fd-cd9370ead5b6');
INSERT INTO markers VALUES ('c2772fb3-6f67-4e1a-99c9-3c8068c483a9', '189682da-543a-406a-921d-e87fad64c508', -76.05321304, -56.82128906, '16349d4b-7e86-4f26-8de3-3c1bfcf26b5d');
INSERT INTO images VALUES('900c7513-d0f2-447c-a832-737753ad3531', '189682da-543a-406a-921d-e87fad64c508', null, 'https://gyazo.com/88135c50654b27a2367695299acc4f7f');
INSERT INTO entities VALUES ('fb686540-d31a-463c-91b6-d39556fa0179', 'rainbow stone IX');
INSERT INTO entityEntityTypeXrefs VALUES ('e16f4d11-e6ff-4cdb-bf66-51ed686244f6', 'fb686540-d31a-463c-91b6-d39556fa0179', 'ff4735f1-b56f-49bd-b7fd-cd9370ead5b6');
INSERT INTO circles VALUES ('d8d6dc76-4622-4cc0-90f3-f4dbf4237a41', 'fb686540-d31a-463c-91b6-d39556fa0179', -76.05321304, -56.82128906, 11000, 'purple', 'purple');
INSERT INTO images VALUES('0e252637-5025-4408-80a5-152c8516367b', 'fb686540-d31a-463c-91b6-d39556fa0179', null, 'https://gyazo.com/88135c50654b27a2367695299acc4f7f');
INSERT INTO entities VALUES ('fc8f60ef-c0c3-4d05-b7e1-aff35239336c', 'rainbow stone X');
INSERT INTO entityEntityTypeXrefs VALUES ('86d8b145-5ee7-4252-bae7-2caa163c8026', 'fc8f60ef-c0c3-4d05-b7e1-aff35239336c', 'ff4735f1-b56f-49bd-b7fd-cd9370ead5b6');
INSERT INTO markers VALUES ('ca35756b-dfb7-4e4a-a8c7-8b7a7dc2f022', 'fc8f60ef-c0c3-4d05-b7e1-aff35239336c', -75.95756751, -56.55761719, '16349d4b-7e86-4f26-8de3-3c1bfcf26b5d');
INSERT INTO images VALUES('c73e26cf-3953-4ae7-822f-1bd63cbd6a2a', 'fc8f60ef-c0c3-4d05-b7e1-aff35239336c', null, 'https://gyazo.com/9f82133e6d3cb11d4cdac72aa8b361f5');
INSERT INTO entities VALUES ('093999db-7818-43a1-9539-caf1e5acecac', 'rainbow stone X');
INSERT INTO entityEntityTypeXrefs VALUES ('bc21e249-dbac-4d38-accc-1c7384d56a3a', '093999db-7818-43a1-9539-caf1e5acecac', 'ff4735f1-b56f-49bd-b7fd-cd9370ead5b6');
INSERT INTO circles VALUES ('2e28f1bc-a7f3-4296-838f-7aa6eeb0ade9', '093999db-7818-43a1-9539-caf1e5acecac', -75.95756751, -56.55761719, 11000, 'purple', 'purple');
INSERT INTO images VALUES('ae3722ab-6b02-491f-948d-9dd11c2dd5ff', '093999db-7818-43a1-9539-caf1e5acecac', null, 'https://gyazo.com/9f82133e6d3cb11d4cdac72aa8b361f5');
INSERT INTO entities VALUES ('3f73b179-8d62-40bb-8ee1-d3494d3e99d8', 'rainbow stone XI');
INSERT INTO entityEntityTypeXrefs VALUES ('cbbce626-4a10-404d-984b-b8a091008dd1', '3f73b179-8d62-40bb-8ee1-d3494d3e99d8', 'ff4735f1-b56f-49bd-b7fd-cd9370ead5b6');
INSERT INTO markers VALUES ('60d126f6-3fb0-4d95-8aa8-c04ae2a100b1', '3f73b179-8d62-40bb-8ee1-d3494d3e99d8', -75.69935993, -57.17285156, '16349d4b-7e86-4f26-8de3-3c1bfcf26b5d');
INSERT INTO images VALUES('c0e3c9b4-d543-4cf1-9481-2831918ae2e5', '3f73b179-8d62-40bb-8ee1-d3494d3e99d8', null, 'https://gyazo.com/f61b368a614946e9c78c9124b2bf00e7');
INSERT INTO entities VALUES ('50e415d4-3045-48d0-8d7b-f47cd272f568', 'rainbow stone XI');
INSERT INTO entityEntityTypeXrefs VALUES ('9b16844e-65ba-4cd2-8800-17d72bca9aae', '50e415d4-3045-48d0-8d7b-f47cd272f568', 'ff4735f1-b56f-49bd-b7fd-cd9370ead5b6');
INSERT INTO circles VALUES ('8c879b14-f8a1-4c3d-a996-18f8da3c4f13', '50e415d4-3045-48d0-8d7b-f47cd272f568', -75.69935993, -57.17285156, 11000, 'purple', 'purple');
INSERT INTO images VALUES('58f14d3b-ec99-4da8-99cb-abb0063a4b18', '50e415d4-3045-48d0-8d7b-f47cd272f568', null, 'https://gyazo.com/f61b368a614946e9c78c9124b2bf00e7');
INSERT INTO entities VALUES ('73da7372-7e9b-4e0e-b544-b7550931fe14', 'rainbow stone XII');
INSERT INTO entityEntityTypeXrefs VALUES ('0a9480bc-ecfa-490c-b201-77db3913bc80', '73da7372-7e9b-4e0e-b544-b7550931fe14', 'ff4735f1-b56f-49bd-b7fd-cd9370ead5b6');
INSERT INTO markers VALUES ('81ddbd7a-6f25-452a-8ecd-8b0891aa2dde', '73da7372-7e9b-4e0e-b544-b7550931fe14', -75.48614809, -53.83300781, '16349d4b-7e86-4f26-8de3-3c1bfcf26b5d');
INSERT INTO images VALUES('6c16a643-df93-4464-8a8e-f7b5d05dd943', '73da7372-7e9b-4e0e-b544-b7550931fe14', null, 'https://gyazo.com/fc15ee28c73d9e9215411b1c62cd20c9');
INSERT INTO entities VALUES ('20b99eb5-0ec7-434b-81e6-78e428d7fdad', 'rainbow stone XII');
INSERT INTO entityEntityTypeXrefs VALUES ('96339762-9e38-4d5d-b691-6fd43342d578', '20b99eb5-0ec7-434b-81e6-78e428d7fdad', 'ff4735f1-b56f-49bd-b7fd-cd9370ead5b6');
INSERT INTO circles VALUES ('d6eda61b-79d2-4899-9d4e-0685fa6d68eb', '20b99eb5-0ec7-434b-81e6-78e428d7fdad', -75.48614809, -53.83300781, 11000, 'purple', 'purple');
INSERT INTO images VALUES('f17367dc-c662-4379-a55f-470bcb5180e9', '20b99eb5-0ec7-434b-81e6-78e428d7fdad', null, 'https://gyazo.com/fc15ee28c73d9e9215411b1c62cd20c9');
INSERT INTO entities VALUES ('4b5474dc-a217-4dcf-a1ea-170e2c142e73', 'rainbow stone XIII');
INSERT INTO entityEntityTypeXrefs VALUES ('b38d0c1b-7471-4dfd-bbe4-9859a6f4155a', '4b5474dc-a217-4dcf-a1ea-170e2c142e73', 'ff4735f1-b56f-49bd-b7fd-cd9370ead5b6');
INSERT INTO markers VALUES ('ced0d003-5326-4b22-9118-9406d6ff6573', '4b5474dc-a217-4dcf-a1ea-170e2c142e73', -75.28099643, -53.26171875, '16349d4b-7e86-4f26-8de3-3c1bfcf26b5d');
INSERT INTO images VALUES('9cc61a01-0f3e-4fc0-9d16-a1db37c0ff55', '4b5474dc-a217-4dcf-a1ea-170e2c142e73', null, 'https://gyazo.com/a6190da67033633a62abd640d21d58da');
INSERT INTO entities VALUES ('7824d75f-c1e9-42cb-8d47-c095a31c68ba', 'rainbow stone XIII');
INSERT INTO entityEntityTypeXrefs VALUES ('af9e5595-5d72-4e79-8f97-06eb684507de', '7824d75f-c1e9-42cb-8d47-c095a31c68ba', 'ff4735f1-b56f-49bd-b7fd-cd9370ead5b6');
INSERT INTO circles VALUES ('15e10209-2e68-4d05-a037-d8771c1a2881', '7824d75f-c1e9-42cb-8d47-c095a31c68ba', -75.28099643, -53.26171875, 11000, 'purple', 'purple');
INSERT INTO images VALUES('78c2b6f5-25bb-495b-bda6-75c97d265e2f', '7824d75f-c1e9-42cb-8d47-c095a31c68ba', null, 'https://gyazo.com/a6190da67033633a62abd640d21d58da');
INSERT INTO entities VALUES ('2e415d09-8571-42ca-b9b7-fd16a9871a41', 'rainbow stone XIV');
INSERT INTO entityEntityTypeXrefs VALUES ('ac87bee6-2d54-47fe-a9a3-1f3e3746ec97', '2e415d09-8571-42ca-b9b7-fd16a9871a41', 'ff4735f1-b56f-49bd-b7fd-cd9370ead5b6');
INSERT INTO markers VALUES ('7a695201-fd76-4e69-8dec-e158cbfadacd', '2e415d09-8571-42ca-b9b7-fd16a9871a41', -75.28099643, -52.51464844, '16349d4b-7e86-4f26-8de3-3c1bfcf26b5d');
INSERT INTO images VALUES('3beb4c71-1c65-4aff-8851-c51e316326e4', '2e415d09-8571-42ca-b9b7-fd16a9871a41', null, 'https://gyazo.com/e845415d1dbc2878780e90b2ed37a504');
INSERT INTO entities VALUES ('f69626ef-b9b6-4de1-a40a-e93ad56a8bd3', 'rainbow stone XIV');
INSERT INTO entityEntityTypeXrefs VALUES ('58bcce45-5e59-4938-993d-08dc7a2570c2', 'f69626ef-b9b6-4de1-a40a-e93ad56a8bd3', 'ff4735f1-b56f-49bd-b7fd-cd9370ead5b6');
INSERT INTO circles VALUES ('34667c8a-e411-4bd4-8f0e-82ee0f589cd5', 'f69626ef-b9b6-4de1-a40a-e93ad56a8bd3', -75.28099643, -52.51464844, 11000, 'purple', 'purple');
INSERT INTO images VALUES('ccb87635-efb5-4cf5-bf70-6c10fa659090', 'f69626ef-b9b6-4de1-a40a-e93ad56a8bd3', null, 'https://gyazo.com/e845415d1dbc2878780e90b2ed37a504');
INSERT INTO entities VALUES ('c521bbee-6d6e-4138-9b73-3aec2b098213', 'rainbow stone XV');
INSERT INTO entityEntityTypeXrefs VALUES ('ce213619-e672-478f-9e47-e1fb9e9281a1', 'c521bbee-6d6e-4138-9b73-3aec2b098213', 'ff4735f1-b56f-49bd-b7fd-cd9370ead5b6');
INSERT INTO markers VALUES ('e59574da-2724-4ef8-877b-8c6943c143bf', 'c521bbee-6d6e-4138-9b73-3aec2b098213', -74.96509259, -55.50292969, '16349d4b-7e86-4f26-8de3-3c1bfcf26b5d');
INSERT INTO images VALUES('08d8bdb2-0407-4782-ab23-1da058581906', 'c521bbee-6d6e-4138-9b73-3aec2b098213', null, 'https://gyazo.com/d9b22cd7dc87645debf783247db14fb3');
INSERT INTO entities VALUES ('bd9ea844-347b-4930-8b0b-c7b308589be6', 'rainbow stone XV');
INSERT INTO entityEntityTypeXrefs VALUES ('2c1b35dd-31c7-498b-a5c8-8a8aff056c5a', 'bd9ea844-347b-4930-8b0b-c7b308589be6', 'ff4735f1-b56f-49bd-b7fd-cd9370ead5b6');
INSERT INTO circles VALUES ('119fa3da-380c-408a-a5aa-feea2a07bb49', 'bd9ea844-347b-4930-8b0b-c7b308589be6', -74.96509259, -55.50292969, 11000, 'purple', 'purple');
INSERT INTO images VALUES('f0cd23c6-9856-4e89-9b3a-513acf627161', 'bd9ea844-347b-4930-8b0b-c7b308589be6', null, 'https://gyazo.com/d9b22cd7dc87645debf783247db14fb3');
INSERT INTO entities VALUES ('51b612a1-b4e1-4525-ac48-c6f1221925ad', 'rainbow stone XVI');
INSERT INTO entityEntityTypeXrefs VALUES ('7e1c060d-07a6-4c45-9b9a-c2aefa5a7a04', '51b612a1-b4e1-4525-ac48-c6f1221925ad', 'ff4735f1-b56f-49bd-b7fd-cd9370ead5b6');
INSERT INTO markers VALUES ('20612ce4-d71e-4c37-b7df-7f477f50982e', '51b612a1-b4e1-4525-ac48-c6f1221925ad', -74.85641315, -54.84375, '16349d4b-7e86-4f26-8de3-3c1bfcf26b5d');
INSERT INTO images VALUES('cca28293-3e05-41e0-87c8-fe8780c9a181', '51b612a1-b4e1-4525-ac48-c6f1221925ad', null, 'https://gyazo.com/fee5e4d5821918a32881a680a09e5834');
INSERT INTO entities VALUES ('68ec0e49-0d45-4203-b4b3-8c4729ca073f', 'rainbow stone XVI');
INSERT INTO entityEntityTypeXrefs VALUES ('06fc5d57-9110-4af1-9cfd-16b2376f0c24', '68ec0e49-0d45-4203-b4b3-8c4729ca073f', 'ff4735f1-b56f-49bd-b7fd-cd9370ead5b6');
INSERT INTO circles VALUES ('ca2b2041-d62a-4434-8db6-1283d23e4f07', '68ec0e49-0d45-4203-b4b3-8c4729ca073f', -74.85641315, -54.84375, 11000, 'purple', 'purple');
INSERT INTO images VALUES('81c71386-b891-4bf9-85d9-0c3b1df4240a', '68ec0e49-0d45-4203-b4b3-8c4729ca073f', null, 'https://gyazo.com/fee5e4d5821918a32881a680a09e5834');
INSERT INTO entities VALUES ('e1206107-9ef1-4508-a51f-8d01cf67e8ce', 'rainbow stone XVII');
INSERT INTO entityEntityTypeXrefs VALUES ('ab34df71-f8a5-46c4-ad1c-696de2db3bcd', 'e1206107-9ef1-4508-a51f-8d01cf67e8ce', 'ff4735f1-b56f-49bd-b7fd-cd9370ead5b6');
INSERT INTO markers VALUES ('7c6475bc-131e-4f23-883e-8c34932216a8', 'e1206107-9ef1-4508-a51f-8d01cf67e8ce', -74.59010801, -52.93212891, '16349d4b-7e86-4f26-8de3-3c1bfcf26b5d');
INSERT INTO images VALUES('ac1ba5e7-d593-400e-ac40-6d7e395490b8', 'e1206107-9ef1-4508-a51f-8d01cf67e8ce', null, 'https://gyazo.com/f4f5692b2284d85d57f4a47a8204119e');
INSERT INTO entities VALUES ('8284d885-b642-4479-b4ff-dc9b33b3aae8', 'rainbow stone XVII');
INSERT INTO entityEntityTypeXrefs VALUES ('0ce9dea0-08f6-4b31-a7a2-635476184697', '8284d885-b642-4479-b4ff-dc9b33b3aae8', 'ff4735f1-b56f-49bd-b7fd-cd9370ead5b6');
INSERT INTO circles VALUES ('ea0d845a-9cdd-4a9d-9354-d3c467e9ce0a', '8284d885-b642-4479-b4ff-dc9b33b3aae8', -74.59010801, -52.93212891, 11000, 'purple', 'purple');
INSERT INTO images VALUES('5a5f5923-29d7-41f3-8e4b-cee8c491cb21', '8284d885-b642-4479-b4ff-dc9b33b3aae8', null, 'https://gyazo.com/f4f5692b2284d85d57f4a47a8204119e');
INSERT INTO entities VALUES ('1d7c0d6b-9468-4af0-9e03-ee1e2563871d', 'rainbow stone XVIII');
INSERT INTO entityEntityTypeXrefs VALUES ('43751f61-c858-422c-b1e8-2ff1f2492b8f', '1d7c0d6b-9468-4af0-9e03-ee1e2563871d', 'ff4735f1-b56f-49bd-b7fd-cd9370ead5b6');
INSERT INTO markers VALUES ('f5e7b67e-1626-4988-a0e5-b24a4ffc2a54', '1d7c0d6b-9468-4af0-9e03-ee1e2563871d', -74.64838651, -50.38330078, '16349d4b-7e86-4f26-8de3-3c1bfcf26b5d');
INSERT INTO images VALUES('92e7120c-c185-4a93-a3f2-4ee1a20d3a71', '1d7c0d6b-9468-4af0-9e03-ee1e2563871d', null, 'https://gyazo.com/10ab577b83b82bcebf6515b71e7c837a');
INSERT INTO notes VALUES('62a0ba8c-29bc-4153-9c3a-c3d006e8d3ce', '1d7c0d6b-9468-4af0-9e03-ee1e2563871d', 'hidden on path heading into mtn from where you jumped down.', 1);
INSERT INTO entities VALUES ('f81924b2-646f-42c7-bd08-55550a3cfcbe', 'rainbow stone XVIII');
INSERT INTO entityEntityTypeXrefs VALUES ('7cf5dfb0-c6f1-4d78-988d-c2b88b4d77ac', 'f81924b2-646f-42c7-bd08-55550a3cfcbe', 'ff4735f1-b56f-49bd-b7fd-cd9370ead5b6');
INSERT INTO circles VALUES ('bba7450d-9e4f-4bfa-94d0-f277f7fb05bf', 'f81924b2-646f-42c7-bd08-55550a3cfcbe', -74.64838651, -50.38330078, 11000, 'purple', 'purple');
INSERT INTO images VALUES('acb0e735-ce61-43bb-8f99-394e17703375', 'f81924b2-646f-42c7-bd08-55550a3cfcbe', null, 'https://gyazo.com/10ab577b83b82bcebf6515b71e7c837a');
INSERT INTO notes VALUES('d8d3932a-b8b5-4019-932e-c8d4e69198cc', 'f81924b2-646f-42c7-bd08-55550a3cfcbe', 'hidden on path heading into mtn from where you jumped down.', 1);
INSERT INTO entities VALUES ('d99f8e2e-7ed5-4321-b081-0d2cd4a3c969', 'rainbow stone XIX');
INSERT INTO entityEntityTypeXrefs VALUES ('5990d29e-9df2-4571-b7b3-743b05115cc2', 'd99f8e2e-7ed5-4321-b081-0d2cd4a3c969', 'ff4735f1-b56f-49bd-b7fd-cd9370ead5b6');
INSERT INTO markers VALUES ('af47b94a-dfaf-456a-a01c-98b04971faa7', 'd99f8e2e-7ed5-4321-b081-0d2cd4a3c969', -74.74118496, -50.91064453, '16349d4b-7e86-4f26-8de3-3c1bfcf26b5d');
INSERT INTO images VALUES('09eacb7c-1f67-4efa-9a95-e255bfdcb77d', 'd99f8e2e-7ed5-4321-b081-0d2cd4a3c969', null, 'https://gyazo.com/e571f81b172069cd28075651675fd4de');
INSERT INTO notes VALUES('1353790b-fdbb-4e08-b404-8bbffa7e8bcc', 'd99f8e2e-7ed5-4321-b081-0d2cd4a3c969', 'follow path to bottom', 1);
INSERT INTO entities VALUES ('70c36c3d-728c-4bf3-906a-4d3c43cf08ac', 'rainbow stone XIX');
INSERT INTO entityEntityTypeXrefs VALUES ('9ecac6e0-be67-4aee-8a0e-eda158e73275', '70c36c3d-728c-4bf3-906a-4d3c43cf08ac', 'ff4735f1-b56f-49bd-b7fd-cd9370ead5b6');
INSERT INTO circles VALUES ('3c8b2023-d84c-43c4-aed8-4b6a9585fb17', '70c36c3d-728c-4bf3-906a-4d3c43cf08ac', -74.74118496, -50.91064453, 11000, 'purple', 'purple');
INSERT INTO images VALUES('d6be982f-2bcb-480a-858f-429d30dce70c', '70c36c3d-728c-4bf3-906a-4d3c43cf08ac', null, 'https://gyazo.com/e571f81b172069cd28075651675fd4de');
INSERT INTO notes VALUES('0b9f34e7-a807-4b35-a4f5-c5e6e91e72ad', '70c36c3d-728c-4bf3-906a-4d3c43cf08ac', 'follow path to bottom', 1);
INSERT INTO entities VALUES ('80ef4f1c-2e4a-479c-a982-ad3f8d28d093', 'rainbow stone XX');
INSERT INTO entityEntityTypeXrefs VALUES ('2068fe98-27b4-4c44-b1ad-0be9f39da84e', '80ef4f1c-2e4a-479c-a982-ad3f8d28d093', 'ff4735f1-b56f-49bd-b7fd-cd9370ead5b6');
INSERT INTO markers VALUES ('993a658b-aef2-49a9-9054-7544ff360dda', '80ef4f1c-2e4a-479c-a982-ad3f8d28d093', -75.05035357, -50.03173828, '16349d4b-7e86-4f26-8de3-3c1bfcf26b5d');
INSERT INTO images VALUES('e608bd70-8b15-4b2f-9682-bd12a56113ea', '80ef4f1c-2e4a-479c-a982-ad3f8d28d093', null, 'https://gyazo.com/ad2939a961320cef923b25493fb28a99');
INSERT INTO notes VALUES('f2d324b7-51fd-4945-bdfb-b98e55b2101c', '80ef4f1c-2e4a-479c-a982-ad3f8d28d093', 'outside of the opening at the bottom', 1);
INSERT INTO entities VALUES ('643e4d7c-84d1-4dbd-a98b-dc2a6fe69329', 'rainbow stone XX');
INSERT INTO entityEntityTypeXrefs VALUES ('1c1cee17-695d-4022-9e60-daa58deea753', '643e4d7c-84d1-4dbd-a98b-dc2a6fe69329', 'ff4735f1-b56f-49bd-b7fd-cd9370ead5b6');
INSERT INTO circles VALUES ('661f8810-e053-4522-8cbb-c8ab80c69e8c', '643e4d7c-84d1-4dbd-a98b-dc2a6fe69329', -75.05035357, -50.03173828, 11000, 'purple', 'purple');
INSERT INTO images VALUES('4346c2dc-8bf0-4c87-ac89-07d6d368c371', '643e4d7c-84d1-4dbd-a98b-dc2a6fe69329', null, 'https://gyazo.com/ad2939a961320cef923b25493fb28a99');
INSERT INTO notes VALUES('86b5b5b1-f4bd-4201-b87d-e19bc2c7b4b3', '643e4d7c-84d1-4dbd-a98b-dc2a6fe69329', 'outside of the opening at the bottom', 1);
INSERT INTO entities VALUES ('9c61724a-648e-4ea9-80b7-2ac1e4e04b40', 'rainbow stone XXI');
INSERT INTO entityEntityTypeXrefs VALUES ('eb16984d-fe3f-4978-b389-0d6554615e70', '9c61724a-648e-4ea9-80b7-2ac1e4e04b40', 'ff4735f1-b56f-49bd-b7fd-cd9370ead5b6');
INSERT INTO markers VALUES ('237c0113-5be3-4841-854d-49bf5d4d71bd', '9c61724a-648e-4ea9-80b7-2ac1e4e04b40', -75.05035357, -48.93310547, '16349d4b-7e86-4f26-8de3-3c1bfcf26b5d');
INSERT INTO images VALUES('84ba6093-7c78-409f-96ec-0f5ed8718085', '9c61724a-648e-4ea9-80b7-2ac1e4e04b40', null, 'https://gyazo.com/454f42b0b5fe910bb321dbcb3d1cab46');
INSERT INTO notes VALUES('6cd2c42b-5294-448c-a437-de76b4b82741', '9c61724a-648e-4ea9-80b7-2ac1e4e04b40', 'outside of the opening at the bottom', 1);
INSERT INTO entities VALUES ('2f048258-bc30-4ef4-b3c7-6176ba87f297', 'rainbow stone XXI');
INSERT INTO entityEntityTypeXrefs VALUES ('6eddaf7e-02a3-4678-a371-45a384be7cd3', '2f048258-bc30-4ef4-b3c7-6176ba87f297', 'ff4735f1-b56f-49bd-b7fd-cd9370ead5b6');
INSERT INTO circles VALUES ('019fb181-8862-4108-8fb9-ec736378ca16', '2f048258-bc30-4ef4-b3c7-6176ba87f297', -75.05035357, -48.93310547, 11000, 'purple', 'purple');
INSERT INTO images VALUES('0c01a356-b8af-4d5c-af29-0488cebbbb8e', '2f048258-bc30-4ef4-b3c7-6176ba87f297', null, 'https://gyazo.com/454f42b0b5fe910bb321dbcb3d1cab46');
INSERT INTO notes VALUES('6bcba14f-7682-446d-871a-99e02151cf07', '2f048258-bc30-4ef4-b3c7-6176ba87f297', 'outside of the opening at the bottom', 1);
INSERT INTO entityTypes VALUES ('a37e20d0-529f-44ab-8de8-22f5f5946ccc', NULL, 'Villages', TRUE);
INSERT INTO entityTypes VALUES ('60ff53bd-be20-4230-af97-c72a42d7e9de', NULL, 'Farms', TRUE);
INSERT INTO entityTypes VALUES ('82caddbc-3b57-4084-a580-ffd4ed58f2f8', NULL, 'Danger', TRUE);
INSERT INTO entityTypes VALUES ('f289723f-e619-4997-bfec-114bb98bbb31', NULL, 'Connect', TRUE);
INSERT INTO entityTypes VALUES ('ca663968-c6d5-4ce4-bb1a-5d2f96c221de', NULL, 'Trade', TRUE);