INSERT INTO icons VALUES ('5e901a9a-fc76-4ccb-82f4-defce1c02b64', 'img/fish.png', 'fish');
INSERT INTO icons VALUES ('5639f780-e688-4d7b-87ff-fd5d8bcb9010', 'img/treasure.png', 'treasure');
INSERT INTO icons VALUES ('401eaf43-0cbe-466f-addd-ca636ceb1c66', 'img/town.png', 'town');
INSERT INTO icons VALUES ('4538b940-9dd8-436c-9df5-889da6439333', 'img/horse.png', 'horse');
INSERT INTO icons VALUES ('e6b233b8-aff3-4550-8f6c-9a4c8dd26c6e', 'img/boss.png', 'boss');
INSERT INTO icons VALUES ('d3750f22-4d27-4e06-9290-881fa1d62fdf', 'img/misc.png', 'misc');
INSERT INTO entityTypes VALUES ('cc3c6ce1-4f39-4ac9-a3d7-776603bd2238', NULL, 'Towns', TRUE);
INSERT INTO entities VALUES ('ba828fb8-1985-4341-b32d-6018eb670f1d', 'Altinova');
INSERT INTO entityEntityTypeXrefs VALUES ('6c2d9283-eb40-4fdb-be13-39275bbff8b4', 'ba828fb8-1985-4341-b32d-6018eb670f1d', 'cc3c6ce1-4f39-4ac9-a3d7-776603bd2238');
INSERT INTO markers VALUES ('5adb0825-a9d8-4dee-87d8-4a773aed8339', 'ba828fb8-1985-4341-b32d-6018eb670f1d', -79.28631, -5.47119, '401eaf43-0cbe-466f-addd-ca636ceb1c66');
INSERT INTO entities VALUES ('e8c7d78e-634e-4764-beba-6ac9600ca205', 'Behr');
INSERT INTO entityEntityTypeXrefs VALUES ('70be06e6-d18a-4fb8-9946-0fce32fb1c39', 'e8c7d78e-634e-4764-beba-6ac9600ca205', 'cc3c6ce1-4f39-4ac9-a3d7-776603bd2238');
INSERT INTO markers VALUES ('acc2ff2f-869d-4e81-9acb-1430a58184ab', 'e8c7d78e-634e-4764-beba-6ac9600ca205', -83.64297, -129.1333, '401eaf43-0cbe-466f-addd-ca636ceb1c66');
INSERT INTO entities VALUES ('dca7f561-a156-48cf-bb01-08ec6992e86a', 'Calpheon');
INSERT INTO entityEntityTypeXrefs VALUES ('f56ad081-0ab4-4160-a949-21d38f7d83b2', 'dca7f561-a156-48cf-bb01-08ec6992e86a', 'cc3c6ce1-4f39-4ac9-a3d7-776603bd2238');
INSERT INTO markers VALUES ('450d3125-4419-4389-8d40-452344ac83fd', 'dca7f561-a156-48cf-bb01-08ec6992e86a', -78.55613, -122.7832, '401eaf43-0cbe-466f-addd-ca636ceb1c66');
INSERT INTO entities VALUES ('828903f0-71af-416d-b18a-8eff49b471b6', 'Epheria Port');
INSERT INTO entityEntityTypeXrefs VALUES ('3217bb08-6270-4b65-83ce-d1f5a987ed36', '828903f0-71af-416d-b18a-8eff49b471b6', 'cc3c6ce1-4f39-4ac9-a3d7-776603bd2238');
INSERT INTO markers VALUES ('7639a25b-7191-4b7a-a71f-64f623302f09', '828903f0-71af-416d-b18a-8eff49b471b6', -74.67164, -143.04199, '401eaf43-0cbe-466f-addd-ca636ceb1c66');
INSERT INTO entities VALUES ('7bb87022-67f7-4dd0-ab02-79cdd949ab64', 'Florin');
INSERT INTO entityEntityTypeXrefs VALUES ('dd9a777c-5c22-4fd9-9349-b6068b6e9c10', '7bb87022-67f7-4dd0-ab02-79cdd949ab64', 'cc3c6ce1-4f39-4ac9-a3d7-776603bd2238');
INSERT INTO markers VALUES ('d2d93b50-6275-48d5-858a-9275977ab27b', '7bb87022-67f7-4dd0-ab02-79cdd949ab64', -73.65254, -108.63281, '401eaf43-0cbe-466f-addd-ca636ceb1c66');
INSERT INTO entities VALUES ('9892dacf-0eb8-45aa-a2d2-eeb7418e3a4f', 'Glish');
INSERT INTO entityEntityTypeXrefs VALUES ('c6b5cbb2-9f14-45b0-8a7d-c882cb969463', '9892dacf-0eb8-45aa-a2d2-eeb7418e3a4f', 'cc3c6ce1-4f39-4ac9-a3d7-776603bd2238');
INSERT INTO markers VALUES ('33ebb756-2221-4cb8-9815-9a0bbc2bea54', '9892dacf-0eb8-45aa-a2d2-eeb7418e3a4f', -80.8204, -78.39844, '401eaf43-0cbe-466f-addd-ca636ceb1c66');
INSERT INTO entities VALUES ('263508d1-3121-49e0-8ae0-1d64482c8f93', 'Heidel');
INSERT INTO entityEntityTypeXrefs VALUES ('8b92bff0-84bd-4059-870f-0cdbe43514a4', '263508d1-3121-49e0-8ae0-1d64482c8f93', 'cc3c6ce1-4f39-4ac9-a3d7-776603bd2238');
INSERT INTO markers VALUES ('2e4cc47f-efdb-447f-8f4d-756bef1bfe73', '263508d1-3121-49e0-8ae0-1d64482c8f93', -77.81405, -64.95117, '401eaf43-0cbe-466f-addd-ca636ceb1c66');
INSERT INTO entities VALUES ('224094ed-d3e4-48d9-b45f-5ddfdfaeb7ec', 'Iliya');
INSERT INTO entityEntityTypeXrefs VALUES ('64ea35e5-3346-4612-979e-29a1bdb0a694', '224094ed-d3e4-48d9-b45f-5ddfdfaeb7ec', 'cc3c6ce1-4f39-4ac9-a3d7-776603bd2238');
INSERT INTO markers VALUES ('097e4fac-45a8-43b8-9e25-84cb48f7852e', '224094ed-d3e4-48d9-b45f-5ddfdfaeb7ec', -54.23955, -44.47266, '401eaf43-0cbe-466f-addd-ca636ceb1c66');
INSERT INTO entities VALUES ('1ea83f64-467a-4bf8-8ee3-13022c3ac068', 'Kelphan');
INSERT INTO entityEntityTypeXrefs VALUES ('fa8c62f1-64cc-4230-bd24-4efc5f1505e7', '1ea83f64-467a-4bf8-8ee3-13022c3ac068', 'cc3c6ce1-4f39-4ac9-a3d7-776603bd2238');
INSERT INTO markers VALUES ('5c054f03-b7ee-477b-a3d0-bcfcc777f111', '1ea83f64-467a-4bf8-8ee3-13022c3ac068', -81.68514, -104.96338, '401eaf43-0cbe-466f-addd-ca636ceb1c66');
INSERT INTO entities VALUES ('86296abd-e010-42d6-8a1c-8d2e2b42f476', 'Northern Wheat Plantation');
INSERT INTO entityEntityTypeXrefs VALUES ('d37e6a80-074a-49c7-92b4-bea230a942ef', '86296abd-e010-42d6-8a1c-8d2e2b42f476', 'cc3c6ce1-4f39-4ac9-a3d7-776603bd2238');
INSERT INTO markers VALUES ('95af328a-0375-48f1-adc7-a565f6a69759', '86296abd-e010-42d6-8a1c-8d2e2b42f476', -76.62398, -115.90576, '401eaf43-0cbe-466f-addd-ca636ceb1c66');
INSERT INTO entities VALUES ('b37b621f-fd21-4eaa-bd29-248a56098fe0', 'Olvia');
INSERT INTO entityEntityTypeXrefs VALUES ('e03ba4ee-3da0-4f76-8174-04f96968eeb9', 'b37b621f-fd21-4eaa-bd29-248a56098fe0', 'cc3c6ce1-4f39-4ac9-a3d7-776603bd2238');
INSERT INTO markers VALUES ('8743c38c-e4d8-43b0-9627-ad120ed482f9', 'b37b621f-fd21-4eaa-bd29-248a56098fe0', -69.51915, -102.83203, '401eaf43-0cbe-466f-addd-ca636ceb1c66');
INSERT INTO entities VALUES ('3beef7c8-1bea-4894-ad2e-afb8d47780e6', 'Tarif');
INSERT INTO entityEntityTypeXrefs VALUES ('6325e4d9-b056-45a6-918e-5a0372350124', '3beef7c8-1bea-4894-ad2e-afb8d47780e6', 'cc3c6ce1-4f39-4ac9-a3d7-776603bd2238');
INSERT INTO markers VALUES ('c8007a85-c4a1-4b7a-bfb9-71a7fac51548', '3beef7c8-1bea-4894-ad2e-afb8d47780e6', -79.43237, -31.72852, '401eaf43-0cbe-466f-addd-ca636ceb1c66');
INSERT INTO entities VALUES ('6d7df610-dc62-4339-b3d3-fa5385d5d4bd', 'Trent');
INSERT INTO entityEntityTypeXrefs VALUES ('e2ec798f-755f-455f-8df4-29b21c60bed5', '6d7df610-dc62-4339-b3d3-fa5385d5d4bd', 'cc3c6ce1-4f39-4ac9-a3d7-776603bd2238');
INSERT INTO markers VALUES ('fce8de2c-3b43-44ed-863c-17cbb9c63c1b', '6d7df610-dc62-4339-b3d3-fa5385d5d4bd', -82.41983, -145.72266, '401eaf43-0cbe-466f-addd-ca636ceb1c66');
INSERT INTO entities VALUES ('4241f6c5-cf95-45b9-ae94-480180a92ea3', 'Velia');
INSERT INTO entityEntityTypeXrefs VALUES ('a3bab6f5-5e55-4818-be2a-e7d0679fbdf2', '4241f6c5-cf95-45b9-ae94-480180a92ea3', 'cc3c6ce1-4f39-4ac9-a3d7-776603bd2238');
INSERT INTO markers VALUES ('76a20d4c-dc2c-4683-96f2-d24adf51a0a4', '4241f6c5-cf95-45b9-ae94-480180a92ea3', -72.28907, -72.09229, '401eaf43-0cbe-466f-addd-ca636ceb1c66');
INSERT INTO entities VALUES ('a641b6b8-37b0-4cf1-a1f8-05a3391d297e', 'Western Guard Camp');
INSERT INTO entityEntityTypeXrefs VALUES ('90248693-5eaa-437d-bb06-51ab821e3b01', 'a641b6b8-37b0-4cf1-a1f8-05a3391d297e', 'cc3c6ce1-4f39-4ac9-a3d7-776603bd2238');
INSERT INTO markers VALUES ('b4346f83-79e8-4895-86e6-2fdef0cdfc29', 'a641b6b8-37b0-4cf1-a1f8-05a3391d297e', -74.30735, -86.96777, '401eaf43-0cbe-466f-addd-ca636ceb1c66');
INSERT INTO entityTypes VALUES ('eb408c30-6794-42db-af3a-a8111611f5db', NULL, 'Fishing', TRUE);
INSERT INTO entities VALUES ('c78e1a57-612f-4099-83cf-dfb1b7104978', 'Thermian 1');
INSERT INTO entityEntityTypeXrefs VALUES ('c8fcb81a-4bdb-41ea-b61d-c6edf90de6df', 'c78e1a57-612f-4099-83cf-dfb1b7104978', 'eb408c30-6794-42db-af3a-a8111611f5db');
INSERT INTO markers VALUES ('a3e51840-1f7c-452b-ba09-872d958d43cf', 'c78e1a57-612f-4099-83cf-dfb1b7104978', -65.80278, -110.61035, '5e901a9a-fc76-4ccb-82f4-defce1c02b64');
INSERT INTO images VALUES('15cf0d4a-81d9-4d68-9464-350f9ee1f4f1', 'c78e1a57-612f-4099-83cf-dfb1b7104978', 'http://i.imgur.com/sZmUPDa.jpg');
INSERT INTO notes VALUES('9972ff67-4b9f-4795-9743-ca243dc56255', 'c78e1a57-612f-4099-83cf-dfb1b7104978', 'On the beach, hard to miss.', 1);
INSERT INTO entities VALUES ('f44f26ba-0770-4846-a6b2-e81fcdeab4b1', 'Altinova 1');
INSERT INTO entityEntityTypeXrefs VALUES ('2982911e-758e-47b7-9001-07bcb766f2b0', 'f44f26ba-0770-4846-a6b2-e81fcdeab4b1', 'eb408c30-6794-42db-af3a-a8111611f5db');
INSERT INTO markers VALUES ('008566b1-b9d4-42d5-b8d1-9a204bd10946', 'f44f26ba-0770-4846-a6b2-e81fcdeab4b1', -76.92061, -3.09814, '5e901a9a-fc76-4ccb-82f4-defce1c02b64');
INSERT INTO entities VALUES ('30848484-c967-4ae5-90d2-f82888a713d2', 'ElectroShock''s Magical Fishing Spot');
INSERT INTO entityEntityTypeXrefs VALUES ('ac1dfe7c-a8fc-42ea-ad7c-8c56bf95fdab', '30848484-c967-4ae5-90d2-f82888a713d2', 'eb408c30-6794-42db-af3a-a8111611f5db');
INSERT INTO markers VALUES ('c046a6f5-f74b-42b9-968b-7c4de24680cd', '30848484-c967-4ae5-90d2-f82888a713d2', -69.8168911, -149.0185547, '5e901a9a-fc76-4ccb-82f4-defce1c02b64');
INSERT INTO notes VALUES('bd76b4c9-e402-4278-af70-17076fb480d4', '30848484-c967-4ae5-90d2-f82888a713d2', 'Right off the beach.', 1);
INSERT INTO entities VALUES ('86538c28-5714-4ed4-bdba-83d8bebd6036', 'Velia 1');
INSERT INTO entityEntityTypeXrefs VALUES ('990ca451-087f-46df-93f3-6c348fcbf4dd', '86538c28-5714-4ed4-bdba-83d8bebd6036', 'eb408c30-6794-42db-af3a-a8111611f5db');
INSERT INTO markers VALUES ('70322d6b-05e6-492c-ad3c-5bb0467aca9f', '86538c28-5714-4ed4-bdba-83d8bebd6036', -71.08118191, -78.55224609, '5e901a9a-fc76-4ccb-82f4-defce1c02b64');
INSERT INTO images VALUES('9cdd46ed-8db3-4586-97a6-ccdc66904fdf', '86538c28-5714-4ed4-bdba-83d8bebd6036', 'http://i.imgur.com/kXYv1Bl.jpg');
INSERT INTO notes VALUES('bf85fc6e-85c8-48e3-a308-33a9b196b951', '86538c28-5714-4ed4-bdba-83d8bebd6036', 'Very busy spot.', 1);
INSERT INTO entityTypes VALUES ('6412f617-204e-4ddc-9883-3ed5632c74e1', NULL, 'Horse Spawns', TRUE);
INSERT INTO entities VALUES ('bcf08b4f-0d1f-4d40-af23-c0db980b7bef', 'Calpheon Shrine Spawn');
INSERT INTO entityEntityTypeXrefs VALUES ('7aa11cdc-5100-4c91-846a-bb50700c7da2', 'bcf08b4f-0d1f-4d40-af23-c0db980b7bef', '6412f617-204e-4ddc-9883-3ed5632c74e1');
INSERT INTO polygons VALUES ('00d51cda-fc9e-43d6-a0f6-edc50689c6e3', 'bcf08b4f-0d1f-4d40-af23-c0db980b7bef', '[[-81.50529869762794, -150.1611328125],[-82.37331716529225, -155.3466796875],[-82.48908147830929, -157.8955078125],[-81.4597372638345, -152.7099609375],[-81.49230582149612, -152.40234375]]');
INSERT INTO entities VALUES ('a6d27ccb-b29d-4eb2-b904-1393ed2263ef', 'Epheria Spawn');
INSERT INTO entityEntityTypeXrefs VALUES ('1490b1f7-b9d3-43f0-8560-c4069441d48c', 'a6d27ccb-b29d-4eb2-b904-1393ed2263ef', '6412f617-204e-4ddc-9883-3ed5632c74e1');
INSERT INTO polygons VALUES ('8b6547e0-a998-48fc-bfb1-6312715573b1', 'a6d27ccb-b29d-4eb2-b904-1393ed2263ef', '[[-75.21946035674114, -142.60253906249997],[-75.32559250700751, -144.05273437499997],[-75.52464464250062, -144.755859375],[-76.52706134250077, -143.76708984375],[-76.5116947790196, -140.86669921875],[-75.39223893869115, -141.6796875]]');
INSERT INTO entities VALUES ('2c9666d0-a516-4d4a-9210-8c2ef01557ec', 'Unsure of Area Name');
INSERT INTO entityEntityTypeXrefs VALUES ('00e7dcc3-9754-451d-8a1c-8c28927d6b68', '2c9666d0-a516-4d4a-9210-8c2ef01557ec', '6412f617-204e-4ddc-9883-3ed5632c74e1');
INSERT INTO polygons VALUES ('2cbb8bb5-2781-4a2d-9818-08c70d59dc31', '2c9666d0-a516-4d4a-9210-8c2ef01557ec', '[[-73.76963963687173, -127.88085937499999],[-73.04182867723632, -128.6279296875],[-73.1121838735694, -129.6826171875],[-73.65872816203942, -129.3310546875]]');
INSERT INTO entities VALUES ('89ce73af-c894-4545-a4fa-4ac8b9373e61', 'Florin Spawn West');
INSERT INTO entityEntityTypeXrefs VALUES ('a6dd8263-c215-4e05-9bf5-6f9246f52142', '89ce73af-c894-4545-a4fa-4ac8b9373e61', '6412f617-204e-4ddc-9883-3ed5632c74e1');
INSERT INTO polygons VALUES ('b1e728e4-238d-4d9a-8065-fd0191575357', '89ce73af-c894-4545-a4fa-4ac8b9373e61', '[[-72.99690914812648, -111.8408203125],[-73.03541866058295, -112.74169921875],[-73.29630993228643, -113.115234375],[-73.38449896285545, -111.95068359374999]]');
INSERT INTO entityTypes VALUES ('54e06445-72dc-48ca-b870-9aa3518b4af5', NULL, 'Treasure Chests', TRUE);
INSERT INTO entities VALUES ('88489f02-51d8-4591-b590-5ca529ce7988', 'Bloody Monastery Chest 1');
INSERT INTO entityEntityTypeXrefs VALUES ('48d071b3-1887-4e52-a351-3e8d67d146d1', '88489f02-51d8-4591-b590-5ca529ce7988', '54e06445-72dc-48ca-b870-9aa3518b4af5');
INSERT INTO markers VALUES ('f61ed4e2-9062-450d-a439-c928a6f517dc', '88489f02-51d8-4591-b590-5ca529ce7988', -82.14545465, -80.39794922, '5639f780-e688-4d7b-87ff-fd5d8bcb9010');
INSERT INTO notes VALUES('5edd645c-dea7-479b-ad4c-840ac0d493e7', '88489f02-51d8-4591-b590-5ca529ce7988', 'Inside the building on the floor across from the cages.', 1);
INSERT INTO entities VALUES ('44be9cff-726d-4e69-90db-d41a8024e119', 'Calpheon Chest 1');
INSERT INTO entityEntityTypeXrefs VALUES ('1cfa1930-45dd-4e8c-a7fc-b5647b5edb73', '44be9cff-726d-4e69-90db-d41a8024e119', '54e06445-72dc-48ca-b870-9aa3518b4af5');
INSERT INTO markers VALUES ('ea6a2e13-433b-4616-b6dd-422fcffa6420', '44be9cff-726d-4e69-90db-d41a8024e119', -77.33180919, -129.2431641, '5639f780-e688-4d7b-87ff-fd5d8bcb9010');
INSERT INTO notes VALUES('06513a62-8b6e-4ef0-9b92-26b060a1404a', '44be9cff-726d-4e69-90db-d41a8024e119', 'In the tent.', 1);
INSERT INTO entities VALUES ('6ee336e1-9cfc-4d20-bbf4-b4ae5c519c64', 'Calpheon Chest 2');
INSERT INTO entityEntityTypeXrefs VALUES ('721073b9-387c-466a-9fbb-f18be2f2e7d1', '6ee336e1-9cfc-4d20-bbf4-b4ae5c519c64', '54e06445-72dc-48ca-b870-9aa3518b4af5');
INSERT INTO markers VALUES ('24b01dad-be51-44ed-93c8-b2251af56f47', '6ee336e1-9cfc-4d20-bbf4-b4ae5c519c64', -77.00487699, -126.6943359, '5639f780-e688-4d7b-87ff-fd5d8bcb9010');
INSERT INTO notes VALUES('686861a6-a52b-4b9b-a0fa-f48137b502a3', '6ee336e1-9cfc-4d20-bbf4-b4ae5c519c64', 'In the tent.', 1);
INSERT INTO entities VALUES ('e1b7b9ce-177d-48f7-940f-9a24d4060a4f', 'Calpheon Chest 3');
INSERT INTO entityEntityTypeXrefs VALUES ('9e479b43-3bba-4de5-b5a4-2b7f29012811', 'e1b7b9ce-177d-48f7-940f-9a24d4060a4f', '54e06445-72dc-48ca-b870-9aa3518b4af5');
INSERT INTO markers VALUES ('3346b449-180a-480f-be31-f66b37bf3662', 'e1b7b9ce-177d-48f7-940f-9a24d4060a4f', -76.8258013, -127.265625, '5639f780-e688-4d7b-87ff-fd5d8bcb9010');
INSERT INTO notes VALUES('697542a3-3ff2-4c0f-af2c-6871fa19578b', 'e1b7b9ce-177d-48f7-940f-9a24d4060a4f', 'Right between the tent and the wagon.', 1);
INSERT INTO entities VALUES ('a52770f3-7029-46aa-9907-d4c369703c93', 'Calpheon Chest 4');
INSERT INTO entityEntityTypeXrefs VALUES ('a11781ed-77a5-42dd-987f-3cd27f4f9efa', 'a52770f3-7029-46aa-9907-d4c369703c93', '54e06445-72dc-48ca-b870-9aa3518b4af5');
INSERT INTO markers VALUES ('1445af74-eb3e-4f18-82d0-c70575ed41ce', 'a52770f3-7029-46aa-9907-d4c369703c93', -75.74271514, -128.6499023, '5639f780-e688-4d7b-87ff-fd5d8bcb9010');
INSERT INTO notes VALUES('3a4acbcb-ba1c-4d31-9155-365c5d04fbc8', 'a52770f3-7029-46aa-9907-d4c369703c93', 'In the wood rubble.', 1);
INSERT INTO entities VALUES ('7d50f59b-210d-4150-918b-9a3b604cdaa5', 'Glish Chest 1');
INSERT INTO entityEntityTypeXrefs VALUES ('b9b9d89d-5de5-4d74-b531-8be890649f8a', '7d50f59b-210d-4150-918b-9a3b604cdaa5', '54e06445-72dc-48ca-b870-9aa3518b4af5');
INSERT INTO markers VALUES ('32f4e33b-6b17-4c24-a89f-e1facc78c7b5', '7d50f59b-210d-4150-918b-9a3b604cdaa5', -80.47770098, -80.61767578, '5639f780-e688-4d7b-87ff-fd5d8bcb9010');
INSERT INTO notes VALUES('76ab7b1d-2f3d-4d47-be59-2b807d326bd2', '7d50f59b-210d-4150-918b-9a3b604cdaa5', 'In the swamp.', 1);
INSERT INTO entities VALUES ('d49908df-d80a-4247-95ac-426a9db91a3e', 'Glish Chest 2');
INSERT INTO entityEntityTypeXrefs VALUES ('65b5f4fb-bdc6-4ba3-840b-543c9bc8585d', 'd49908df-d80a-4247-95ac-426a9db91a3e', '54e06445-72dc-48ca-b870-9aa3518b4af5');
INSERT INTO markers VALUES ('e8840b56-454b-4e3c-b625-1a51da22814e', 'd49908df-d80a-4247-95ac-426a9db91a3e', -80.87282722, -85.34179688, '5639f780-e688-4d7b-87ff-fd5d8bcb9010');
INSERT INTO notes VALUES('57ec18b4-4e87-4765-bdbc-acca079219c1', 'd49908df-d80a-4247-95ac-426a9db91a3e', 'In the underground mine by the miners.', 1);
INSERT INTO entities VALUES ('9e7ae254-9080-479c-a25c-3460aaf480a5', 'Goblin Cave 1');
INSERT INTO entityEntityTypeXrefs VALUES ('0676ec96-a02f-4764-ae2c-711bb14e50e3', '9e7ae254-9080-479c-a25c-3460aaf480a5', '54e06445-72dc-48ca-b870-9aa3518b4af5');
INSERT INTO markers VALUES ('d4b66c02-37d0-4a35-a683-d1da9878e68c', '9e7ae254-9080-479c-a25c-3460aaf480a5', -73.84928646, -61.61132813, '5639f780-e688-4d7b-87ff-fd5d8bcb9010');
INSERT INTO images VALUES('ee13a8e3-430e-4755-b4c1-0913943325a4', '9e7ae254-9080-479c-a25c-3460aaf480a5', 'http://i.imgur.com/c2sCOAy.jpg');
INSERT INTO notes VALUES('0053e30b-d5b7-45fa-9d0a-d7003061d36f', '9e7ae254-9080-479c-a25c-3460aaf480a5', 'Inside the Goblin Cave by the Goblin Chief. Turn left in the cave; second turn-out.', 1);
INSERT INTO entities VALUES ('446f36fd-92f7-4e77-b80e-06cf20c08b89', 'Heidel Chest 1');
INSERT INTO entityEntityTypeXrefs VALUES ('0f709cac-12e9-4401-bc3c-cb7005876078', '446f36fd-92f7-4e77-b80e-06cf20c08b89', '54e06445-72dc-48ca-b870-9aa3518b4af5');
INSERT INTO markers VALUES ('e117b13a-3808-45ac-acb2-f06a107d6c0a', '446f36fd-92f7-4e77-b80e-06cf20c08b89', -77.9799, -58.60107, '5639f780-e688-4d7b-87ff-fd5d8bcb9010');
INSERT INTO notes VALUES('cd493d1b-dac7-42a1-addd-14a381a65969', '446f36fd-92f7-4e77-b80e-06cf20c08b89', 'On the top of the shack.', 1);
INSERT INTO entities VALUES ('7d6da8b7-cf2c-4887-b0e7-673ffd52e5f2', 'Heidel Chest 2');
INSERT INTO entityEntityTypeXrefs VALUES ('5db000c9-614a-433d-8e88-53ee4bd4e48e', '7d6da8b7-cf2c-4887-b0e7-673ffd52e5f2', '54e06445-72dc-48ca-b870-9aa3518b4af5');
INSERT INTO markers VALUES ('0787854b-0f00-42de-9dc9-3f1719d257ab', '7d6da8b7-cf2c-4887-b0e7-673ffd52e5f2', -77.84185, -57.74414, '5639f780-e688-4d7b-87ff-fd5d8bcb9010');
INSERT INTO notes VALUES('3729a84e-1b19-4e16-aee3-6d02faa71b3c', '7d6da8b7-cf2c-4887-b0e7-673ffd52e5f2', 'Inside the second shack.', 1);
INSERT INTO entities VALUES ('886fab2d-cef9-41e9-a40e-34c20cb31b80', 'Heidel Chest 3');
INSERT INTO entityEntityTypeXrefs VALUES ('9e5cc83a-84ad-4b70-a23a-55f9b483f563', '886fab2d-cef9-41e9-a40e-34c20cb31b80', '54e06445-72dc-48ca-b870-9aa3518b4af5');
INSERT INTO markers VALUES ('6d593ab8-7be4-4e94-99f3-6ee09bef8283', '886fab2d-cef9-41e9-a40e-34c20cb31b80', -77.02462603, -85.36376953, '5639f780-e688-4d7b-87ff-fd5d8bcb9010');
INSERT INTO images VALUES('d4d59b16-95a9-48d9-b05d-42a633b5a08e', '886fab2d-cef9-41e9-a40e-34c20cb31b80', 'http://i.imgur.com/ccMuZu1.jpg');
INSERT INTO entities VALUES ('be4c21a8-f0d6-458c-bb73-f7e9c497eca1', 'Heidel Chest 4');
INSERT INTO entityEntityTypeXrefs VALUES ('3b9622ec-df51-4b0f-a028-f3cdf055dd9f', 'be4c21a8-f0d6-458c-bb73-f7e9c497eca1', '54e06445-72dc-48ca-b870-9aa3518b4af5');
INSERT INTO markers VALUES ('88a08b2d-ae18-435d-84c6-49210c05453b', 'be4c21a8-f0d6-458c-bb73-f7e9c497eca1', -77.42303986, -83.05664063, '5639f780-e688-4d7b-87ff-fd5d8bcb9010');
INSERT INTO images VALUES('783bdd29-7257-4578-a419-dbc7506ee7f4', 'be4c21a8-f0d6-458c-bb73-f7e9c497eca1', 'http://i.imgur.com/CWZEq1J.jpg');
INSERT INTO notes VALUES('ba2dd192-1d13-48cd-bf50-687719e76a93', 'be4c21a8-f0d6-458c-bb73-f7e9c497eca1', 'Imp Tower, jump around the tower instead of going up', 1);
INSERT INTO entities VALUES ('fafde3f2-76bc-4c8a-9854-8e1652afe178', 'Heidel Chest 5');
INSERT INTO entityEntityTypeXrefs VALUES ('6c30e950-4aab-43c2-aae9-685e2b12fc6b', 'fafde3f2-76bc-4c8a-9854-8e1652afe178', '54e06445-72dc-48ca-b870-9aa3518b4af5');
INSERT INTO markers VALUES ('6d6b7537-51d3-44cc-be61-159100903370', 'fafde3f2-76bc-4c8a-9854-8e1652afe178', -78.20656311, -83.84765625, '5639f780-e688-4d7b-87ff-fd5d8bcb9010');
INSERT INTO images VALUES('7bc70e32-ad25-4477-939d-7a194347a674', 'fafde3f2-76bc-4c8a-9854-8e1652afe178', 'http://i.imgur.com/IPCqf3y.jpg');
INSERT INTO notes VALUES('8bc7dbeb-9cb2-45d0-8be1-74076bdafa8c', 'fafde3f2-76bc-4c8a-9854-8e1652afe178', 'Next to a tent at the swamp.', 1);
INSERT INTO entities VALUES ('5b88f91f-3ba9-49e0-bc4a-e613b5451b08', 'Heidel Chest 6');
INSERT INTO entityEntityTypeXrefs VALUES ('9db8e111-eb15-476a-8036-d3228aaebcb7', '5b88f91f-3ba9-49e0-bc4a-e613b5451b08', '54e06445-72dc-48ca-b870-9aa3518b4af5');
INSERT INTO markers VALUES ('ddeee3c9-253c-41c2-b809-8e23955920cb', '5b88f91f-3ba9-49e0-bc4a-e613b5451b08', -78.07561686, -81.82617187, '5639f780-e688-4d7b-87ff-fd5d8bcb9010');
INSERT INTO notes VALUES('156767df-2183-422f-9c16-e532e51ab0d8', '5b88f91f-3ba9-49e0-bc4a-e613b5451b08', 'Inside of a broken house.', 1);
INSERT INTO entities VALUES ('30d8199d-bb08-4a25-9a1d-26ccfb3c5de0', 'Heidel Chest 7');
INSERT INTO entityEntityTypeXrefs VALUES ('fd164e75-0109-4e71-be53-f5fd0c8451bf', '30d8199d-bb08-4a25-9a1d-26ccfb3c5de0', '54e06445-72dc-48ca-b870-9aa3518b4af5');
INSERT INTO markers VALUES ('90bdc704-0ac8-4525-ad02-c359d0c5f220', '30d8199d-bb08-4a25-9a1d-26ccfb3c5de0', -79.48462865, -78.90380859, '5639f780-e688-4d7b-87ff-fd5d8bcb9010');
INSERT INTO notes VALUES('b33720f0-80c4-47bc-91c4-4c6676105c8c', '30d8199d-bb08-4a25-9a1d-26ccfb3c5de0', 'On the dock.', 1);
INSERT INTO entities VALUES ('23b46821-849f-4991-852f-840de1b94678', 'Heidel Chest 8');
INSERT INTO entityEntityTypeXrefs VALUES ('03020a4a-8718-4c14-ab80-22ee0ce7e2f1', '23b46821-849f-4991-852f-840de1b94678', '54e06445-72dc-48ca-b870-9aa3518b4af5');
INSERT INTO markers VALUES ('ea6572d3-117f-4537-9c2c-86b3244b9732', '23b46821-849f-4991-852f-840de1b94678', -79.51666027, -77.49755859, '5639f780-e688-4d7b-87ff-fd5d8bcb9010');
INSERT INTO notes VALUES('520398ad-5313-496c-8e60-30723d10a740', '23b46821-849f-4991-852f-840de1b94678', 'Next to a tree.', 1);
INSERT INTO entities VALUES ('ff1c7d9a-7fe0-42ea-afc5-29a4d573ebc4', 'Heidel Chest 9');
INSERT INTO entityEntityTypeXrefs VALUES ('fb7866d9-2140-4237-9ea3-94a9467fcd55', 'ff1c7d9a-7fe0-42ea-afc5-29a4d573ebc4', '54e06445-72dc-48ca-b870-9aa3518b4af5');
INSERT INTO markers VALUES ('56210807-87a8-4fdd-93f7-88cb7a74f6a9', 'ff1c7d9a-7fe0-42ea-afc5-29a4d573ebc4', -80.26082765, -55.45898438, '5639f780-e688-4d7b-87ff-fd5d8bcb9010');
INSERT INTO entities VALUES ('3358a56e-b77e-4827-808d-f7380b061cd2', 'Hexe Sanctuary Chest 1');
INSERT INTO entityEntityTypeXrefs VALUES ('dcc1aa2c-e432-48b5-a9fb-d2505741d8ed', '3358a56e-b77e-4827-808d-f7380b061cd2', '54e06445-72dc-48ca-b870-9aa3518b4af5');
INSERT INTO markers VALUES ('b87217c7-04e7-4832-b145-25a87d88de70', '3358a56e-b77e-4827-808d-f7380b061cd2', -84.28908, -119.77295, '5639f780-e688-4d7b-87ff-fd5d8bcb9010');
INSERT INTO images VALUES('3c92cde4-fffe-4996-b4c4-62bd05c9175b', '3358a56e-b77e-4827-808d-f7380b061cd2', 'http://i.imgur.com/0LTCoPa.jpg');
INSERT INTO notes VALUES('0297264f-6376-48ed-92c6-554d9d2f7426', '3358a56e-b77e-4827-808d-f7380b061cd2', 'In a camp area.', 1);
INSERT INTO entities VALUES ('52ec38c5-d104-4263-931c-4b3fc5aa70b3', 'Kelphan Chest 1');
INSERT INTO entityEntityTypeXrefs VALUES ('622a540f-1c56-470a-8ada-68b36403978e', '52ec38c5-d104-4263-931c-4b3fc5aa70b3', '54e06445-72dc-48ca-b870-9aa3518b4af5');
INSERT INTO markers VALUES ('a0685678-170d-429e-926d-094c0241b1fe', '52ec38c5-d104-4263-931c-4b3fc5aa70b3', -82.73487099, -115.0708008, '5639f780-e688-4d7b-87ff-fd5d8bcb9010');
INSERT INTO notes VALUES('e012ffc4-a753-465a-9f3f-b472b83d0442', '52ec38c5-d104-4263-931c-4b3fc5aa70b3', 'Behind the cages.', 1);
INSERT INTO entities VALUES ('c455ccb4-5b6a-485f-ac91-47f022038365', 'Kelphan Chest 2');
INSERT INTO entityEntityTypeXrefs VALUES ('82c2648f-a47f-4f6d-ac71-f1c2e662a61a', 'c455ccb4-5b6a-485f-ac91-47f022038365', '54e06445-72dc-48ca-b870-9aa3518b4af5');
INSERT INTO markers VALUES ('c89bf870-7e68-4e57-b46c-1ae0ea23b7ce', 'c455ccb4-5b6a-485f-ac91-47f022038365', -80.65060498, -111.8188477, '5639f780-e688-4d7b-87ff-fd5d8bcb9010');
INSERT INTO notes VALUES('3be30108-113c-470a-bdbc-6813504e347c', 'c455ccb4-5b6a-485f-ac91-47f022038365', 'Under the platform on the tower.', 1);
INSERT INTO entities VALUES ('4c250b3e-bbab-4506-97f0-3fec195ff99d', 'Kelphan Chest 3');
INSERT INTO entityEntityTypeXrefs VALUES ('15bfadbe-afd2-4275-bb1c-4742ae5a36dc', '4c250b3e-bbab-4506-97f0-3fec195ff99d', '54e06445-72dc-48ca-b870-9aa3518b4af5');
INSERT INTO markers VALUES ('3302ba2d-c045-4ccf-a023-71ae8c113b6d', '4c250b3e-bbab-4506-97f0-3fec195ff99d', -80.93535185, -110.6982422, '5639f780-e688-4d7b-87ff-fd5d8bcb9010');
INSERT INTO notes VALUES('2ebefacc-ab0a-421d-9827-880b2dc2d4ce', '4c250b3e-bbab-4506-97f0-3fec195ff99d', 'In the maze behind the node manager.', 1);
INSERT INTO entities VALUES ('23908037-14b6-47b1-8664-cab230f79f1f', 'Kzarka Chest 1');
INSERT INTO entityEntityTypeXrefs VALUES ('a0153fe8-3819-46ef-a896-85cec13a27b3', '23908037-14b6-47b1-8664-cab230f79f1f', '54e06445-72dc-48ca-b870-9aa3518b4af5');
INSERT INTO markers VALUES ('7d53040c-fd50-4de1-b475-3943e7f2c897', '23908037-14b6-47b1-8664-cab230f79f1f', -82.14545, -67.4166, '5639f780-e688-4d7b-87ff-fd5d8bcb9010');
INSERT INTO notes VALUES('7a60a822-de6d-4939-b595-bfb6defc880b', '23908037-14b6-47b1-8664-cab230f79f1f', 'Upstairs hidden behind the box.', 1);
INSERT INTO entities VALUES ('c3ad10d9-1a6c-4f43-8ccc-985195d04624', 'Red Orc Chest 1');
INSERT INTO entityEntityTypeXrefs VALUES ('9e971466-5892-4889-98cd-30a212a35baa', 'c3ad10d9-1a6c-4f43-8ccc-985195d04624', '54e06445-72dc-48ca-b870-9aa3518b4af5');
INSERT INTO markers VALUES ('941dc426-b167-470c-96af-9f73351227f5', 'c3ad10d9-1a6c-4f43-8ccc-985195d04624', -79.22898, -93.20801, '5639f780-e688-4d7b-87ff-fd5d8bcb9010');
INSERT INTO images VALUES('1cbcbb0c-fa7c-4ab8-8685-7955b1150fc1', 'c3ad10d9-1a6c-4f43-8ccc-985195d04624', 'http://i.imgur.com/C8x38mx.jpg');
INSERT INTO notes VALUES('8aeaffb8-d79c-4a48-9e5c-220ee2650fc5', 'c3ad10d9-1a6c-4f43-8ccc-985195d04624', 'In broken house by the node.', 1);
INSERT INTO entities VALUES ('3d86b61c-d4d5-4481-8645-e47da5d0de2d', 'Red Orc Chest 2');
INSERT INTO entityEntityTypeXrefs VALUES ('f9c3024a-fd42-4530-976d-fc73f01927fe', '3d86b61c-d4d5-4481-8645-e47da5d0de2d', '54e06445-72dc-48ca-b870-9aa3518b4af5');
INSERT INTO markers VALUES ('1db83ac4-12fe-4101-8c5e-aa542b312f92', '3d86b61c-d4d5-4481-8645-e47da5d0de2d', -79.92823592, -94.54833984, '5639f780-e688-4d7b-87ff-fd5d8bcb9010');
INSERT INTO images VALUES('a7d87675-6d1b-481a-9b28-4c504c757b1a', '3d86b61c-d4d5-4481-8645-e47da5d0de2d', 'http://i.imgur.com/0tilfzD.jpg');
INSERT INTO notes VALUES('9a38f97b-3db0-4a24-b75d-96b78f1fb897', '3d86b61c-d4d5-4481-8645-e47da5d0de2d', 'In what appears to be a broken wagon of goods.', 1);
INSERT INTO entities VALUES ('591c6ab5-f8ee-45f6-b413-56906b4386f7', 'Red Orc Chest 3');
INSERT INTO entityEntityTypeXrefs VALUES ('6867bea2-7755-47dd-8f75-50f9645e2e86', '591c6ab5-f8ee-45f6-b413-56906b4386f7', '54e06445-72dc-48ca-b870-9aa3518b4af5');
INSERT INTO markers VALUES ('d4e1b26d-c41f-4e65-af89-9793bf398ef2', '591c6ab5-f8ee-45f6-b413-56906b4386f7', -80.77824, -90.50537, '5639f780-e688-4d7b-87ff-fd5d8bcb9010');
INSERT INTO images VALUES('64999764-db48-4ea4-9e0c-17d96fd2f2a4', '591c6ab5-f8ee-45f6-b413-56906b4386f7', 'http://i.imgur.com/6afZ84D.jpg');
INSERT INTO notes VALUES('87b9613f-d741-4e19-8267-c832465da962', '591c6ab5-f8ee-45f6-b413-56906b4386f7', 'In a pile of junk by the broken wall/gate?', 1);
INSERT INTO entities VALUES ('649c2e3b-1ab1-469a-b3bc-8e1b703e0573', 'Stone Miner Chest 1');
INSERT INTO entityEntityTypeXrefs VALUES ('66dce0cf-ee6d-42b4-9525-f2ebfff79608', '649c2e3b-1ab1-469a-b3bc-8e1b703e0573', '54e06445-72dc-48ca-b870-9aa3518b4af5');
INSERT INTO markers VALUES ('7df41d12-17ac-4156-b8eb-f7cd6f66e530', '649c2e3b-1ab1-469a-b3bc-8e1b703e0573', -79.41623981, -99.53613281, '5639f780-e688-4d7b-87ff-fd5d8bcb9010');
INSERT INTO notes VALUES('a9c4d0aa-0726-4a4b-a50e-ec9bf652e5be', '649c2e3b-1ab1-469a-b3bc-8e1b703e0573', 'Located next to a cart of ore.', 1);
INSERT INTO entities VALUES ('0ea84209-e32a-48a6-b6ae-224180516ec7', 'Velia Chest 1');
INSERT INTO entityEntityTypeXrefs VALUES ('8fa7bbb4-bed4-40a2-840a-ce28ccba0131', '0ea84209-e32a-48a6-b6ae-224180516ec7', '54e06445-72dc-48ca-b870-9aa3518b4af5');
INSERT INTO markers VALUES ('af34696a-4e3f-49b4-90cd-0d1397a0ca3d', '0ea84209-e32a-48a6-b6ae-224180516ec7', -70.50291, -72.3999, '5639f780-e688-4d7b-87ff-fd5d8bcb9010');
INSERT INTO images VALUES('559b6081-d6f5-4385-afc6-93881ed346ce', '0ea84209-e32a-48a6-b6ae-224180516ec7', 'http://i.imgur.com/iExHD1I.jpg');
INSERT INTO notes VALUES('0efd5222-f99c-48ef-9bbf-ac6f18bd65db', '0ea84209-e32a-48a6-b6ae-224180516ec7', 'In the broken cement wall.', 1);
INSERT INTO entities VALUES ('734910de-de58-4b32-9263-69653ff5a0f5', 'Velia Chest 10');
INSERT INTO entityEntityTypeXrefs VALUES ('22cf4b45-bcff-484d-aa4b-3d0c39064e5e', '734910de-de58-4b32-9263-69653ff5a0f5', '54e06445-72dc-48ca-b870-9aa3518b4af5');
INSERT INTO markers VALUES ('1138bbb7-6aad-4979-be71-ccd7141defaf', '734910de-de58-4b32-9263-69653ff5a0f5', -72.0536115, -83.84765625, '5639f780-e688-4d7b-87ff-fd5d8bcb9010');
INSERT INTO notes VALUES('8547743c-eb92-4778-8ea6-2551000e9de3', '734910de-de58-4b32-9263-69653ff5a0f5', 'At the edge/under the platform.', 1);
INSERT INTO entities VALUES ('c3651a90-880e-497d-8c98-d0d332005bdf', 'Velia Chest 11');
INSERT INTO entityEntityTypeXrefs VALUES ('329815fd-3a26-422f-96ca-e6c8005e6d32', 'c3651a90-880e-497d-8c98-d0d332005bdf', '54e06445-72dc-48ca-b870-9aa3518b4af5');
INSERT INTO markers VALUES ('87333f25-d7d7-4a1c-93ba-bc4479ddb627', 'c3651a90-880e-497d-8c98-d0d332005bdf', -71.89454674, -84.58486328, '5639f780-e688-4d7b-87ff-fd5d8bcb9010');
INSERT INTO notes VALUES('dd902d26-cbe6-4ac7-a4da-47a2c4af2c04', 'c3651a90-880e-497d-8c98-d0d332005bdf', 'Under the Red Nose platform.', 1);
INSERT INTO entities VALUES ('a4b0567f-4b9c-4b9b-88a9-9fc30982b20c', 'Velia Chest 2');
INSERT INTO entityEntityTypeXrefs VALUES ('66b72d40-2731-4db2-84b0-3dc78f3d559b', 'a4b0567f-4b9c-4b9b-88a9-9fc30982b20c', '54e06445-72dc-48ca-b870-9aa3518b4af5');
INSERT INTO markers VALUES ('e23e6d51-3b03-4cd0-9cbf-b472e65a9914', 'a4b0567f-4b9c-4b9b-88a9-9fc30982b20c', -70.69269, -69.06006, '5639f780-e688-4d7b-87ff-fd5d8bcb9010');
INSERT INTO images VALUES('43959300-d5d1-4c16-95d4-9f36d2815cca', 'a4b0567f-4b9c-4b9b-88a9-9fc30982b20c', 'http://i.imgur.com/MEsDaGe.jpg');
INSERT INTO notes VALUES('ecc2a83c-de0b-4dcb-aea9-ca758b669812', 'a4b0567f-4b9c-4b9b-88a9-9fc30982b20c', 'Inside crumbling house.', 1);
INSERT INTO entities VALUES ('6748ea16-f37c-45f7-b655-7d3bb35e92ee', 'Velia Chest 3');
INSERT INTO entityEntityTypeXrefs VALUES ('4d46a379-5adf-46e6-862c-1012626558c7', '6748ea16-f37c-45f7-b655-7d3bb35e92ee', '54e06445-72dc-48ca-b870-9aa3518b4af5');
INSERT INTO markers VALUES ('5b421204-888e-4b20-9ab5-36d7df0fc43e', '6748ea16-f37c-45f7-b655-7d3bb35e92ee', -69.9303, -67.23633, '5639f780-e688-4d7b-87ff-fd5d8bcb9010');
INSERT INTO images VALUES('526aef63-d88b-4039-a6fd-b9c63f63bb8b', '6748ea16-f37c-45f7-b655-7d3bb35e92ee', 'http://i.imgur.com/3crkTsX.jpg');
INSERT INTO notes VALUES('cfafce97-2b2a-4589-a9fb-b18f4451ae08', '6748ea16-f37c-45f7-b655-7d3bb35e92ee', 'In a portion of a wall.', 1);
INSERT INTO entities VALUES ('6afedeae-de0a-4092-abc3-f65f1ac500c1', 'Velia Chest 4');
INSERT INTO entityEntityTypeXrefs VALUES ('4a22e518-948f-4e29-920b-74527ea12b9d', '6afedeae-de0a-4092-abc3-f65f1ac500c1', '54e06445-72dc-48ca-b870-9aa3518b4af5');
INSERT INTO markers VALUES ('eafffb4e-63e3-4138-8248-c4720958220f', '6afedeae-de0a-4092-abc3-f65f1ac500c1', -71.51794, -63.19336, '5639f780-e688-4d7b-87ff-fd5d8bcb9010');
INSERT INTO images VALUES('5394890b-2f88-4e7d-9b48-a58168feda6c', '6afedeae-de0a-4092-abc3-f65f1ac500c1', 'http://i.imgur.com/E3ecNzU.jpg');
INSERT INTO notes VALUES('3abfe815-09e4-4de7-91fe-38700838ce60', '6afedeae-de0a-4092-abc3-f65f1ac500c1', 'On top of a barrel by the node manager.', 1);
INSERT INTO entities VALUES ('7d648a58-aec4-4c8d-a07e-f82b81b884b9', 'Velia Chest 5');
INSERT INTO entityEntityTypeXrefs VALUES ('44d13792-8790-477a-b07b-c72750c1e124', '7d648a58-aec4-4c8d-a07e-f82b81b884b9', '54e06445-72dc-48ca-b870-9aa3518b4af5');
INSERT INTO markers VALUES ('f6ab2197-095c-40ac-9a13-886d26434956', '7d648a58-aec4-4c8d-a07e-f82b81b884b9', -69.83962, -67.56592, '5639f780-e688-4d7b-87ff-fd5d8bcb9010');
INSERT INTO images VALUES('5353c8d2-9b48-4935-ae66-bf1f9485f37a', '7d648a58-aec4-4c8d-a07e-f82b81b884b9', 'http://i.imgur.com/VOkSlvV.jpg');
INSERT INTO notes VALUES('6b666d67-13a1-40aa-b639-70dc676302f4', '7d648a58-aec4-4c8d-a07e-f82b81b884b9', 'In the wall by the node manager.', 1);
INSERT INTO entities VALUES ('7d6f7776-1e0d-482b-a9bb-3538c08d190c', 'Velia Chest 6');
INSERT INTO entityEntityTypeXrefs VALUES ('6354052a-b879-434a-94d8-2a7039d9ef91', '7d6f7776-1e0d-482b-a9bb-3538c08d190c', '54e06445-72dc-48ca-b870-9aa3518b4af5');
INSERT INTO markers VALUES ('3b6452a3-29a8-480c-94b6-a5ceaf41e138', '7d6f7776-1e0d-482b-a9bb-3538c08d190c', -70.77244297, -68.09326172, '5639f780-e688-4d7b-87ff-fd5d8bcb9010');
INSERT INTO images VALUES('6b6305d2-a758-4b72-840e-33c958019eab', '7d6f7776-1e0d-482b-a9bb-3538c08d190c', 'http://i.imgur.com/zCiy1Ld.jpg');
INSERT INTO notes VALUES('e12225eb-fc24-48bf-ae18-ed4e3576e727', '7d6f7776-1e0d-482b-a9bb-3538c08d190c', 'In a smaller destroyed house within a larger section of distroyed buildings.', 1);
INSERT INTO entities VALUES ('08c8fb15-00ac-4dd9-b919-e4f34dbab706', 'Velia Chest 7');
INSERT INTO entityEntityTypeXrefs VALUES ('7a57388f-2b4b-494a-88fa-e917d85577ba', '08c8fb15-00ac-4dd9-b919-e4f34dbab706', '54e06445-72dc-48ca-b870-9aa3518b4af5');
INSERT INTO markers VALUES ('d356254d-5c90-4ef7-a615-4b505cd887a9', '08c8fb15-00ac-4dd9-b919-e4f34dbab706', -72.82905217, -64.95117188, '5639f780-e688-4d7b-87ff-fd5d8bcb9010');
INSERT INTO images VALUES('6b39ceb5-6369-45dd-8cfd-b7de8fe9d51e', '08c8fb15-00ac-4dd9-b919-e4f34dbab706', 'http://i.imgur.com/pJ7212K.jpg');
INSERT INTO notes VALUES('c03cf7f1-d8e3-43d8-bd1e-0e80c672bfa3', '08c8fb15-00ac-4dd9-b919-e4f34dbab706', 'In a back corner of one of the goblin camps between some crates.', 1);
INSERT INTO entities VALUES ('ce5a1ae2-121b-4e67-bf07-e1e9d007ceb2', 'Velia Chest 8');
INSERT INTO entityEntityTypeXrefs VALUES ('fd679224-ffa4-4357-9967-d4d719902837', 'ce5a1ae2-121b-4e67-bf07-e1e9d007ceb2', '54e06445-72dc-48ca-b870-9aa3518b4af5');
INSERT INTO markers VALUES ('13c52920-feb1-4941-929c-74b30710fd27', 'ce5a1ae2-121b-4e67-bf07-e1e9d007ceb2', -73.00333329, -83.25439453, '5639f780-e688-4d7b-87ff-fd5d8bcb9010');
INSERT INTO notes VALUES('fd300f88-5589-4188-a34f-59bac7e645f2', 'ce5a1ae2-121b-4e67-bf07-e1e9d007ceb2', 'Inside the imp cave.', 1);
INSERT INTO entities VALUES ('55fd9d3a-7b9b-4dbf-b125-371a632515ad', 'Velia Chest 9');
INSERT INTO entityEntityTypeXrefs VALUES ('43464fc5-b185-4303-aa6a-c64b9e1a8ff3', '55fd9d3a-7b9b-4dbf-b125-371a632515ad', '54e06445-72dc-48ca-b870-9aa3518b4af5');
INSERT INTO markers VALUES ('b4eaecee-26f8-4161-a710-3a764d5c2cdf', '55fd9d3a-7b9b-4dbf-b125-371a632515ad', -72.32245873, -86.30859375, '5639f780-e688-4d7b-87ff-fd5d8bcb9010');
INSERT INTO notes VALUES('532a28bb-c550-4943-9aeb-502a86e87bf6', '55fd9d3a-7b9b-4dbf-b125-371a632515ad', 'Next to the wall.', 1);
INSERT INTO entities VALUES ('c39ae208-270a-4a4d-bc89-677d6d7dc6e8', 'Western Guard Camp Chest 1');
INSERT INTO entityEntityTypeXrefs VALUES ('27d5a90a-1ee7-4467-b1f0-019c5f794f51', 'c39ae208-270a-4a4d-bc89-677d6d7dc6e8', '54e06445-72dc-48ca-b870-9aa3518b4af5');
INSERT INTO markers VALUES ('52670c2c-90ba-46fb-9e41-68173acef1b6', 'c39ae208-270a-4a4d-bc89-677d6d7dc6e8', -77.0787839, -93.1640625, '5639f780-e688-4d7b-87ff-fd5d8bcb9010');
INSERT INTO notes VALUES('2b36106a-e11c-4be1-8a7d-4a53a35c42f9', 'c39ae208-270a-4a4d-bc89-677d6d7dc6e8', 'Located next to a tent.', 1);
INSERT INTO entities VALUES ('a4214083-efcc-4047-be51-f2384401d617', 'Western Guard Camp Chest 2');
INSERT INTO entityEntityTypeXrefs VALUES ('65cea4cf-96e0-4e1a-9ea4-31bcfc0d7f02', 'a4214083-efcc-4047-be51-f2384401d617', '54e06445-72dc-48ca-b870-9aa3518b4af5');
INSERT INTO markers VALUES ('0793b216-08d9-49d2-adfb-03fa51ec7e3f', 'a4214083-efcc-4047-be51-f2384401d617', -76.09551693, -103.7329102, '5639f780-e688-4d7b-87ff-fd5d8bcb9010');
INSERT INTO notes VALUES('ca97b716-f19f-42dc-bf35-c7e3afd3dcb0', 'a4214083-efcc-4047-be51-f2384401d617', 'Located in front of the red flag.', 1);
INSERT INTO entities VALUES ('eaf78d79-748c-4724-81eb-6ec2679c0939', 'Velia Chest 12');
INSERT INTO entityEntityTypeXrefs VALUES ('baf88818-4a05-4c04-98d5-2af918bd1d04', 'eaf78d79-748c-4724-81eb-6ec2679c0939', '54e06445-72dc-48ca-b870-9aa3518b4af5');
INSERT INTO markers VALUES ('c055a646-0516-4060-80a4-6c2d36ca0c03', 'eaf78d79-748c-4724-81eb-6ec2679c0939', -72.50172235, -84.24316406, '5639f780-e688-4d7b-87ff-fd5d8bcb9010');
INSERT INTO images VALUES('8205f321-a3cf-4828-a33c-31fee20d1431', 'eaf78d79-748c-4724-81eb-6ec2679c0939', 'http://imgur.com/5foaCVZ.jpg');
INSERT INTO notes VALUES('34155354-ef10-4554-b011-846a04701be4', 'eaf78d79-748c-4724-81eb-6ec2679c0939', 'Inside the imp cave (entered north of the chest in the hairpin in the road along the coast to the north). Located in a secret cove off on a right hand hairpin as you enter the first large room', 1);
INSERT INTO entities VALUES ('4fb859d8-288d-47bc-a751-fa44f68f0f9a', 'Heidel Chest 10');
INSERT INTO entityEntityTypeXrefs VALUES ('abf0236b-0c61-42d8-88b1-62eeb9ef1bde', '4fb859d8-288d-47bc-a751-fa44f68f0f9a', '54e06445-72dc-48ca-b870-9aa3518b4af5');
INSERT INTO markers VALUES ('cf0d5d89-4b9b-433e-ad8e-050bafe015db', '4fb859d8-288d-47bc-a751-fa44f68f0f9a', -77.58468407, -59.12841797, '5639f780-e688-4d7b-87ff-fd5d8bcb9010');
INSERT INTO images VALUES('2bc60395-99bf-4b71-bced-3fe81d67ada4', '4fb859d8-288d-47bc-a751-fa44f68f0f9a', 'http://i.imgur.com/wUBXAUT.png');
INSERT INTO notes VALUES('f43e7f3e-088f-462c-a29f-866b06be4724', '4fb859d8-288d-47bc-a751-fa44f68f0f9a', 'Inside shed.', 1);
INSERT INTO entities VALUES ('ff68b90b-703d-457a-8563-6e80cddd4fb8', 'Velia Chest 10');
INSERT INTO entityEntityTypeXrefs VALUES ('5eac2dd4-36e2-4e3f-9251-de459ded1e7c', 'ff68b90b-703d-457a-8563-6e80cddd4fb8', '54e06445-72dc-48ca-b870-9aa3518b4af5');
INSERT INTO markers VALUES ('5eda4286-7468-4a4c-a159-dfda8e20163b', 'ff68b90b-703d-457a-8563-6e80cddd4fb8', -71.00981101, -65.96191406, '5639f780-e688-4d7b-87ff-fd5d8bcb9010');
INSERT INTO images VALUES('69c6ab9b-98a4-455d-98ce-fb544c4a1b20', 'ff68b90b-703d-457a-8563-6e80cddd4fb8', 'http://i.imgur.com/3wHt13y.jpg');
INSERT INTO entityTypes VALUES ('fad68042-616d-4145-9d6d-60c20873e1eb', NULL, 'Boss Spawns', TRUE);
INSERT INTO entities VALUES ('033a0c2e-c8ba-4cdd-9df1-596cfc367fc1', 'Altar Imp');
INSERT INTO entityEntityTypeXrefs VALUES ('2d32b08c-79cf-42e3-b97d-c195495c330b', '033a0c2e-c8ba-4cdd-9df1-596cfc367fc1', 'fad68042-616d-4145-9d6d-60c20873e1eb');
INSERT INTO markers VALUES ('3e12be32-766b-4ca6-ad2a-8f7ff4d8abc9', '033a0c2e-c8ba-4cdd-9df1-596cfc367fc1', -77.91107, -82.59521, 'e6b233b8-aff3-4550-8f6c-9a4c8dd26c6e');
INSERT INTO notes VALUES('85819505-4f27-4bfa-96b2-48e03e90e9ff', '033a0c2e-c8ba-4cdd-9df1-596cfc367fc1', 'Scroll Boss: Altar Imp', 1);
INSERT INTO entities VALUES ('cc7e888e-ab07-4a1c-870c-e6b80e3e2fae', 'Altar Imp');
INSERT INTO entityEntityTypeXrefs VALUES ('cd9ec886-5e1b-40dc-bdc9-41354aac7ab5', 'cc7e888e-ab07-4a1c-870c-e6b80e3e2fae', 'fad68042-616d-4145-9d6d-60c20873e1eb');
INSERT INTO circles VALUES ('17419730-457e-4069-a484-fd9a8e6f8860', 'cc7e888e-ab07-4a1c-870c-e6b80e3e2fae', -77.91107, -82.59521, 11000, 'red', 'red');
INSERT INTO notes VALUES('f4341610-4735-461d-80ea-fc3180bfe084', 'cc7e888e-ab07-4a1c-870c-e6b80e3e2fae', 'Scroll Boss: Altar Imp', 1);
INSERT INTO entities VALUES ('0e6bc4e1-3704-4ebf-bbb6-dca979595f52', 'Ancient Relic Crystal');
INSERT INTO entityEntityTypeXrefs VALUES ('428ba102-52a9-43e4-8909-1071e52ff4ab', '0e6bc4e1-3704-4ebf-bbb6-dca979595f52', 'fad68042-616d-4145-9d6d-60c20873e1eb');
INSERT INTO markers VALUES ('4f880c9d-af77-4f6f-aecd-47cad84c0db7', '0e6bc4e1-3704-4ebf-bbb6-dca979595f52', -82.34703, -124.98047, 'e6b233b8-aff3-4550-8f6c-9a4c8dd26c6e');
INSERT INTO notes VALUES('d4e2b680-e1c0-4345-8436-e472d9f80aa4', '0e6bc4e1-3704-4ebf-bbb6-dca979595f52', 'Scroll Boss: Ancient Relic Crystal', 1);
INSERT INTO entities VALUES ('1df18dad-018f-4328-9a75-fb4162c825fa', 'Ancient Relic Crystal');
INSERT INTO entityEntityTypeXrefs VALUES ('2be637f7-78cf-4b48-8334-a7ce7bfa9478', '1df18dad-018f-4328-9a75-fb4162c825fa', 'fad68042-616d-4145-9d6d-60c20873e1eb');
INSERT INTO circles VALUES ('6b4ff1b3-eb13-4694-9d63-d0fa12cfa8aa', '1df18dad-018f-4328-9a75-fb4162c825fa', -82.34703, -124.98047, 11000, 'red', 'red');
INSERT INTO notes VALUES('6b4768cb-86a0-439d-ae20-ffed1cbf629a', '1df18dad-018f-4328-9a75-fb4162c825fa', 'Scroll Boss: Ancient Relic Crystal', 1);
INSERT INTO entities VALUES ('193f463f-4a5c-48fd-9244-3f7449730788', 'Fearful Witch');
INSERT INTO entityEntityTypeXrefs VALUES ('3df6e492-3a98-465d-a479-f9c24559d2da', '193f463f-4a5c-48fd-9244-3f7449730788', 'fad68042-616d-4145-9d6d-60c20873e1eb');
INSERT INTO markers VALUES ('792a397d-ea66-42ca-9762-cac3c664af91', '193f463f-4a5c-48fd-9244-3f7449730788', -84.61197, -113.11523, 'e6b233b8-aff3-4550-8f6c-9a4c8dd26c6e');
INSERT INTO images VALUES('c56906b9-e2e3-43c9-beca-21d8620fb767', '193f463f-4a5c-48fd-9244-3f7449730788', 'http://i.imgur.com/GBAKwq3.png');
INSERT INTO notes VALUES('9c338b38-791a-42ea-b00b-8bff7d56f175', '193f463f-4a5c-48fd-9244-3f7449730788', 'Scroll Boss: Fearful Witch', 1);
INSERT INTO entities VALUES ('81706d3e-40a6-4a40-a7cf-77aa682d384d', 'Fearful Witch');
INSERT INTO entityEntityTypeXrefs VALUES ('656ac5d7-afef-4d19-b24e-9761c8935c5e', '81706d3e-40a6-4a40-a7cf-77aa682d384d', 'fad68042-616d-4145-9d6d-60c20873e1eb');
INSERT INTO circles VALUES ('cf3995a6-8cbc-44e6-a353-fd05c16ea5cf', '81706d3e-40a6-4a40-a7cf-77aa682d384d', -84.61197, -113.11523, 11000, 'red', 'red');
INSERT INTO images VALUES('250abe56-727b-43be-8152-c685558a2f52', '81706d3e-40a6-4a40-a7cf-77aa682d384d', 'http://i.imgur.com/GBAKwq3.png');
INSERT INTO notes VALUES('10c6bb18-d6de-43fc-962a-5ec923c067eb', '81706d3e-40a6-4a40-a7cf-77aa682d384d', 'Scroll Boss: Fearful Witch', 1);
INSERT INTO entities VALUES ('a69fed5c-0e08-47b7-912d-e50e27c27b4c', 'Goblin Chief');
INSERT INTO entityEntityTypeXrefs VALUES ('2f3aff45-598f-49a2-bda3-36da7cd76d20', 'a69fed5c-0e08-47b7-912d-e50e27c27b4c', 'fad68042-616d-4145-9d6d-60c20873e1eb');
INSERT INTO markers VALUES ('bcaaa3d3-1b3b-4997-bd91-186270f58d47', 'a69fed5c-0e08-47b7-912d-e50e27c27b4c', -74.12206, -62.33643, 'e6b233b8-aff3-4550-8f6c-9a4c8dd26c6e');
INSERT INTO images VALUES('e1d84113-ea7a-4762-b234-bc504dd0fcc0', 'a69fed5c-0e08-47b7-912d-e50e27c27b4c', 'http://i.imgur.com/vuT22QS.png');
INSERT INTO notes VALUES('4e8023ca-314f-489f-8366-cc95076a6c4d', 'a69fed5c-0e08-47b7-912d-e50e27c27b4c', 'Scroll Boss: Goblin Cheif', 1);
INSERT INTO entities VALUES ('a123f325-f518-40c0-b8dd-39308b3232c6', 'Goblin Chief');
INSERT INTO entityEntityTypeXrefs VALUES ('c7dac850-5111-4352-a1e3-42d457489bb2', 'a123f325-f518-40c0-b8dd-39308b3232c6', 'fad68042-616d-4145-9d6d-60c20873e1eb');
INSERT INTO circles VALUES ('db664956-943f-4aaa-abbe-c66059fb73de', 'a123f325-f518-40c0-b8dd-39308b3232c6', -74.12206, -62.33643, 11000, 'red', 'red');
INSERT INTO images VALUES('eb332d51-d1e0-4f54-9484-47cb7034eb2e', 'a123f325-f518-40c0-b8dd-39308b3232c6', 'http://i.imgur.com/vuT22QS.png');
INSERT INTO notes VALUES('a2455606-5ca7-4019-8588-b55d3a62f3c1', 'a123f325-f518-40c0-b8dd-39308b3232c6', 'Scroll Boss: Goblin Cheif', 1);
INSERT INTO entities VALUES ('3cb9c3c7-3e2e-4cd6-bd03-9afe98fca767', 'Kzarka');
INSERT INTO entityEntityTypeXrefs VALUES ('6e5fa26f-25e7-4cd9-86de-64e01eb7fdaf', '3cb9c3c7-3e2e-4cd6-bd03-9afe98fca767', 'fad68042-616d-4145-9d6d-60c20873e1eb');
INSERT INTO markers VALUES ('2566b10b-491d-482d-bc84-20488303be6a', '3cb9c3c7-3e2e-4cd6-bd03-9afe98fca767', -82.14545, -67.0166, 'e6b233b8-aff3-4550-8f6c-9a4c8dd26c6e');
INSERT INTO notes VALUES('64fc27b7-8605-46fd-b1e9-2766aa9886d2', '3cb9c3c7-3e2e-4cd6-bd03-9afe98fca767', 'Inside of Serendia Shrine. 8-12 hour spawn timer, and a 5 minute announcement before spawning.', 1);
INSERT INTO entities VALUES ('15f5d6e9-8f9a-4866-b483-00fce6212ed2', 'Kzarka');
INSERT INTO entityEntityTypeXrefs VALUES ('f4c707be-f353-44a5-8318-5cd1544eb7b7', '15f5d6e9-8f9a-4866-b483-00fce6212ed2', 'fad68042-616d-4145-9d6d-60c20873e1eb');
INSERT INTO circles VALUES ('99825f15-6e48-4451-b921-3ba5198495e1', '15f5d6e9-8f9a-4866-b483-00fce6212ed2', -82.14545, -67.0166, 11000, 'red', 'red');
INSERT INTO notes VALUES('45526002-0233-4f8a-9548-a0f153d0a996', '15f5d6e9-8f9a-4866-b483-00fce6212ed2', 'Inside of Serendia Shrine. 8-12 hour spawn timer, and a 5 minute announcement before spawning.', 1);
INSERT INTO entities VALUES ('02ecf35e-5cd3-46ba-a9b2-507ddad25f66', 'Red Nose');
INSERT INTO entityEntityTypeXrefs VALUES ('dc9bdbf0-bd1f-4f9d-ab34-5c4b18f9dbfc', '02ecf35e-5cd3-46ba-a9b2-507ddad25f66', 'fad68042-616d-4145-9d6d-60c20873e1eb');
INSERT INTO markers VALUES ('8e4c07c0-c2ef-4b27-85b6-871297667d66', '02ecf35e-5cd3-46ba-a9b2-507ddad25f66', -71.87674, -85.01221, 'e6b233b8-aff3-4550-8f6c-9a4c8dd26c6e');
INSERT INTO images VALUES('d6763e83-29b2-4593-90e4-202744f79059', '02ecf35e-5cd3-46ba-a9b2-507ddad25f66', 'http://i.imgur.com/oEadYIP.png');
INSERT INTO notes VALUES('dd9ee95c-7615-4f43-8b07-496d7c798af4', '02ecf35e-5cd3-46ba-a9b2-507ddad25f66', 'Scroll Boss: Red Nose
World Boss: Red Nose', 1);
INSERT INTO entities VALUES ('4c2fced9-ff3e-42f5-9d5f-656740b87eba', 'Red Nose');
INSERT INTO entityEntityTypeXrefs VALUES ('e905707c-9849-4ecb-a85e-d50ad184f417', '4c2fced9-ff3e-42f5-9d5f-656740b87eba', 'fad68042-616d-4145-9d6d-60c20873e1eb');
INSERT INTO circles VALUES ('d468140e-fdf9-4a2c-b5be-77ca720188fc', '4c2fced9-ff3e-42f5-9d5f-656740b87eba', -71.87674, -85.01221, 11000, 'red', 'red');
INSERT INTO images VALUES('a0202a8d-72d3-45b6-9fca-f32ba7e165c4', '4c2fced9-ff3e-42f5-9d5f-656740b87eba', 'http://i.imgur.com/oEadYIP.png');
INSERT INTO notes VALUES('0a630712-fcd4-4034-8e1d-bc5ccbffb0df', '4c2fced9-ff3e-42f5-9d5f-656740b87eba', 'Scroll Boss: Red Nose
World Boss: Red Nose', 1);
INSERT INTO entities VALUES ('095620d5-acc1-435a-a72a-fe9ed0d7ecb1', 'Troll Boss');
INSERT INTO entityEntityTypeXrefs VALUES ('0948ec9a-1459-4ca3-92d5-c0384294caee', '095620d5-acc1-435a-a72a-fe9ed0d7ecb1', 'fad68042-616d-4145-9d6d-60c20873e1eb');
INSERT INTO markers VALUES ('856e3f8d-d2fe-4dcf-9e60-7ce660f3dcca', '095620d5-acc1-435a-a72a-fe9ed0d7ecb1', -74.39034, -125.15625, 'e6b233b8-aff3-4550-8f6c-9a4c8dd26c6e');
INSERT INTO notes VALUES('dd4bd195-55d6-4c07-a2ed-f03f78a8b906', '095620d5-acc1-435a-a72a-fe9ed0d7ecb1', 'Scroll Boss: Troll', 1);
INSERT INTO entities VALUES ('b17ab1d2-c844-4aec-8375-9b0697a96db9', 'Troll Boss');
INSERT INTO entityEntityTypeXrefs VALUES ('e649affd-6d14-447e-8ef4-59b4c3f3d224', 'b17ab1d2-c844-4aec-8375-9b0697a96db9', 'fad68042-616d-4145-9d6d-60c20873e1eb');
INSERT INTO circles VALUES ('189b70e5-2f6b-4a8c-a713-8c00561c16c2', 'b17ab1d2-c844-4aec-8375-9b0697a96db9', -74.39034, -125.15625, 11000, 'red', 'red');
INSERT INTO notes VALUES('98116f68-bb6f-44bd-889e-38d7c3902de7', 'b17ab1d2-c844-4aec-8375-9b0697a96db9', 'Scroll Boss: Troll', 1);
INSERT INTO entities VALUES ('009535c4-f2ca-4633-90cf-a999bcd5f0bc', 'Hebetate Tree Spirits');
INSERT INTO entityEntityTypeXrefs VALUES ('228dd64f-2e6d-4bf0-84da-4a001d13ba07', '009535c4-f2ca-4633-90cf-a999bcd5f0bc', 'fad68042-616d-4145-9d6d-60c20873e1eb');
INSERT INTO markers VALUES ('23d509a0-30f6-44c7-80b5-1e7c4016a112', '009535c4-f2ca-4633-90cf-a999bcd5f0bc', -79.38390486, -110.8959961, 'e6b233b8-aff3-4550-8f6c-9a4c8dd26c6e');
INSERT INTO notes VALUES('0f8a4baa-111c-4760-a763-a3e3cce3939c', '009535c4-f2ca-4633-90cf-a999bcd5f0bc', 'Scroll Boss: Hebetate Tree Spirits', 1);
INSERT INTO entities VALUES ('cf2f5574-4d6e-4d8e-bd26-483ab1e625a5', 'Hebetate Tree Spirits');
INSERT INTO entityEntityTypeXrefs VALUES ('bb25a39d-68f8-4018-92ab-ba6bdc8257e0', 'cf2f5574-4d6e-4d8e-bd26-483ab1e625a5', 'fad68042-616d-4145-9d6d-60c20873e1eb');
INSERT INTO circles VALUES ('33c8ac2f-d44c-4f4c-be92-c58c481415c6', 'cf2f5574-4d6e-4d8e-bd26-483ab1e625a5', -79.38390486, -110.8959961, 11000, 'red', 'red');
INSERT INTO notes VALUES('2565a650-7945-42c5-b7cb-f8a546ea6784', 'cf2f5574-4d6e-4d8e-bd26-483ab1e625a5', 'Scroll Boss: Hebetate Tree Spirits', 1);
INSERT INTO entityTypes VALUES ('140ebb38-16d2-482f-a6f5-3c61d777324e', NULL, 'Wood Gathering', TRUE);
INSERT INTO entities VALUES ('5a073d83-6995-449e-8c73-762510e341fb', 'Birch Trees');
INSERT INTO entityEntityTypeXrefs VALUES ('789f4034-a7ae-465b-8a11-d4a9d1a34a09', '5a073d83-6995-449e-8c73-762510e341fb', '140ebb38-16d2-482f-a6f5-3c61d777324e');
INSERT INTO polygons VALUES ('d533271e-0b82-4a9c-99e6-6312c8afa468', '5a073d83-6995-449e-8c73-762510e341fb', '[[-75.61772069705145, -110.5224609375],[-73.75120539084017, -109.51171875],[-72.47527631092942, -119.70703125],[-73.46598351882643, -124.365234375],[-74.84492867694821, -125.94726562499999],[-75.70478638174053, -125.0244140625]]');
INSERT INTO entities VALUES ('ce83b960-9a51-47dd-b366-d5efcd35690c', 'Pine & Birch Trees');
INSERT INTO entityEntityTypeXrefs VALUES ('3560fa66-9121-4e8c-b3e7-2954c8afa44f', 'ce83b960-9a51-47dd-b366-d5efcd35690c', '140ebb38-16d2-482f-a6f5-3c61d777324e');
INSERT INTO polygons VALUES ('de667ce0-8abf-423e-98dd-d9ec8c0967ed', 'ce83b960-9a51-47dd-b366-d5efcd35690c', '[[-78.49055166160312, -114.12597656249999],[-78.54740718204249, -111.09374999999999],[-78.01188959823632, -109.44580078125],[-78.18408773633777, -101.953125],[-77.51362404249463, -102.98583984374999],[-75.72647204234687, -98.173828125],[-74.25973837093129, -102.6123046875],[-74.07992472707889, -108.80859375],[-77.5515723937156, -111.533203125],[-77.65534600967777, -113.8623046875]]');
INSERT INTO entities VALUES ('10e3e8f2-6985-458c-84e0-5e60b8619f33', 'Ash Trees');
INSERT INTO entityEntityTypeXrefs VALUES ('901546a8-1ac4-422f-9012-919551fddf62', '10e3e8f2-6985-458c-84e0-5e60b8619f33', '140ebb38-16d2-482f-a6f5-3c61d777324e');
INSERT INTO polygons VALUES ('66363936-cc17-4e5d-9111-00a72056d253', '10e3e8f2-6985-458c-84e0-5e60b8619f33', '[[-78.33164847573174, -128.232421875],[-78.59529919212491, -132.8466796875],[-77.86034459764655, -134.5166015625],[-76.18499546094715, -130.95703125],[-76.25825951133778, -124.67285156250001],[-77.3895040053973, -124.1015625],[-77.61770905279674, -127.72705078124999]]');
INSERT INTO entities VALUES ('19f67973-8103-4602-9042-408cb6a2fe66', 'Birch & Cedar Trees');
INSERT INTO entityEntityTypeXrefs VALUES ('99671442-b69b-4f50-b36b-4809263f5d4d', '19f67973-8103-4602-9042-408cb6a2fe66', '140ebb38-16d2-482f-a6f5-3c61d777324e');
INSERT INTO polygons VALUES ('1e536ae1-cf5d-480b-8486-931586ce4bdb', '19f67973-8103-4602-9042-408cb6a2fe66', '[[-79.18371183531977, -117.18017578125],[-79.44445301629949, -112.412109375],[-80.40472597853082, -111.4892578125],[-80.33488667580171, -119.92675781249999],[-79.912853863685, -120.43212890625],[-79.87429692631282, -118.45458984375]]');
INSERT INTO entities VALUES ('ffd43e92-68d9-492f-b4dc-5f747b169e0f', 'Cedar Trees');
INSERT INTO entityEntityTypeXrefs VALUES ('f19d5d34-1c55-47f4-ad28-1cd6dd2035b1', 'ffd43e92-68d9-492f-b4dc-5f747b169e0f', '140ebb38-16d2-482f-a6f5-3c61d777324e');
INSERT INTO polygons VALUES ('c9731500-2a77-4482-92d4-c60be1ee7204', 'ffd43e92-68d9-492f-b4dc-5f747b169e0f', '[[-79.14653825419713, -116.65283203124999],[-78.87852828127828, -117.0703125],[-78.72061466471489, -110.41259765625],[-78.34941069014627, -109.13818359375],[-78.38485516080925, -102.3046875],[-78.98398886594947, -103.0517578125],[-79.6674976157923, -105.29296874999999]]');
INSERT INTO entities VALUES ('7cafb3d6-207f-40d4-9fff-a7cefa698775', 'Fir, Cedar & Pine Trees');
INSERT INTO entityEntityTypeXrefs VALUES ('16cc5341-6f9f-478f-93a7-98de65299155', '7cafb3d6-207f-40d4-9fff-a7cefa698775', '140ebb38-16d2-482f-a6f5-3c61d777324e');
INSERT INTO polygons VALUES ('78c185dc-7c16-4acc-855f-c4be9973f0b2', '7cafb3d6-207f-40d4-9fff-a7cefa698775', '[[-79.68718415450823, -123.0908203125],[-79.07181201408545, -135.3076171875],[-82.02747547132029, -141.240234375],[-83.25709720189782, -128.80371093749997],[-84.00226238768552, -125.2880859375],[-82.64259654376444, -128.3642578125]]');
INSERT INTO entities VALUES ('bcd74c4b-4e84-4377-9534-95a0a4b9446e', 'Maple Trees');
INSERT INTO entityEntityTypeXrefs VALUES ('356b4c5c-131f-4acf-9696-3ac98de268f3', 'bcd74c4b-4e84-4377-9534-95a0a4b9446e', '140ebb38-16d2-482f-a6f5-3c61d777324e');
INSERT INTO polygons VALUES ('55e18ec0-885e-4f5a-a2f8-6916acbb6061', 'bcd74c4b-4e84-4377-9534-95a0a4b9446e', '[[-80.55733847711531, -110.9619140625],[-80.58253901012532, -115.81787109375],[-81.30832090051811, -114.49951171875],[-81.29170291808761, -106.63330078125]]');
INSERT INTO entityTypes VALUES ('b26e2af0-1074-4d91-a1da-588d909937a3', NULL, 'Rainbow Nodes', TRUE);
INSERT INTO entities VALUES ('9f180204-ebcf-4a41-9b66-dd674eb9f77f', 'rainbow stone');
INSERT INTO entityEntityTypeXrefs VALUES ('8e5cef02-952f-4ba9-a089-e76b4250baff', '9f180204-ebcf-4a41-9b66-dd674eb9f77f', 'b26e2af0-1074-4d91-a1da-588d909937a3');
INSERT INTO markers VALUES ('543a03fb-01e4-4939-be7c-51a50272d9b6', '9f180204-ebcf-4a41-9b66-dd674eb9f77f', -77.1376118, -52.40478516, '5639f780-e688-4d7b-87ff-fd5d8bcb9010');
INSERT INTO images VALUES('71a7bbbf-c949-4169-95e4-fa0e7a0f365d', '9f180204-ebcf-4a41-9b66-dd674eb9f77f', 'https://gyazo.com/c808f0db335f0e3fe3c3b47a5cdd924c');
INSERT INTO notes VALUES('e25d6468-ef2b-43a4-80b3-7c895c75edf7', '9f180204-ebcf-4a41-9b66-dd674eb9f77f', '1st node', 1);
INSERT INTO entities VALUES ('268c1b2f-4431-4384-81b5-47f45c8b1892', 'rainbow stone');
INSERT INTO entityEntityTypeXrefs VALUES ('ac186583-e50e-4774-814a-efec531cf6c3', '268c1b2f-4431-4384-81b5-47f45c8b1892', 'b26e2af0-1074-4d91-a1da-588d909937a3');
INSERT INTO circles VALUES ('5bdd6257-2e86-4c8e-8f83-c1e8c378de44', '268c1b2f-4431-4384-81b5-47f45c8b1892', -77.1376118, -52.40478516, 11000, 'purple', 'purple');
INSERT INTO images VALUES('7806642e-87fe-4b47-b591-e443fb77d948', '268c1b2f-4431-4384-81b5-47f45c8b1892', 'https://gyazo.com/c808f0db335f0e3fe3c3b47a5cdd924c');
INSERT INTO notes VALUES('7b283f82-1955-4644-986c-3205414aa33c', '268c1b2f-4431-4384-81b5-47f45c8b1892', '1st node', 1);
INSERT INTO entities VALUES ('0c845f20-b1b4-4d8f-85da-39b9cec77a7d', 'rainbow stone II');
INSERT INTO entityEntityTypeXrefs VALUES ('7dd6c742-dd10-4617-9f41-1a1428eeab8b', '0c845f20-b1b4-4d8f-85da-39b9cec77a7d', 'b26e2af0-1074-4d91-a1da-588d909937a3');
INSERT INTO markers VALUES ('43cbc393-ea7f-4ec7-85da-8b3f7330a29a', '0c845f20-b1b4-4d8f-85da-39b9cec77a7d', -76.99004583, -52.97607422, '5639f780-e688-4d7b-87ff-fd5d8bcb9010');
INSERT INTO images VALUES('4ed522c2-4ba4-424b-a0a7-45651a61c86b', '0c845f20-b1b4-4d8f-85da-39b9cec77a7d', 'https://gyazo.com/5af2793307fc2d77ed88a6d5fe4fec95');
INSERT INTO notes VALUES('77b2b810-dc75-4b11-ac10-739d3d853f66', '0c845f20-b1b4-4d8f-85da-39b9cec77a7d', 'climb rocks. look behind bush.', 1);
INSERT INTO entities VALUES ('57d607a7-6793-4c40-a564-b94fb1691b07', 'rainbow stone II');
INSERT INTO entityEntityTypeXrefs VALUES ('0c078439-0c77-4b81-9012-b7998d5c106e', '57d607a7-6793-4c40-a564-b94fb1691b07', 'b26e2af0-1074-4d91-a1da-588d909937a3');
INSERT INTO circles VALUES ('84f260f1-cdb7-4c78-8699-f61a1490a16e', '57d607a7-6793-4c40-a564-b94fb1691b07', -76.99004583, -52.97607422, 11000, 'purple', 'purple');
INSERT INTO images VALUES('4e0f421e-95ad-45ae-85a5-8a4baa32d0d4', '57d607a7-6793-4c40-a564-b94fb1691b07', 'https://gyazo.com/5af2793307fc2d77ed88a6d5fe4fec95');
INSERT INTO notes VALUES('ed8c6787-773e-45c6-94ab-5d2c4e055ef9', '57d607a7-6793-4c40-a564-b94fb1691b07', 'climb rocks. look behind bush.', 1);
INSERT INTO entities VALUES ('d4c08be8-ae89-4be2-98b1-a719a550055e', 'rainbow stone III');
INSERT INTO entityEntityTypeXrefs VALUES ('b0db2aca-8976-4ab8-aaef-b03693bece57', 'd4c08be8-ae89-4be2-98b1-a719a550055e', 'b26e2af0-1074-4d91-a1da-588d909937a3');
INSERT INTO markers VALUES ('f14f824c-6d32-4ae3-91c5-ec87892797ee', 'd4c08be8-ae89-4be2-98b1-a719a550055e', -76.72022329, -51.13037109, '5639f780-e688-4d7b-87ff-fd5d8bcb9010');
INSERT INTO images VALUES('332d181e-9340-4f7e-bbee-0c94c70bca56', 'd4c08be8-ae89-4be2-98b1-a719a550055e', 'https://gyazo.com/666d8bed0a69d881338942977594c66d');
INSERT INTO notes VALUES('a54c4cd6-4362-43f6-9e48-8da919807ec5', 'd4c08be8-ae89-4be2-98b1-a719a550055e', 'up the side of yellow-ish rock', 1);
INSERT INTO entities VALUES ('d7935541-436a-4777-b172-07be2ddfe879', 'rainbow stone III');
INSERT INTO entityEntityTypeXrefs VALUES ('cd793d22-2448-4a5d-a90d-1704f1317533', 'd7935541-436a-4777-b172-07be2ddfe879', 'b26e2af0-1074-4d91-a1da-588d909937a3');
INSERT INTO circles VALUES ('336502ad-11fd-4421-83b0-45b5e619e757', 'd7935541-436a-4777-b172-07be2ddfe879', -76.72022329, -51.13037109, 11000, 'purple', 'purple');
INSERT INTO images VALUES('2bafb5b6-ad70-4741-a609-29aa67a9bb16', 'd7935541-436a-4777-b172-07be2ddfe879', 'https://gyazo.com/666d8bed0a69d881338942977594c66d');
INSERT INTO notes VALUES('ec56a51a-e258-4cfd-b601-8910e907b9bb', 'd7935541-436a-4777-b172-07be2ddfe879', 'up the side of yellow-ish rock', 1);
INSERT INTO entities VALUES ('3b7aa651-5741-4018-becb-3b1a6cbceaa4', 'rainbow stone IV');
INSERT INTO entityEntityTypeXrefs VALUES ('308ceff5-63b0-479f-8926-171d59ac155f', '3b7aa651-5741-4018-becb-3b1a6cbceaa4', 'b26e2af0-1074-4d91-a1da-588d909937a3');
INSERT INTO markers VALUES ('0cb22bec-7ac9-414d-838a-5ce1f2825ba1', '3b7aa651-5741-4018-becb-3b1a6cbceaa4', -76.78567868, -54.58007812, '5639f780-e688-4d7b-87ff-fd5d8bcb9010');
INSERT INTO images VALUES('927c782b-c091-4303-b43a-f33c309651cb', '3b7aa651-5741-4018-becb-3b1a6cbceaa4', 'https://gyazo.com/3c89e6a7d8fe2f03e1f38346dfe45737');
INSERT INTO notes VALUES('451c3e47-76bc-44a3-9360-e1ec8eaf8e3b', '3b7aa651-5741-4018-becb-3b1a6cbceaa4', 'hidden behind stone ledge from stone #2', 1);
INSERT INTO entities VALUES ('7ca23ed5-6a53-4fa1-abe4-0e0336ba8e26', 'rainbow stone IV');
INSERT INTO entityEntityTypeXrefs VALUES ('b1e9341a-39a8-40f1-850c-d882ba7d2ec2', '7ca23ed5-6a53-4fa1-abe4-0e0336ba8e26', 'b26e2af0-1074-4d91-a1da-588d909937a3');
INSERT INTO circles VALUES ('87434105-5bfe-4c0e-bb49-9084682ca696', '7ca23ed5-6a53-4fa1-abe4-0e0336ba8e26', -76.78567868, -54.58007812, 11000, 'purple', 'purple');
INSERT INTO images VALUES('72602ca0-cd94-48a2-9555-b2ee9caf1d5e', '7ca23ed5-6a53-4fa1-abe4-0e0336ba8e26', 'https://gyazo.com/3c89e6a7d8fe2f03e1f38346dfe45737');
INSERT INTO notes VALUES('25f88bd9-a8f2-4483-891a-e457adcf26b4', '7ca23ed5-6a53-4fa1-abe4-0e0336ba8e26', 'hidden behind stone ledge from stone #2', 1);
INSERT INTO entities VALUES ('92881931-0509-4107-a1ca-5e543c43f350', 'rainbow stone V');
INSERT INTO entityEntityTypeXrefs VALUES ('1caea879-6db6-4db4-bd9d-207b94530864', '92881931-0509-4107-a1ca-5e543c43f350', 'b26e2af0-1074-4d91-a1da-588d909937a3');
INSERT INTO markers VALUES ('0b7cc2ce-03f2-44c1-8e86-81033aab0627', '92881931-0509-4107-a1ca-5e543c43f350', -76.55263411, -53.41552734, '5639f780-e688-4d7b-87ff-fd5d8bcb9010');
INSERT INTO images VALUES('1cd75b4c-51cd-408b-988b-d214909121e4', '92881931-0509-4107-a1ca-5e543c43f350', 'https://gyazo.com/bfaa96733d97013cd375fbd4519919be');
INSERT INTO entities VALUES ('6f7192fb-8056-4f5b-b3cd-20943ab05682', 'rainbow stone V');
INSERT INTO entityEntityTypeXrefs VALUES ('c227a34d-f645-4d80-b57e-935849fb94ab', '6f7192fb-8056-4f5b-b3cd-20943ab05682', 'b26e2af0-1074-4d91-a1da-588d909937a3');
INSERT INTO circles VALUES ('f249ed9d-a22d-4c92-b97a-8fa5fca4ae16', '6f7192fb-8056-4f5b-b3cd-20943ab05682', -76.55263411, -53.41552734, 11000, 'purple', 'purple');
INSERT INTO images VALUES('2d0d1658-db3a-47e9-a26d-f6aeae2775a9', '6f7192fb-8056-4f5b-b3cd-20943ab05682', 'https://gyazo.com/bfaa96733d97013cd375fbd4519919be');
INSERT INTO entities VALUES ('0dc5bfc5-6fb1-44d6-a406-e2243af2467c', 'rainbow stone VI');
INSERT INTO entityEntityTypeXrefs VALUES ('e7ecd575-311d-4f02-9365-6a59bd19cf02', '0dc5bfc5-6fb1-44d6-a406-e2243af2467c', 'b26e2af0-1074-4d91-a1da-588d909937a3');
INSERT INTO markers VALUES ('6aa6855b-5015-4af3-a7ea-169aa3c16474', '0dc5bfc5-6fb1-44d6-a406-e2243af2467c', -76.47063313, -53.7890625, '5639f780-e688-4d7b-87ff-fd5d8bcb9010');
INSERT INTO images VALUES('69962d97-3958-499c-947f-9753229694d6', '0dc5bfc5-6fb1-44d6-a406-e2243af2467c', 'https://gyazo.com/8bc1c1a6fd29e81d22ca31890210398a');
INSERT INTO entities VALUES ('7b3058e8-f5a3-4d7a-83f1-ac5e591df3c9', 'rainbow stone VI');
INSERT INTO entityEntityTypeXrefs VALUES ('99ad73b9-eea3-4028-ab1d-b7feb6fe4593', '7b3058e8-f5a3-4d7a-83f1-ac5e591df3c9', 'b26e2af0-1074-4d91-a1da-588d909937a3');
INSERT INTO circles VALUES ('c69d9b9a-5bb4-44a7-afe0-3b4e0719cbe5', '7b3058e8-f5a3-4d7a-83f1-ac5e591df3c9', -76.47063313, -53.7890625, 11000, 'purple', 'purple');
INSERT INTO images VALUES('8401460a-1ced-4caa-a447-43595d6bf820', '7b3058e8-f5a3-4d7a-83f1-ac5e591df3c9', 'https://gyazo.com/8bc1c1a6fd29e81d22ca31890210398a');
INSERT INTO entities VALUES ('ad016607-6c5a-4eec-a5f8-ed4e00dbb843', 'rainbow stone VII');
INSERT INTO entityEntityTypeXrefs VALUES ('2ed20f99-070f-4b71-af86-435e226f3b8e', 'ad016607-6c5a-4eec-a5f8-ed4e00dbb843', 'b26e2af0-1074-4d91-a1da-588d909937a3');
INSERT INTO markers VALUES ('251f9d0a-4e0b-40b4-994c-0d64da2d6301', 'ad016607-6c5a-4eec-a5f8-ed4e00dbb843', -76.39847989, -52.86621094, '5639f780-e688-4d7b-87ff-fd5d8bcb9010');
INSERT INTO images VALUES('74da6190-ea3b-4ce3-a5b1-aec5636d8cb5', 'ad016607-6c5a-4eec-a5f8-ed4e00dbb843', 'https://gyazo.com/9b2c272004df5422733cb961fcc0bdb9');
INSERT INTO entities VALUES ('9fbaa4f7-1abc-4079-8eea-5314f1426c3c', 'rainbow stone VII');
INSERT INTO entityEntityTypeXrefs VALUES ('5865aaf2-156a-465c-a33e-32a231cf0fcd', '9fbaa4f7-1abc-4079-8eea-5314f1426c3c', 'b26e2af0-1074-4d91-a1da-588d909937a3');
INSERT INTO circles VALUES ('a539a7b2-28cb-4cf6-83d4-50453960c54a', '9fbaa4f7-1abc-4079-8eea-5314f1426c3c', -76.39847989, -52.86621094, 11000, 'purple', 'purple');
INSERT INTO images VALUES('eb35bc88-669b-48cb-8a34-d024bf2ae127', '9fbaa4f7-1abc-4079-8eea-5314f1426c3c', 'https://gyazo.com/9b2c272004df5422733cb961fcc0bdb9');
INSERT INTO entities VALUES ('f8fc53e9-9e5c-4d15-b6ee-9bb35e04d8a9', 'rainbow stone VIII');
INSERT INTO entityEntityTypeXrefs VALUES ('02201c53-01fb-478a-acf9-d25404035cb6', 'f8fc53e9-9e5c-4d15-b6ee-9bb35e04d8a9', 'b26e2af0-1074-4d91-a1da-588d909937a3');
INSERT INTO markers VALUES ('819a960b-0055-414c-9b62-78737b9009b7', 'f8fc53e9-9e5c-4d15-b6ee-9bb35e04d8a9', -76.01609366, -55.15136719, '5639f780-e688-4d7b-87ff-fd5d8bcb9010');
INSERT INTO images VALUES('d8761dd2-e64e-485f-95e3-5fb299bd17a2', 'f8fc53e9-9e5c-4d15-b6ee-9bb35e04d8a9', 'https://gyazo.com/b7a9992a0fe08949572420113c190ece');
INSERT INTO entities VALUES ('62eb12c2-3b9d-4b66-afc9-3bb4deefba1b', 'rainbow stone VIII');
INSERT INTO entityEntityTypeXrefs VALUES ('17d384ce-ec27-454b-be38-f91c549efaa9', '62eb12c2-3b9d-4b66-afc9-3bb4deefba1b', 'b26e2af0-1074-4d91-a1da-588d909937a3');
INSERT INTO circles VALUES ('148d25da-64c1-418a-80f6-0224906734f4', '62eb12c2-3b9d-4b66-afc9-3bb4deefba1b', -76.01609366, -55.15136719, 11000, 'purple', 'purple');
INSERT INTO images VALUES('72b22a8e-de40-4289-a2fe-0bcd0c72aa8c', '62eb12c2-3b9d-4b66-afc9-3bb4deefba1b', 'https://gyazo.com/b7a9992a0fe08949572420113c190ece');
INSERT INTO entities VALUES ('d6f9eb2a-c2c1-4722-b07b-04f259a6533c', 'rainbow stone IX');
INSERT INTO entityEntityTypeXrefs VALUES ('b60b03b0-f9dd-488c-9dfe-643d3f7b0838', 'd6f9eb2a-c2c1-4722-b07b-04f259a6533c', 'b26e2af0-1074-4d91-a1da-588d909937a3');
INSERT INTO markers VALUES ('67643495-9732-460e-ae40-4589af212351', 'd6f9eb2a-c2c1-4722-b07b-04f259a6533c', -76.05321304, -56.82128906, '5639f780-e688-4d7b-87ff-fd5d8bcb9010');
INSERT INTO images VALUES('7a18544b-18c2-43bb-ac6d-ba7accefe1b2', 'd6f9eb2a-c2c1-4722-b07b-04f259a6533c', 'https://gyazo.com/88135c50654b27a2367695299acc4f7f');
INSERT INTO entities VALUES ('00eded63-1ca2-4f67-8f41-ffb844bfcee4', 'rainbow stone IX');
INSERT INTO entityEntityTypeXrefs VALUES ('ba10c4f5-c600-4aef-bd26-dd89467a4ddc', '00eded63-1ca2-4f67-8f41-ffb844bfcee4', 'b26e2af0-1074-4d91-a1da-588d909937a3');
INSERT INTO circles VALUES ('e63fbd25-a6d3-4e64-8411-25f2c0ad73fb', '00eded63-1ca2-4f67-8f41-ffb844bfcee4', -76.05321304, -56.82128906, 11000, 'purple', 'purple');
INSERT INTO images VALUES('4879d5ba-bee8-42b4-8471-b1ede256e110', '00eded63-1ca2-4f67-8f41-ffb844bfcee4', 'https://gyazo.com/88135c50654b27a2367695299acc4f7f');
INSERT INTO entities VALUES ('b893eab6-78d9-406e-9e64-b609c0cbb297', 'rainbow stone X');
INSERT INTO entityEntityTypeXrefs VALUES ('3bfeac32-a456-494c-9cc0-091f648160b5', 'b893eab6-78d9-406e-9e64-b609c0cbb297', 'b26e2af0-1074-4d91-a1da-588d909937a3');
INSERT INTO markers VALUES ('7fc13811-d094-4238-8cc1-2abc1c718c6e', 'b893eab6-78d9-406e-9e64-b609c0cbb297', -75.95756751, -56.55761719, '5639f780-e688-4d7b-87ff-fd5d8bcb9010');
INSERT INTO images VALUES('1a6a334f-52b7-4ae1-9ac7-4d5d4502b9e4', 'b893eab6-78d9-406e-9e64-b609c0cbb297', 'https://gyazo.com/9f82133e6d3cb11d4cdac72aa8b361f5');
INSERT INTO entities VALUES ('804d7686-ed0f-4bf0-9002-2a0f1e4e967e', 'rainbow stone X');
INSERT INTO entityEntityTypeXrefs VALUES ('b07736cd-4451-4d26-8f20-91c510c74ee1', '804d7686-ed0f-4bf0-9002-2a0f1e4e967e', 'b26e2af0-1074-4d91-a1da-588d909937a3');
INSERT INTO circles VALUES ('8fa7b470-80a8-4e2a-a49b-9c6ef9e47cff', '804d7686-ed0f-4bf0-9002-2a0f1e4e967e', -75.95756751, -56.55761719, 11000, 'purple', 'purple');
INSERT INTO images VALUES('9cdc7155-9b9b-4df9-a09f-d2b9e5dcae4e', '804d7686-ed0f-4bf0-9002-2a0f1e4e967e', 'https://gyazo.com/9f82133e6d3cb11d4cdac72aa8b361f5');
INSERT INTO entities VALUES ('5e539a08-d27f-4356-a5e7-ced7314f2fe4', 'rainbow stone XI');
INSERT INTO entityEntityTypeXrefs VALUES ('a0c6a440-d9f7-4439-a14b-cb62f723b285', '5e539a08-d27f-4356-a5e7-ced7314f2fe4', 'b26e2af0-1074-4d91-a1da-588d909937a3');
INSERT INTO markers VALUES ('ab435a7e-41e3-403d-99b9-5005c5db93c5', '5e539a08-d27f-4356-a5e7-ced7314f2fe4', -75.69935993, -57.17285156, '5639f780-e688-4d7b-87ff-fd5d8bcb9010');
INSERT INTO images VALUES('dfb60ebc-c2d6-4a1e-9970-2fc840576e50', '5e539a08-d27f-4356-a5e7-ced7314f2fe4', 'https://gyazo.com/f61b368a614946e9c78c9124b2bf00e7');
INSERT INTO entities VALUES ('99bb78e5-9479-400f-a0c1-fb945a4bac93', 'rainbow stone XI');
INSERT INTO entityEntityTypeXrefs VALUES ('5c755021-6f00-419f-af51-e900b4591411', '99bb78e5-9479-400f-a0c1-fb945a4bac93', 'b26e2af0-1074-4d91-a1da-588d909937a3');
INSERT INTO circles VALUES ('65166e13-79fe-4efc-915a-a2ffa4a29d2d', '99bb78e5-9479-400f-a0c1-fb945a4bac93', -75.69935993, -57.17285156, 11000, 'purple', 'purple');
INSERT INTO images VALUES('6a1cd01c-bb19-433a-9270-2bfe055defdb', '99bb78e5-9479-400f-a0c1-fb945a4bac93', 'https://gyazo.com/f61b368a614946e9c78c9124b2bf00e7');
INSERT INTO entities VALUES ('47fe4972-b1b4-45de-933b-7160f565dc37', 'rainbow stone XII');
INSERT INTO entityEntityTypeXrefs VALUES ('23521c69-c3c8-4db4-83f7-db9b2ca6bf69', '47fe4972-b1b4-45de-933b-7160f565dc37', 'b26e2af0-1074-4d91-a1da-588d909937a3');
INSERT INTO markers VALUES ('67b3dac6-a53a-46e3-891a-ecb806803aa9', '47fe4972-b1b4-45de-933b-7160f565dc37', -75.48614809, -53.83300781, '5639f780-e688-4d7b-87ff-fd5d8bcb9010');
INSERT INTO images VALUES('666ad696-08b1-48bf-bd96-51d5196eb888', '47fe4972-b1b4-45de-933b-7160f565dc37', 'https://gyazo.com/fc15ee28c73d9e9215411b1c62cd20c9');
INSERT INTO entities VALUES ('f4c2d30c-57c3-4fc9-a2fe-5e77a7ab994a', 'rainbow stone XII');
INSERT INTO entityEntityTypeXrefs VALUES ('918bb912-7f63-4c7f-ad50-2b17fbeeb267', 'f4c2d30c-57c3-4fc9-a2fe-5e77a7ab994a', 'b26e2af0-1074-4d91-a1da-588d909937a3');
INSERT INTO circles VALUES ('23c310d9-9aa7-4dd5-a7d8-8ec7ecb2775b', 'f4c2d30c-57c3-4fc9-a2fe-5e77a7ab994a', -75.48614809, -53.83300781, 11000, 'purple', 'purple');
INSERT INTO images VALUES('a1cf8056-7cf5-4a2f-a7fd-22783f121ec5', 'f4c2d30c-57c3-4fc9-a2fe-5e77a7ab994a', 'https://gyazo.com/fc15ee28c73d9e9215411b1c62cd20c9');
INSERT INTO entities VALUES ('3d7f030a-d44c-463c-afe4-b64b5fc024e6', 'rainbow stone XIII');
INSERT INTO entityEntityTypeXrefs VALUES ('0601b7e2-3f2e-43c9-a37b-96ace007bf93', '3d7f030a-d44c-463c-afe4-b64b5fc024e6', 'b26e2af0-1074-4d91-a1da-588d909937a3');
INSERT INTO markers VALUES ('9bf1b6b4-6b0d-442a-98b5-b6c15f7f5a07', '3d7f030a-d44c-463c-afe4-b64b5fc024e6', -75.28099643, -53.26171875, '5639f780-e688-4d7b-87ff-fd5d8bcb9010');
INSERT INTO images VALUES('bfc9cc45-4d45-494e-a90e-9ff0b28cfd17', '3d7f030a-d44c-463c-afe4-b64b5fc024e6', 'https://gyazo.com/a6190da67033633a62abd640d21d58da');
INSERT INTO entities VALUES ('b2b84dad-f884-492f-b469-f50fadc2fefa', 'rainbow stone XIII');
INSERT INTO entityEntityTypeXrefs VALUES ('283ae16c-5fd3-49dd-bb94-a81712cd7d13', 'b2b84dad-f884-492f-b469-f50fadc2fefa', 'b26e2af0-1074-4d91-a1da-588d909937a3');
INSERT INTO circles VALUES ('43780725-fe2a-4ddc-a7e1-4444add8233e', 'b2b84dad-f884-492f-b469-f50fadc2fefa', -75.28099643, -53.26171875, 11000, 'purple', 'purple');
INSERT INTO images VALUES('f5610985-fdaf-4c6e-bb7f-7ed681d18f63', 'b2b84dad-f884-492f-b469-f50fadc2fefa', 'https://gyazo.com/a6190da67033633a62abd640d21d58da');
INSERT INTO entities VALUES ('8a12b3be-1651-403e-9b01-995b0d1bfb6f', 'rainbow stone XIV');
INSERT INTO entityEntityTypeXrefs VALUES ('bce818ad-c929-477c-ba3b-80f4986c32f3', '8a12b3be-1651-403e-9b01-995b0d1bfb6f', 'b26e2af0-1074-4d91-a1da-588d909937a3');
INSERT INTO markers VALUES ('5c562807-0a0b-471f-9453-3639626ce80b', '8a12b3be-1651-403e-9b01-995b0d1bfb6f', -75.28099643, -52.51464844, '5639f780-e688-4d7b-87ff-fd5d8bcb9010');
INSERT INTO images VALUES('184bbe02-daca-4b32-b862-3b31b7d72940', '8a12b3be-1651-403e-9b01-995b0d1bfb6f', 'https://gyazo.com/e845415d1dbc2878780e90b2ed37a504');
INSERT INTO entities VALUES ('39c47967-d20d-4469-93f5-2ad0ae91f612', 'rainbow stone XIV');
INSERT INTO entityEntityTypeXrefs VALUES ('f4926e9d-9dec-4037-a363-25dad12cb960', '39c47967-d20d-4469-93f5-2ad0ae91f612', 'b26e2af0-1074-4d91-a1da-588d909937a3');
INSERT INTO circles VALUES ('beafb60b-8003-4628-8c10-3231ce113105', '39c47967-d20d-4469-93f5-2ad0ae91f612', -75.28099643, -52.51464844, 11000, 'purple', 'purple');
INSERT INTO images VALUES('e324f186-2616-4b55-b76c-6ff153167a6b', '39c47967-d20d-4469-93f5-2ad0ae91f612', 'https://gyazo.com/e845415d1dbc2878780e90b2ed37a504');
INSERT INTO entities VALUES ('865a19da-e16e-4d2a-bef0-827c03df8b1f', 'rainbow stone XV');
INSERT INTO entityEntityTypeXrefs VALUES ('93079bd0-2626-4697-a990-ef578dc7af16', '865a19da-e16e-4d2a-bef0-827c03df8b1f', 'b26e2af0-1074-4d91-a1da-588d909937a3');
INSERT INTO markers VALUES ('da69cc5a-9ff1-4311-ab4d-55e0bae11582', '865a19da-e16e-4d2a-bef0-827c03df8b1f', -74.96509259, -55.50292969, '5639f780-e688-4d7b-87ff-fd5d8bcb9010');
INSERT INTO images VALUES('71430090-9a2b-465e-8caf-027246377e24', '865a19da-e16e-4d2a-bef0-827c03df8b1f', 'https://gyazo.com/d9b22cd7dc87645debf783247db14fb3');
INSERT INTO entities VALUES ('bb5f547f-184b-4eab-b67c-58f11ba6c6d4', 'rainbow stone XV');
INSERT INTO entityEntityTypeXrefs VALUES ('cbebc532-e87c-4166-ae3e-003d32582c05', 'bb5f547f-184b-4eab-b67c-58f11ba6c6d4', 'b26e2af0-1074-4d91-a1da-588d909937a3');
INSERT INTO circles VALUES ('9f943140-e260-4c73-b781-b9759ed72553', 'bb5f547f-184b-4eab-b67c-58f11ba6c6d4', -74.96509259, -55.50292969, 11000, 'purple', 'purple');
INSERT INTO images VALUES('5a0b06b0-4e74-4a07-bf00-45456a20d58c', 'bb5f547f-184b-4eab-b67c-58f11ba6c6d4', 'https://gyazo.com/d9b22cd7dc87645debf783247db14fb3');
INSERT INTO entities VALUES ('4f0d8f95-6d7c-4019-b0dd-da48b85d51f1', 'rainbow stone XVI');
INSERT INTO entityEntityTypeXrefs VALUES ('29727fcc-ffba-4a3d-9301-8c77782aa549', '4f0d8f95-6d7c-4019-b0dd-da48b85d51f1', 'b26e2af0-1074-4d91-a1da-588d909937a3');
INSERT INTO markers VALUES ('83629b38-8984-4220-bcb9-5b0d6fbbc5d0', '4f0d8f95-6d7c-4019-b0dd-da48b85d51f1', -74.85641315, -54.84375, '5639f780-e688-4d7b-87ff-fd5d8bcb9010');
INSERT INTO images VALUES('e697037c-3ac4-41f8-bff7-8a29ea2b419f', '4f0d8f95-6d7c-4019-b0dd-da48b85d51f1', 'https://gyazo.com/fee5e4d5821918a32881a680a09e5834');
INSERT INTO entities VALUES ('897231bb-47f5-42af-addd-c683af087e9a', 'rainbow stone XVI');
INSERT INTO entityEntityTypeXrefs VALUES ('4b1bc7e1-443b-4e75-b830-fb4dd3369de6', '897231bb-47f5-42af-addd-c683af087e9a', 'b26e2af0-1074-4d91-a1da-588d909937a3');
INSERT INTO circles VALUES ('b704b0f7-94a0-4c1e-ae13-beb84875f04c', '897231bb-47f5-42af-addd-c683af087e9a', -74.85641315, -54.84375, 11000, 'purple', 'purple');
INSERT INTO images VALUES('d3f1ab53-1ea5-46ea-a33f-8d3acdaf2d49', '897231bb-47f5-42af-addd-c683af087e9a', 'https://gyazo.com/fee5e4d5821918a32881a680a09e5834');
INSERT INTO entities VALUES ('986a789b-db05-4235-a9ad-328ed130d36a', 'rainbow stone XVII');
INSERT INTO entityEntityTypeXrefs VALUES ('e400ad23-696f-4b60-b115-5990c8af648a', '986a789b-db05-4235-a9ad-328ed130d36a', 'b26e2af0-1074-4d91-a1da-588d909937a3');
INSERT INTO markers VALUES ('92c30fa1-ce37-48ca-ba95-ef4ec68aba5b', '986a789b-db05-4235-a9ad-328ed130d36a', -74.59010801, -52.93212891, '5639f780-e688-4d7b-87ff-fd5d8bcb9010');
INSERT INTO images VALUES('f6638864-98ea-4378-83cd-f826ef4aa75c', '986a789b-db05-4235-a9ad-328ed130d36a', 'https://gyazo.com/f4f5692b2284d85d57f4a47a8204119e');
INSERT INTO entities VALUES ('1d5895c6-1dfa-4109-bfe6-e47691adf580', 'rainbow stone XVII');
INSERT INTO entityEntityTypeXrefs VALUES ('04f2cbe7-a60c-4b89-b88a-d2a291ddccf1', '1d5895c6-1dfa-4109-bfe6-e47691adf580', 'b26e2af0-1074-4d91-a1da-588d909937a3');
INSERT INTO circles VALUES ('2b56bf53-d9b9-462e-b6e0-2540ec0427d3', '1d5895c6-1dfa-4109-bfe6-e47691adf580', -74.59010801, -52.93212891, 11000, 'purple', 'purple');
INSERT INTO images VALUES('4ca2f3a0-15eb-49ca-957b-7c533d2cf0dc', '1d5895c6-1dfa-4109-bfe6-e47691adf580', 'https://gyazo.com/f4f5692b2284d85d57f4a47a8204119e');
INSERT INTO entities VALUES ('e3edb9b2-cabd-40d7-8f59-2645407a5c51', 'rainbow stone XVIII');
INSERT INTO entityEntityTypeXrefs VALUES ('523b4ec1-d8cc-4cde-90e1-3c18e818abf9', 'e3edb9b2-cabd-40d7-8f59-2645407a5c51', 'b26e2af0-1074-4d91-a1da-588d909937a3');
INSERT INTO markers VALUES ('ad709181-088b-4d82-af53-7598492425ad', 'e3edb9b2-cabd-40d7-8f59-2645407a5c51', -74.64838651, -50.38330078, '5639f780-e688-4d7b-87ff-fd5d8bcb9010');
INSERT INTO images VALUES('b68eb08d-113f-4499-b9cf-80b044067dae', 'e3edb9b2-cabd-40d7-8f59-2645407a5c51', 'https://gyazo.com/10ab577b83b82bcebf6515b71e7c837a');
INSERT INTO notes VALUES('04879ca6-0fde-47ef-8fc3-e7a95a73a608', 'e3edb9b2-cabd-40d7-8f59-2645407a5c51', 'hidden on path heading into mtn from where you jumped down.', 1);
INSERT INTO entities VALUES ('08909f85-afef-40cd-a308-7deb50029413', 'rainbow stone XVIII');
INSERT INTO entityEntityTypeXrefs VALUES ('8c0e293f-8f92-4bcc-a80a-07e0d286791b', '08909f85-afef-40cd-a308-7deb50029413', 'b26e2af0-1074-4d91-a1da-588d909937a3');
INSERT INTO circles VALUES ('66be41f7-bb81-478b-a9d9-a23bf5dadac4', '08909f85-afef-40cd-a308-7deb50029413', -74.64838651, -50.38330078, 11000, 'purple', 'purple');
INSERT INTO images VALUES('20b552dd-5230-4a54-8062-11477e6e22c0', '08909f85-afef-40cd-a308-7deb50029413', 'https://gyazo.com/10ab577b83b82bcebf6515b71e7c837a');
INSERT INTO notes VALUES('1bb8e556-8560-49f2-aa19-af13284ea1d2', '08909f85-afef-40cd-a308-7deb50029413', 'hidden on path heading into mtn from where you jumped down.', 1);
INSERT INTO entities VALUES ('054508b4-2991-4dc8-871f-88bf7dd1ec66', 'rainbow stone XIX');
INSERT INTO entityEntityTypeXrefs VALUES ('b29fac83-38a6-49c7-8372-dc2579f8e4d9', '054508b4-2991-4dc8-871f-88bf7dd1ec66', 'b26e2af0-1074-4d91-a1da-588d909937a3');
INSERT INTO markers VALUES ('3118bfbd-604d-461b-a662-358249f8568e', '054508b4-2991-4dc8-871f-88bf7dd1ec66', -74.74118496, -50.91064453, '5639f780-e688-4d7b-87ff-fd5d8bcb9010');
INSERT INTO images VALUES('b2492fed-7bfe-4204-854e-34f71808b6db', '054508b4-2991-4dc8-871f-88bf7dd1ec66', 'https://gyazo.com/e571f81b172069cd28075651675fd4de');
INSERT INTO notes VALUES('8858dfad-8b3a-4ab4-ae5c-8a064cfedba2', '054508b4-2991-4dc8-871f-88bf7dd1ec66', 'follow path to bottom', 1);
INSERT INTO entities VALUES ('4e068b05-ce10-4a3a-9dec-794937fa7c0e', 'rainbow stone XIX');
INSERT INTO entityEntityTypeXrefs VALUES ('a2d9089b-2db9-4227-aea0-19d0369f30f1', '4e068b05-ce10-4a3a-9dec-794937fa7c0e', 'b26e2af0-1074-4d91-a1da-588d909937a3');
INSERT INTO circles VALUES ('ea12fa29-4124-4fb2-b2f0-1c7fb8b17612', '4e068b05-ce10-4a3a-9dec-794937fa7c0e', -74.74118496, -50.91064453, 11000, 'purple', 'purple');
INSERT INTO images VALUES('0fa0c286-9d9b-4829-8037-de4b178ecfe1', '4e068b05-ce10-4a3a-9dec-794937fa7c0e', 'https://gyazo.com/e571f81b172069cd28075651675fd4de');
INSERT INTO notes VALUES('fe9abcf6-b736-46c3-8e69-e3e24edf77e2', '4e068b05-ce10-4a3a-9dec-794937fa7c0e', 'follow path to bottom', 1);
INSERT INTO entities VALUES ('74328cf8-e54f-4a90-84c0-4bdb547a420a', 'rainbow stone XX');
INSERT INTO entityEntityTypeXrefs VALUES ('119a7cdd-290b-4087-943a-bf3eea1d6a7a', '74328cf8-e54f-4a90-84c0-4bdb547a420a', 'b26e2af0-1074-4d91-a1da-588d909937a3');
INSERT INTO markers VALUES ('bf2d1659-ed8a-460e-9287-c34aaefeefbb', '74328cf8-e54f-4a90-84c0-4bdb547a420a', -75.05035357, -50.03173828, '5639f780-e688-4d7b-87ff-fd5d8bcb9010');
INSERT INTO images VALUES('ebdf2197-9e1b-4340-b5c7-2e5b47666cb5', '74328cf8-e54f-4a90-84c0-4bdb547a420a', 'https://gyazo.com/ad2939a961320cef923b25493fb28a99');
INSERT INTO notes VALUES('a3da1217-8202-401a-88b1-4c33630fd41d', '74328cf8-e54f-4a90-84c0-4bdb547a420a', 'outside of the opening at the bottom', 1);
INSERT INTO entities VALUES ('4ee05fdc-2d07-42ba-ad4a-6eadac9d3340', 'rainbow stone XX');
INSERT INTO entityEntityTypeXrefs VALUES ('8b5f5bb7-e108-4d2a-bf62-179574d6225d', '4ee05fdc-2d07-42ba-ad4a-6eadac9d3340', 'b26e2af0-1074-4d91-a1da-588d909937a3');
INSERT INTO circles VALUES ('99186bc3-a5e7-4898-b1ea-c9bdd225a1f7', '4ee05fdc-2d07-42ba-ad4a-6eadac9d3340', -75.05035357, -50.03173828, 11000, 'purple', 'purple');
INSERT INTO images VALUES('b390e7b3-22b2-4ba9-9008-ee39649086cd', '4ee05fdc-2d07-42ba-ad4a-6eadac9d3340', 'https://gyazo.com/ad2939a961320cef923b25493fb28a99');
INSERT INTO notes VALUES('81e047ac-6b0f-45af-ac35-fb19b96f1744', '4ee05fdc-2d07-42ba-ad4a-6eadac9d3340', 'outside of the opening at the bottom', 1);
INSERT INTO entities VALUES ('5a0d93bb-a83f-45eb-88fc-61e5f65bdfaf', 'rainbow stone XXI');
INSERT INTO entityEntityTypeXrefs VALUES ('69e0ed48-c992-4d4c-b816-a1811c928c7c', '5a0d93bb-a83f-45eb-88fc-61e5f65bdfaf', 'b26e2af0-1074-4d91-a1da-588d909937a3');
INSERT INTO markers VALUES ('b251a109-d4b4-4e45-b1d1-fe0dffa770dc', '5a0d93bb-a83f-45eb-88fc-61e5f65bdfaf', -75.05035357, -48.93310547, '5639f780-e688-4d7b-87ff-fd5d8bcb9010');
INSERT INTO images VALUES('0cfce38e-cfc6-4700-a6b0-dfb2cc19e9ca', '5a0d93bb-a83f-45eb-88fc-61e5f65bdfaf', 'https://gyazo.com/454f42b0b5fe910bb321dbcb3d1cab46');
INSERT INTO notes VALUES('2165693f-654f-4e3b-9b8e-422d4a0bff9b', '5a0d93bb-a83f-45eb-88fc-61e5f65bdfaf', 'outside of the opening at the bottom', 1);
INSERT INTO entities VALUES ('d646cf57-98b9-411d-baa4-3a269ad1077a', 'rainbow stone XXI');
INSERT INTO entityEntityTypeXrefs VALUES ('1034323e-0876-4aa0-a971-b17292de926f', 'd646cf57-98b9-411d-baa4-3a269ad1077a', 'b26e2af0-1074-4d91-a1da-588d909937a3');
INSERT INTO circles VALUES ('fa9d474a-f896-4eba-acbb-caf97de4d3ad', 'd646cf57-98b9-411d-baa4-3a269ad1077a', -75.05035357, -48.93310547, 11000, 'purple', 'purple');
INSERT INTO images VALUES('23c50412-3d81-458c-af25-22998dbf1987', 'd646cf57-98b9-411d-baa4-3a269ad1077a', 'https://gyazo.com/454f42b0b5fe910bb321dbcb3d1cab46');
INSERT INTO notes VALUES('09e880e6-2634-4be0-91e0-17de0366ad07', 'd646cf57-98b9-411d-baa4-3a269ad1077a', 'outside of the opening at the bottom', 1);
INSERT INTO entityTypes VALUES ('add13de0-f080-4db2-99ad-6467176c5ac2', NULL, 'Villages', TRUE);
INSERT INTO entityTypes VALUES ('1c292aed-cd8e-4d4f-8be9-896d66e2c387', NULL, 'Farms', TRUE);
INSERT INTO entityTypes VALUES ('a153f21a-2b0c-49d4-849d-0ab3fe75a9bf', NULL, 'Danger', TRUE);
INSERT INTO entityTypes VALUES ('49c21ef1-7f1f-4c9f-b447-ab24178a2fd7', NULL, 'Connect', TRUE);
INSERT INTO entityTypes VALUES ('1fd0e22f-eeda-4c31-8c6c-3d0022c0597c', NULL, 'Trade', TRUE);